name,uniprot_1,protein_1_gene_name,uniprot_2,protein_2_gene_name,uniprot_3,protein_3_gene_name,uniprot_4,protein_4_gene_name,adhesion,cytoplasm,extracellular,integrin_interaction,is_cellphone_ligand,is_cellphone_receptor,is_complex,iuhpar_ligand,other,other_desc,peripheral,receptor,receptor_desc,receptor_highlight,secreted_desc,secreted_highlight,secretion,transmembrane,transporter,entry_name_1,entry_name_2,entry_name_3,entry_name_4,tags_1,tags_2,tags_3,tags_4,tags_description_1,tags_description_2,tags_description_3,tags_description_4,tags_reason_1,tags_reason_2,tags_reason_3,tags_reason_4,pdb_structure,pdb_id,stoichiometry,comments_complex
contactin complex II,Q12860,CNTN1_HUMAN,Q92823,NRCAM_HUMAN,,,,,True,False,False,False,False,False,True,False,False,,False,False,,False,,False,False,True,False,CNTN1_HUMAN,NRCAM_HUMAN,,,,,,,,,,,,,,,FALSE,,,NRCAM bind in cis and in trans to contactin-1
FCyR1A,P12314,FCGR1_HUMAN,P30273,FCERG_HUMAN,,,,,False,False,False,False,False,True,True,False,False,,False,True,Human IgG receptor,False,,False,False,True,False,FCGR1_HUMAN,FCERG_HUMAN,,,,,,,,,,,,,,,FALSE,,,Also called CD64. Interacts with FCERG1; forms a functional signaling complex
IL6 receptor,P08887,IL6RA_HUMAN,P40189,IL6RB_HUMAN,,,,,False,False,False,False,False,True,True,False,False,,False,True,Cytokine receptor IL6 family,True,,False,False,True,False,IL6RA_HUMAN,IL6RB_HUMAN,,,,,,,,,,,,,,,binding,1p9m,IL6;IL6;IL6R;IL6R;IL6ST;IL6ST,Signal activation necessitate an association with IL6ST.
AT8B4CC50B complex,Q8TF62,AT8B4_HUMAN,Q3MIR4,CC50B_HUMAN,,,,,False,False,False,False,False,False,True,False,False,,False,False,,False,,False,False,True,True,AT8B4_HUMAN,CC50B_HUMAN,,,,,,,,,,,,,,,FALSE,,,Interacts with beta subunits TMEM30A and TMEM30B
KCNV1KCNB2 complex,Q6PIU1,KCNV1_HUMAN,Q92953,KCNB2_HUMAN,,,,,False,False,False,False,False,False,True,False,False,,False,False,,False,,False,False,True,True,KCNV1_HUMAN,KCNB2_HUMAN,,,,,,,,,,,,,,,FALSE,,,Has to be associated with another potassium channel subunit to get inserted in the plasma membrane. Remains intracellular in the absence of KCNB2.
LRFN3LRFN5 complex,Q9BTN0,LRFN3_HUMAN,Q96NI6,LRFN5_HUMAN,,,,,True,False,False,False,False,False,True,False,False,,False,False,,False,,False,False,True,False,LRFN3_HUMAN,LRFN5_HUMAN,,,,To_add,,,,Iglike,,,,,,,FALSE,,,"Can form heteromeric complexes with LRFN1, LRFN2, LRFN4 and LRFN5."
PlexinA4_complex1,O14786,NRP1_HUMAN,Q9HCM2,PLXA4_HUMAN,,,,,False,False,False,False,False,True,True,False,False,,False,True,,False,,False,False,True,False,NRP1_HUMAN,PLXA4_HUMAN,,,,,,,,,,,,,,,FALSE,,,PMID: 22325954
IL36 receptor,Q9HB29,ILRL2_HUMAN,Q9NPH3,IL1AP_HUMAN,,,,,False,False,False,False,False,True,True,False,False,,False,True,Cytokine receptor IL1 family,True,,False,False,True,False,ILRL2_HUMAN,IL1AP_HUMAN,,,To_add,,,,Iglike,,,,,,,,FALSE,,,After binding to interleukin-36 associates with the coreceptor IL1RAP to form the interleukin-36 receptor complex
serotonin receptor 1,A5X5Y0,5HT3E_HUMAN,P46098,5HT3A_HUMAN,,,,,False,False,False,False,False,True,True,False,False,,False,True,,False,,False,False,True,True,5HT3E_HUMAN,5HT3A_HUMAN,,,,,,,,,,,,,,,FALSE,,,Forms a pentaheteromeric complex with HTR3A.
OSMR,Q99650,OSMR_HUMAN,P40189,IL6RB_HUMAN,,,,,False,False,False,False,False,True,True,False,False,,False,True,Cytokine receptor IL6 family,True,,False,False,True,False,OSMR_HUMAN,IL6RB_HUMAN,,,To_add,,,,cytokine_receptor,,,,,,,,FALSE,,,Heterodimer composed of OSMR and IL6ST (type II OSM receptor).
PlexinA1_complex1,Q9UIW2,PLXA1_HUMAN,P35968,VGFR2_HUMAN,,,,,False,False,False,False,False,True,True,False,False,,False,True,,False,,False,False,True,False,PLXA1_HUMAN,VGFR2_HUMAN,,,,,,,,,,,,,,,FALSE,,,PMID: 22325954
a9b1 complex,P05556,ITB1_HUMAN,Q13797,ITA9_HUMAN,,,,,True,False,False,True,False,False,True,False,False,,False,False,,False,,False,False,True,False,ITB1_HUMAN,ITA9_HUMAN,,,,To_add,,,Migration,Integrin,,,,,,,FALSE,,,Well known integrin combination
NKG2D II receptor,P26718,NKG2D_HUMAN,Q9UBK5,HCST_HUMAN,,,,,False,False,False,False,True,True,True,False,False,,False,True,hematopoyetic receptor,True,,False,False,True,False,NKG2D_HUMAN,HCST_HUMAN,,,To_comment,To_add,,,,Transmembrane adapter protein (uniprot),,,Extracellular_add,,,,FALSE,,, Heterohexamer composed of two subunits of KLRK1 and four subunits of HCST/DAP10.
aVb3 complex,P06756,ITAV_HUMAN,P05106,ITB3_HUMAN,,,,,True,False,False,True,False,False,True,False,False,,False,False,,False,,False,False,True,False,ITAV_HUMAN,ITB3_HUMAN,,,To_add | To_comment,,,,Migration | Adhesion_add (uniprot),Migration,,,Adhesion_add,,,,TRUE,1jv2,ITGAV;ITGB3,Well known integrin combination
IL1 receptor inhibitor,P27930,IL1R2_HUMAN,Q9NPH3,IL1AP_HUMAN,,,,,False,False,False,False,False,True,True,False,False,,False,True,Cytokine receptor IL1 family,True,,False,False,True,False,IL1R2_HUMAN,IL1AP_HUMAN,,,,,,,,,,,,,,,binding,3o4o,IL1B;IL1R2;IL1RAP,After binding to interleukin-1 associates with the corecptor IL1RAP to form the high affinity interleukin-1 receptor antagonist complex
ERBB2_ERBB3 complex,P04626,ERBB2_HUMAN,P21860,ERBB3_HUMAN,,,,,False,False,False,False,False,True,True,False,False,,False,True,,False,,False,False,True,False,ERBB2_HUMAN,ERBB3_HUMAN,,,,,,,,,,,,,,,FALSE,,,"Protein tyrosine kinase that is part of several cell surface receptor complexes, but that apparently needs a coreceptor for ligand binding."
FCyR3A,P08637,FCG3A_HUMAN,P30273,FCERG_HUMAN,,,,,False,False,False,False,False,True,True,False,False,,False,True,Human IgG receptor,False,,False,False,True,False,FCG3A_HUMAN,FCERG_HUMAN,,,,,,,,,,,,,,,FALSE,,,Exists as a heterooligomeric receptor complex with Fc epsilon receptor I gamma subunit and / or the CD3 zeta subunit.
FZD4TSN12 complex,Q9ULV1,FZD4_HUMAN,O95859,TSN12_HUMAN,,,,,False,False,False,False,False,True,True,False,False,,False,True,,False,,False,False,True,False,FZD4_HUMAN,TSN12_HUMAN,,,To_comment,,,,,,,,Extracellular_add,,,,FALSE,,,"Component of a complex, at least composed of TSPAN12, FZD4 and norrin (NDP)"
Insulin receptor,P05019,IGF1_HUMAN,P08069,IGF1R_HUMAN,P06213,INSR_HUMAN,,,False,False,False,False,False,True,True,False,False,,False,True,Hormone,True,,False,False,True,False,IGF1_HUMAN,IGF1R_HUMAN,INSR_HUMAN,,,,,,,,,,,,,,TRUE,4xss,IGF1;IGF1R;INSR," Forms a hybrid receptor with IGF1R, the hybrid is a tetramer consisting of 1 alpha chain and 1 beta chain of INSR and 1 alpha chain and 1 beta chain of IGF1R."
LAT1 transporter,Q01650,LAT1_HUMAN,P08195,4F2_HUMAN,,,,,False,False,False,False,False,False,True,False,False,,False,False,,False,,False,False,True,True,LAT1_HUMAN,4F2_HUMAN,,,,,,,,,,,,,,,FALSE,,,Located to the plasma membrane by SLC3A2/4F2hc
IL17 receptor AE,Q96F46,I17RA_HUMAN,Q8NFR9,I17RE_HUMAN,,,,,False,False,False,False,False,True,True,False,False,,False,True,Cytokine receptor IL17 family,True,,False,False,True,False,I17RA_HUMAN,I17RE_HUMAN,,,,,,,,,,,,,,,FALSE,,,Forms heterodimers with IL17RE; the heterodimer binds IL17C
LRFN2LRFN5 complex,Q9ULH4,LRFN2_HUMAN,Q96NI6,LRFN5_HUMAN,,,,,False,False,False,False,False,False,True,False,False,,False,False,,False,,False,False,True,False,LRFN2_HUMAN,LRFN5_HUMAN,,,,To_add,,,,Iglike,,,,,,,FALSE,,,"Forms heteromeric complexes with LRFN1, LRFN3, LRFN4 and LRFN5."
TYROBP complex,A8K4G0,CLM7_HUMAN,O43914,TYOBP_HUMAN,Q9UBK5,HCST_HUMAN,,,False,False,False,False,False,True,True,False,False,,False,True,,False,,False,False,True,False,CLM7_HUMAN,TYOBP_HUMAN,HCST_HUMAN,,,To_add,To_add,,,complex,Transmembrane adapter protein (uniprot),,,,,,FALSE,,,"Interacts with TYROBP, which enhances cell surface expression and activation properties"
a2b1 complex,P05556,ITB1_HUMAN,P17301,ITA2_HUMAN,,,,,True,False,False,True,False,False,True,False,False,,False,False,,False,,False,False,True,False,ITB1_HUMAN,ITA2_HUMAN,,,,To_add,,,Migration,Integrin (uniprot),,,,,,,FALSE,,,Well known integrin combination
IL2 receptor_I,P14784,IL2RB_HUMAN,P31785,IL2RG_HUMAN,,,,,False,False,False,False,False,True,True,False,False,,False,True,Cytokine receptor IL2 family,True,,False,False,True,False,IL2RB_HUMAN,IL2RG_HUMAN,,,To_add,To_add,,,cytokine_receptor,cytokine_receptor,,,,,,,binding,3qaz,,
IL35 receptor,P40189,IL6RB_HUMAN,Q99665,I12R2_HUMAN,,,,,False,False,False,False,False,True,True,False,False,,False,True,Cytokine receptor IL1 family,True,,False,False,True,False,IL6RB_HUMAN,I12R2_HUMAN,,,,To_add,,,,cytokine_receptor,,,,,,,FALSE,,,
NCR3 receptor,O14931,NCTR3_HUMAN,P20963,CD3Z_HUMAN,,,,,False,False,False,False,False,False,True,False,True,NK receptor recognition,False,True,,False,,False,False,True,False,NCTR3_HUMAN,CD3Z_HUMAN,,,To_comment,To_add,,,,Part of the TCR-CD3 complex present on T-lymphocyte cell surface (uniprot),,,Extracellular_add,,,,FALSE,,,Interacts with CD3Z
somatostatin receptor,P30874,SSR2_HUMAN,P32745,SSR3_HUMAN,,,,,False,False,False,False,False,True,True,False,False,,False,True,,False,,False,False,True,False,SSR2_HUMAN,SSR3_HUMAN,,,,,,,,,,,,,,,FALSE,,,Homodimer and heterodimer with SSTR3 and SSTR5.
Polycistin complex I,P98161,PKD1_HUMAN,Q13563,PKD2_HUMAN,,,,,False,False,False,False,False,False,True,False,False,,False,False,,False,,False,False,True,False,PKD1_HUMAN,PKD2_HUMAN,,,,,,,,,,,,,,,FALSE,,,PKD1 localization to the plasma and ciliary membranes requires PKD2
FLT1 complex,P17948,VGFR1_HUMAN,P35968,VGFR2_HUMAN,,,,,False,False,False,False,False,False,True,False,True,Migration,False,True,,False,,False,False,True,False,VGFR1_HUMAN,VGFR2_HUMAN,,,,,,,Migration,,,,,,,,FALSE,,,Can also form a heterodimer with KDR.
CD1C complex,P29017,CD1C_HUMAN,P61769,B2MG_HUMAN,,,,,False,False,False,False,False,False,True,False,False,,False,False,,False,,False,False,True,False,CD1C_HUMAN,B2MG_HUMAN,,,,To_add,,,,Iglike,,,,,,,FALSE,,,Heterodimer with B2M (beta-2-microglobulin).
RAMP1 complex,Q16602,CALRL_HUMAN,O60894,RAMP1_HUMAN,,,,,False,False,False,False,False,True,True,False,False,,False,True,,False,,False,False,True,True,CALRL_HUMAN,RAMP1_HUMAN,,,,To_add,,,,complex,,,,,,,TRUE,3n7p,CALCRL;RAMP1,Heterodimer of CALCRL and RAMP3 (By similarity). Heterodimer of CALCRL and RAMP1 or CALCRL and RAMP2.
a10b1 complex,P05556,ITB1_HUMAN,O75578,ITA10_HUMAN,,,,,True,False,False,True,False,False,True,False,False,,False,False,,False,,False,False,True,False,ITB1_HUMAN,ITA10_HUMAN,,,,To_add,,,Migration,Integrin (uniprot),,,,,,,FALSE,,,Well known integrin combination
CNTF-1R,P26992,CNTFR_HUMAN,P42702,LIFR_HUMAN,P40189,IL6RB_HUMAN,,,False,False,False,False,False,True,True,False,False,,False,True,Cytokine receptor IL6 family,True,,False,False,True,False,CNTFR_HUMAN,LIFR_HUMAN,IL6RB_HUMAN,,,,,,,,,,,,,,FALSE,,,"Heterotrimer of the alpha subunit, LIFR and IL6ST."
PDGFR complex,P16234,PGFRA_HUMAN,P09619,PGFRB_HUMAN,,,,,False,False,False,False,False,True,True,False,False,,False,True,growth factor receptor,True,,False,False,True,False,PGFRA_HUMAN,PGFRB_HUMAN,,,,To_comment,,,,Migration,,,,,,,FALSE,,,heterodimers formed by PDGFA and PDGFB
PlexinA2_complex1,O14786,NRP1_HUMAN,O75051,PLXA2_HUMAN,,,,,False,False,False,False,False,True,True,False,False,,False,True,,False,,False,False,True,False,NRP1_HUMAN,PLXA2_HUMAN,,,,,,,,,,,,,,,FALSE,,,PMID: 22325954
RAMP2 complex,Q16602,CALRL_HUMAN,O60895,RAMP2_HUMAN,,,,,False,False,False,False,False,True,True,False,False,,False,True,,False,,False,False,True,True,CALRL_HUMAN,RAMP2_HUMAN,,,,To_add,,,,complex,,,,,,,TRUE,3aqf,CALCRL;RAMP2,Heterodimer of CALCRL and RAMP3 (By similarity). Heterodimer of CALCRL and RAMP1 or CALCRL and RAMP2.
TREM2 receptor,Q9NZC2,TREM2_HUMAN,O43914,TYOBP_HUMAN,,,,,False,False,False,False,False,True,True,False,False,,False,True,,False,,False,False,True,False,TREM2_HUMAN,TYOBP_HUMAN,,,,To_add,,,,complex,,,,,,,FALSE,,,Interacts with TYROBP/DAP12
5HT3D receptor,Q70Z44,5HT3D_HUMAN,P46098,5HT3A_HUMAN,,,,,False,False,False,False,False,True,True,False,False,,False,True,,False,,False,False,True,True,5HT3D_HUMAN,5HT3A_HUMAN,,,,,,,,,,,,,,,FALSE,,,Presumably retained within the endoplasmic reticulum unless complexed with HTR3A.
KCNG1KCNB1 complex,Q9UIX4,KCNG1_HUMAN,Q14721,KCNB1_HUMAN,,,,,False,False,False,False,False,False,True,False,False,,False,False,,False,,False,False,True,True,KCNG1_HUMAN,KCNB1_HUMAN,,,,,,,,,,,,,,,FALSE,,,Colocalizes with KCNB1 at the plasma membrane
UNC5D receptor,Q6UXZ4,UNC5D_HUMAN,P43146,DCC_HUMAN,,,,,False,False,False,False,False,True,True,False,False,,False,True,,False,,False,False,True,False,UNC5D_HUMAN,DCC_HUMAN,,,,To_add,,,,Iglike,,,,,,,FALSE,,,Interacts with the cytoplasmic part of DCC.
IL22 receptor,Q8N6P7,I22R1_HUMAN,Q08334,I10R2_HUMAN,,,,,False,False,False,False,False,True,True,False,False,,False,True,"Cytokine receptor IL10 family, IL20 subfamily",True,,False,False,True,False,I22R1_HUMAN,I10R2_HUMAN,,,To_add,To_add,,,cytokine_receptor,cytokine_receptor,,,,,,,binding,3dgc,IL22;IL22RA1,Component of IL22 receptor formed by IL22RA1 and IL10RB
LTB complex,Q06643,TNFC_HUMAN,P01374,TNFB_HUMAN,,,,,False,False,False,False,False,False,True,False,False,,False,False,,False,,False,False,True,False,TNFC_HUMAN,TNFB_HUMAN,,,To_add,,,,ligandIUPHAR,,,,,,,,FALSE,,,
S12A9S12A9 complexes,Q9BXP2,S12A9_HUMAN,Q13621,S12A1_HUMAN,,,,,False,False,False,False,False,False,True,False,False,,False,False,,False,,False,False,True,True,S12A9_HUMAN,S12A1_HUMAN,,,,To_add,,,,complex,,,,,,,FALSE,,,Interacts with SLC12A1.
P2X7 receptor-Pannexin1 complex,Q96RD7,PANX1_HUMAN,Q99572,P2RX7_HUMAN,,,,,False,False,False,False,False,True,True,False,False,,False,True,,False,,False,False,True,True,PANX1_HUMAN,P2RX7_HUMAN,,,,,,,,,,,,,,,FALSE,,,PMID: 18596211
glutamate complex,Q14416,GRM2_HUMAN,P28223,5HT2A_HUMAN,,,,,False,False,False,False,False,True,True,False,False,,False,True,,False,,False,False,True,False,GRM2_HUMAN,5HT2A_HUMAN,,,,,,,,,,,,,,,FALSE,,,mGluR2 and serotonin 2A receptor (5-HT2A) form complexes that mediate alterations in cellular response in the brain
Sodium channel complex,P37088,SCNNA_HUMAN,P51168,SCNNB_HUMAN,P51170,SCNNG_HUMAN,,,False,False,False,False,False,False,True,False,False,,False,False,,False,,False,False,True,True,SCNNA_HUMAN,SCNNB_HUMAN,SCNNG_HUMAN,,,,,,,,,,,,,,FALSE,,,"Heterotrimer containing an alpha/SCNN1A, a beta/SCNN1B and a gamma/SCNN1G subunit."
CD1D complex,P61769,B2MG_HUMAN,P15813,CD1D_HUMAN,,,,,False,False,False,False,False,False,True,False,False,,False,False,,False,,False,False,True,False,B2MG_HUMAN,CD1D_HUMAN,,,To_add,,,,Iglike,,,,,,,,TRUE,1zt4,B2M;CD1D,Heterodimer with B2M (beta-2-microglobulin). Interacts with MHC II.
FAT4 complex,Q96JQ0,PCD16_HUMAN,Q6V0I7,FAT4_HUMAN,,,,,True,False,False,False,False,False,True,False,False,,False,False,,False,,False,False,True,False,PCD16_HUMAN,FAT4_HUMAN,,,,To_add,,,Protocadherin,Protocadherin,,,,,,,FALSE,,,Heterophilic interaction with FAT4; this interaction affects their respective protein levels.
KCNV2 complex,Q8TDN2,KCNV2_HUMAN,Q14721,KCNB1_HUMAN,,,,,False,False,False,False,False,False,True,False,False,,False,False,,False,,False,False,True,True,KCNV2_HUMAN,KCNB1_HUMAN,,,,,,,,,,,,,,,FALSE,,,Has to be associated with KCNB1 or possibly another partner to get inserted in the plasma membrane. Remains intracellular in the absence of KCNB1.
EGFR complex 2,P00533,EGFR_HUMAN,P21860,ERBB3_HUMAN,,,,,False,False,False,False,False,True,True,False,False,,False,True,,False,,False,False,True,False,EGFR_HUMAN,ERBB3_HUMAN,,,,,,,,,,,,,,,TRUE,4riw,EGFR;ERBB3,Heterodimer EGF family; upon ligand binding
DUOX1 complex,Q9NRD9,DUOX1_HUMAN,Q1HG43,DOXA1_HUMAN,,,,,False,False,False,False,False,False,True,False,False,,False,False,,False,,False,False,True,False,DUOX1_HUMAN,DOXA1_HUMAN,,,,To_add,,,,complex,,,,,,,FALSE,,,May be required for the maturation and the transport from the endoplasmic reticulum to the plasma membrane of functional DUOX1.
potassium complex,P16389,KCNA2_HUMAN,P22459,KCNA4_HUMAN,,,,,False,False,False,False,False,False,True,False,False,,False,False,,False,,False,False,True,True,KCNA2_HUMAN,KCNA4_HUMAN,,,,,,,,,,,,,,,FALSE,,,Coexpression with KCNA4 or with beta subunits promotes expression at the cell membrane.
SSR complex,P43307,SSRA_HUMAN,P43308,SSRB_HUMAN,P51571,SSRD_HUMAN,Q9UNL2,SSRG_HUMAN,False,False,False,False,False,False,True,False,False,,False,False,,False,,False,False,True,False,SSRA_HUMAN,SSRB_HUMAN,SSRD_HUMAN,SSRG_HUMAN,To_add,To_add,To_add,To_add,complex,complex,complex,complex,,,,,FALSE,,,"Heterotetramer of TRAP-alpha, TRAP-beta, TRAP-delta and TRAP-gamma. Interacts with palmitoylated calnexin (CALX)"
IL12,P29459,IL12A_HUMAN,P29460,IL12B_HUMAN,,,,,False,False,True,False,True,False,True,True,False,,False,False,,False,"Cytokine receptor IL6 family, IL12 subfamily",True,True,False,False,IL12A_HUMAN,IL12B_HUMAN,,,,,,,,,,,,,,,TRUE,1f45,IL12A;IL12B,
TIE1TEK_receptor,P35590,TIE1_HUMAN,Q02763,TIE2_HUMAN,,,,,False,False,False,False,False,True,True,False,False,,False,True,,False,,False,False,True,False,TIE1_HUMAN,TIE2_HUMAN,,,,,,,,,,,,,,,FALSE,,,Heterodimer with TEK/TIE2
potasium complex,O00180,KCNK1_HUMAN,O95069,KCNK2_HUMAN,,,,,False,False,False,False,False,False,True,False,False,,False,False,,False,,False,False,True,True,KCNK1_HUMAN,KCNK2_HUMAN,,,,,,,,,,,,,,,FALSE,,,The heterodimer with KCNK2 is detected at the astrocyte cell membrane.
BMPR1B complex,O00238,BMR1B_HUMAN,Q13873,BMPR2_HUMAN,,,,,False,False,False,False,True,True,True,False,False,,False,True,TGFBeta_receptor_add,True,,False,False,True,False,BMR1B_HUMAN,BMPR2_HUMAN,,,,,,,,,,,,,,,FALSE,,,Serine/threonine kinase heterodimer upon ligand binding
dopamine 1 receptor,P21728,DRD1_HUMAN,Q6Y2X3,DJC14_HUMAN,,,,,False,False,False,False,False,True,True,False,False,,False,True,,False,,False,False,True,False,DRD1_HUMAN,DJC14_HUMAN,,,,To_add,,,,complex,,,,,,,FALSE,,,Transport from the endoplasmic reticulum to the cell surface is regulated by interaction with DNAJC14
somatostatin receptor II,P30874,SSR2_HUMAN,P35346,SSR5_HUMAN,,,,,False,False,False,False,False,True,True,False,False,,False,True,,False,,False,False,True,False,SSR2_HUMAN,SSR5_HUMAN,,,,,,,,,,,,,,,FALSE,,,Homodimer and heterodimer with SSTR3 and SSTR5.
aDb2 complex,P05107,ITB2_HUMAN,Q13349,ITAD_HUMAN,,,,,True,False,False,True,False,False,True,False,False,,False,False,,False,,False,False,True,False,ITB2_HUMAN,ITAD_HUMAN,,,To_add,To_add,,,Integrin (uniprot),Integrin,,,,,,,FALSE,,,Well known integrin combination
CNTN6NCHL1 complex,Q9UQ52,CNTN6_HUMAN,O00533,NCHL1_HUMAN,,,,,True,False,False,False,False,False,True,False,False,,False,False,,False,,False,False,True,False,CNTN6_HUMAN,NCHL1_HUMAN,,,To_comment,,,,ligandIUPHAR,,,,extracellular_add,,,,FALSE,,,CHL1 associates with NB-3/contactin-6 in cis and enhances cell surface expression of NB-3
IL31 receptor,Q8NI17,IL31R_HUMAN,Q99650,OSMR_HUMAN,,,,,False,False,False,False,False,True,True,False,False,,False,True,Cytokine receptor IL6 family,True,,False,False,True,False,IL31R_HUMAN,OSMR_HUMAN,,,,To_add,,,,cytokine_receptor,,,,,,,FALSE,,,Associates with OSMR to form the interleukin-31 receptor
aXb2 complex,P20702,ITAX_HUMAN,P05107,ITB2_HUMAN,,,,,True,False,False,True,False,False,True,False,False,,False,False,,False,,False,False,True,False,ITAX_HUMAN,ITB2_HUMAN,,,To_add,To_add,,,Integrin (uniprot),Integrin (uniprot),,,,,,,TRUE,3k6s,ITGAX;ITGB2,Well known integrin combination
ADA12 complex,O43184,ADA12_HUMAN,P63244,RACK1_HUMAN,,,,,True,False,False,False,False,False,True,False,False,,False,False,,False,,False,False,True,False,ADA12_HUMAN,RACK1_HUMAN,,,,,,,disintegrin and metalloproteinase,,,,,,,,FALSE,,,Interacts with GNB2L1/RACK1; the interaction is required for PKC-dependent translocation of ADAM12 to the cell membrane.
IL18 receptor,Q14116,IL18_HUMAN,Q13478,IL18R_HUMAN,O95256,I18RA_HUMAN,,,False,False,False,False,False,True,True,False,False,,False,True,Cytokine receptor IL1 family,True,,False,False,True,False,IL18_HUMAN,IL18R_HUMAN,I18RA_HUMAN,,,To_add,To_add,,,Iglike,Iglike,,,,,,TRUE,3wo4,IL18;IL18R1;IL18RAP,Cytokine receptor family; Interleukin 18 family
CLM2  receptor,Q496F6,CLM2_HUMAN,O43914,TYOBP_HUMAN,,,,,False,False,False,False,False,True,True,False,False,,False,True,,False,,False,False,True,False,CLM2_HUMAN,TYOBP_HUMAN,,,,To_add,,,,complex,,,,,,,FALSE,,,Interacts with TYROBP
IL20 receptor Type I,Q9UHF4,I20RA_HUMAN,Q6UXL0,I20RB_HUMAN,,,,,False,False,False,False,False,True,True,False,False,,False,True,"Cytokine receptor IL10 family, IL20 subfamily",True,,False,False,True,False,I20RA_HUMAN,I20RB_HUMAN,,,To_add,To_add,,,cytokine_receptor,cytokine_receptor,,,,,,,FALSE,,,The IL20RA/IL10RB dimer is a receptor for IL26
contactin complex V,Q02246,CNTN2_HUMAN,P32004,L1CAM_HUMAN,,,,,True,False,False,False,False,False,True,False,False,,False,False,,False,,False,False,True,False,CNTN2_HUMAN,L1CAM_HUMAN,,,,,,,,,,,,,,,FALSE,,,L1 binds to TAG-1 (contactin 2) in cis
aLb2 complex,P05107,ITB2_HUMAN,P20701,ITAL_HUMAN,,,,,True,False,False,True,True,False,True,False,False,,False,False,,False,,False,False,True,False,ITB2_HUMAN,ITAL_HUMAN,,,To_add,To_comment,,,Integrin (uniprot),Integrin,,,,Extracellular_add,,,FALSE,,,Well known integrin combination
aVb8 complex,P26012,ITB8_HUMAN,P06756,ITAV_HUMAN,,,,,True,False,False,True,False,False,True,False,False,,False,False,,False,,False,False,True,False,ITB8_HUMAN,ITAV_HUMAN,,,To_add,To_add | To_comment,,,Integrin (uniprot),Migration | Adhesion_add (uniprot),,,,Adhesion_add,,,FALSE,,,Well known integrin combination
Agrin complex,O15146,MUSK_HUMAN,O00468,AGRIN_HUMAN,O75096,LRP4_HUMAN,Q18PE1,DOK7_HUMAN,False,False,False,False,False,True,True,False,False,,False,True,,False,,False,False,True,False,MUSK_HUMAN,AGRIN_HUMAN,LRP4_HUMAN,DOK7_HUMAN,,,To_add,To_add,,,ligandIUPHAR,found in a complex,,,,,partial,3ml4,DOK7;DOK7;MUSK;MUSK,MUSK Interacts with LRP4; the heterodimer forms an AGRIN receptor complex that binds AGRIN resulting in activation of MUSK
leucine rich complex,Q6PJG9,LRFN4_HUMAN,Q96NI6,LRFN5_HUMAN,,,,,False,False,False,False,False,False,True,False,True,Others,False,False,,False,,False,False,True,False,LRFN4_HUMAN,LRFN5_HUMAN,,,To_add,To_add,,,Iglike,Iglike,,,,,,,FALSE,,,"Can form heteromeric complexes with LRFN1, LRFN2, LRFN3 and LRFN5."
ATPase complex III,P98198,AT8B2_HUMAN,Q3MIR4,CC50B_HUMAN,,,,,False,False,False,False,False,False,True,False,False,,False,False,,False,,False,False,True,True,AT8B2_HUMAN,CC50B_HUMAN,,,,,,,,,,,,,,,FALSE,,,Exit from the endoplasmic reticulum requires the presence of TMEM30A or TMEM30B. Localizes to apical membranes in epithelial cells.
KIRS4,P43632,KI2S4_HUMAN,O43914,TYOBP_HUMAN,,,,,False,False,False,False,False,True,True,False,False,,False,True,KIR_add,True,,False,False,True,False,KI2S4_HUMAN,TYOBP_HUMAN,,,To_comment,To_add,,,,complex,,,Extracellular_add,,,,FALSE,,,
tetraspanin complex,Q9Y653,GPR56_HUMAN,P60033,CD81_HUMAN,P21926,CD9_HUMAN,P29992,GNA11_HUMAN,True,False,False,False,False,True,True,False,False,,False,True,,False,,False,False,True,False,GPR56_HUMAN,CD81_HUMAN,CD9_HUMAN,GNA11_HUMAN,,To_add,,,,Interacts with a 16-kDa Leu-13 protein to form a complex possibly involved in signal transduction. (uniprot),,,,,,,FALSE,,,"Part of a GPCR-tetraspanin complex at least consisting of GPR56, CD81, eventually CD9, and GNA11 in which CD81 is enhancing the association of GPR56 with GNA11."
IL1 receptor,P14778,IL1R1_HUMAN,Q9NPH3,IL1AP_HUMAN,,,,,False,False,False,False,False,True,True,False,False,,False,True,Cytokine receptor IL1 family,True,,False,False,True,False,IL1R1_HUMAN,IL1AP_HUMAN,,,,,,,,,,,,,,,binding,4dep,IL1B;IL1R1;IL1RAP,After binding to interleukin-1 associates with the corecptor IL1RAP to form the high affinity interleukin-1 receptor complex
HHLA2 complex,Q9UM44,HHLA2_HUMAN,Q96BF3,TMIG2_HUMAN,,,,,False,False,False,False,False,False,True,False,True,Ligand,False,False,,False,,False,False,True,False,HHLA2_HUMAN,TMIG2_HUMAN,,,To_add,,,,Iglike,,,,,,,,FALSE,,,Interacts with TMIGD2.
IL10 receptor,Q13651,I10R1_HUMAN,Q08334,I10R2_HUMAN,,,,,False,False,False,False,False,True,True,False,False,,False,True,Cytokine receptor IL10 family,True,,False,False,True,False,I10R1_HUMAN,I10R2_HUMAN,,,To_add,To_add,,,cytokine_receptor,cytokine_receptor,,,,,,,FALSE,,,Heterodimer of an alpha and a beta subunit.
Polycistin complex III,Q9P0L9,PK2L1_HUMAN,Q7Z443,PK1L3_HUMAN,,,,,False,False,False,False,False,False,True,False,False,,False,False,,False,,False,False,True,False,PK2L1_HUMAN,PK1L3_HUMAN,,,,,,,,,,,,,,,FALSE,,,Interaction with PKD1 or PKD1L3 is required for localization to the cell membrane.
IL17 receptor AB,Q96F46,I17RA_HUMAN,Q9NRM6,I17RB_HUMAN,,,,,False,False,False,False,False,True,True,False,False,,False,True,Cytokine receptor IL17 family,True,,False,False,True,False,I17RA_HUMAN,I17RB_HUMAN,,,,,,,,,,,,,,,FALSE,,,
CLM6 complex,Q08708,CLM6_HUMAN,O43914,TYOBP_HUMAN,P30273,FCERG_HUMAN,,,False,False,False,False,False,True,True,False,False,,False,True,,False,,False,False,True,False,CLM6_HUMAN,TYOBP_HUMAN,FCERG_HUMAN,,,To_add,,,,complex,,,,,,,FALSE,,,
IL23 receptor,P42701,I12R1_HUMAN,Q5VWK5,IL23R_HUMAN,,,,,False,False,False,False,False,True,True,False,False,,False,True,"Cytokine receptor IL6 family, IL12 subfamily",True,,False,False,True,False,I12R1_HUMAN,IL23R_HUMAN,,,To_add,,,,cytokine_receptor,,,,,,,,FALSE,,,Associates also with IL23R to form the interleukin-23 receptor which functions in IL23 signal transduction
aminoacid  transporter,Q9UHI5,LAT2_HUMAN,P08195,4F2_HUMAN,,,,,False,False,False,False,False,False,True,False,False,,False,False,,False,,False,False,True,False,LAT2_HUMAN,4F2_HUMAN,,,,,,,,,,,,,,,FALSE,,,"Localized to the cytoplasm when expressed alone but when coexpressed with SLC3A2/4F2hc, is localized to the plasma membrane"
TSLPR,P16871,IL7RA_HUMAN,Q9HC73,CRLF2_HUMAN,,,,,False,False,False,False,True,True,True,False,False,,False,True,"Cytokine receptor IL2 family, IL7 subfamily",True,,False,False,True,False,IL7RA_HUMAN,CRLF2_HUMAN,,,,,,,,,,,,,,,binding,5j11,CRLF2;IL7R;TSLP,The TSLP receptor is a heterodimer of CRLF2 and IL7R.
PlexinA1_complex3,O14786,NRP1_HUMAN,Q9UIW2,PLXA1_HUMAN,,,,,False,False,False,False,False,True,True,False,False,,False,True,,False,,False,False,True,False,NRP1_HUMAN,PLXA1_HUMAN,,,,,,,,,,,,,,,FALSE,,,PMID: 22325954
IL4 receptor,P31785,IL2RG_HUMAN,P05112,IL4_HUMAN,,,,,False,False,False,False,False,True,True,False,False,,False,True,"Cytokine receptor IL2 family, IL4 subfamily",True,,False,False,True,False,IL2RG_HUMAN,IL4_HUMAN,,,To_add,,,,cytokine_receptor,,,,,,,,TRUE,3qb7,IL2RG;IL4,"The functional IL4 receptor is formed by initial binding of IL4 to IL4R. Subsequent recruitment to the complex of the common gamma chain, in immune cells"
NCR2 receptor,O95944,NCTR2_HUMAN,O43914,TYOBP_HUMAN,,,,,False,False,False,False,False,False,True,False,True,NK receptor recognition,False,True,,False,,False,False,True,False,NCTR2_HUMAN,TYOBP_HUMAN,,,,To_add,,,,complex,,,,,,,FALSE,,,Interacts with TYROBP/DAP12
EGFR complex 4,P00533,EGFR_HUMAN,Q99527,GPER1_HUMAN,,,,,False,False,False,False,False,True,True,False,False,,False,True,Estrogen_receptor_add,True,,False,False,True,False,EGFR_HUMAN,GPER1_HUMAN,,,,,,,,,,,,,,,TRUE,,,Interacts with GPER1; the interaction occurs in an estrogen-dependent manner.
FcRn complex,P61769,B2MG_HUMAN,P55899,FCGRN_HUMAN,,,,,False,False,False,False,False,False,True,False,True,"transports immunoglobulin G (IgG) across epithelia,",False,True,Human IgG receptor,False,,False,False,True,False,B2MG_HUMAN,FCGRN_HUMAN,,,To_add,,,,Iglike,,,,,,,,TRUE,1exu,B2M;FCGRT,"FcRn complex consist of two subunits: p51, and p14 which is equivalent to beta-2-microglobulin. It forms an MHC class I-like heterodimer"
opioid receptor S,P35372,OPRM_HUMAN,P30874,SSR2_HUMAN,,,,,False,False,False,False,False,True,True,False,False,,False,True,,False,,False,False,True,False,OPRM_HUMAN,SSR2_HUMAN,,,,,,,,,,,,,,,FALSE,,,"Forms homooligomers and heterooligomers with other GPCRs, such as SSTR2 (probably in dimeric forms)"
aVb1 complex,P05556,ITB1_HUMAN,P06756,ITAV_HUMAN,,,,,True,False,False,True,False,False,True,False,False,,False,False,,False,,False,False,True,False,ITB1_HUMAN,ITAV_HUMAN,,,,To_add | To_comment,,,Migration,Migration | Adhesion_add (uniprot),,,,Adhesion_add,,,FALSE,,,Well known integrin combination
KCND2KCIP4 complex,Q9NZV8,KCND2_HUMAN,Q6PIL6,KCIP4_HUMAN,,,,,False,False,False,False,False,False,True,False,False,,False,False,,False,,False,False,True,True,KCND2_HUMAN,KCIP4_HUMAN,,,,,,,,,,,,,,,FALSE,,,Modulates KCND2 channel density
opioid receptor CCR5,P35372,OPRM_HUMAN,P51681,CCR5_HUMAN,,,,,False,False,False,False,False,True,True,False,False,,False,True,,False,,False,False,True,False,OPRM_HUMAN,CCR5_HUMAN,,,,,,,,,,,,,,,FALSE,,,"Forms homooligomers and heterooligomers with other GPCRs, such as CCR5 (probably in dimeric forms)"
KCNG2KCNB1 complex,Q9UJ96,KCNG2_HUMAN,Q14721,KCNB1_HUMAN,,,,,False,False,False,False,False,False,True,False,False,,False,False,,False,,False,False,True,True,KCNG2_HUMAN,KCNB1_HUMAN,,,To_add,,,,complex,,,,,,,,FALSE,,,Heterodimer with KCNB1. Does not form homomultimers.
glucagon receptor,P43220,GLP1R_HUMAN,P48546,GIPR_HUMAN,,,,,False,False,False,False,False,True,True,False,False,,False,True,,False,,False,False,True,False,GLP1R_HUMAN,GIPR_HUMAN,,,,,,,,,,,,,,,FALSE,,,May form homodimers and heterodimers with GIPR
Type I IFNR,P17181,INAR1_HUMAN,P48551,INAR2_HUMAN,,,,,False,False,False,False,False,True,True,False,False,,False,True,Cytokine receptor family,True,,False,False,True,False,INAR1_HUMAN,INAR2_HUMAN,,,,,,,,,,,,,,,binding,3se3,IFNA2;IFNAR1;IFNAR2,Heterodimer with IFNAR2
contactin complex I,Q12860,CNTN1_HUMAN,P78357,CNTP1_HUMAN,,,,,True,False,False,False,False,False,True,False,False,,False,False,,False,,False,False,True,False,CNTN1_HUMAN,CNTP1_HUMAN,,,,To_add,,,,complex,,,,,,,FALSE,,,Interacts with contactin in cis form. Essential for Caspr sorting from the endoplasmic reticulum to the plasma membrane.
CD4 receptor,P49685,GPR15_HUMAN,P01730,CD4_HUMAN,,,,,False,False,False,False,False,True,True,False,False,,False,True,,False,,False,False,True,False,GPR15_HUMAN,CD4_HUMAN,,,,,,,,,,,,,,,FALSE,,,Probable chemokine receptor. Alternative coreceptor with CD4 for HIV-1 infection.
LIFR,P42702,LIFR_HUMAN,P40189,IL6RB_HUMAN,,,,,False,False,False,False,False,True,True,False,False,,False,True,Cytokine receptor IL6 family,True,,False,False,True,False,LIFR_HUMAN,IL6RB_HUMAN,,,,,,,,,,,,,,,FALSE,,,Heterodimer composed of LIFR and IL6ST.
KCNS2KCNB1 complex,Q9ULS6,KCNS2_HUMAN,Q14721,KCNB1_HUMAN,,,,,False,False,False,False,False,False,True,False,False,,False,False,,False,,False,False,True,True,KCNS2_HUMAN,KCNB1_HUMAN,,,,,,,,,,,,,,,FALSE,,,Heterotetramer with KCNB1 and KCNB2
AT8B1 complex I,O43520,AT8B1_HUMAN,Q9NV96,CC50A_HUMAN,,,,,False,False,False,False,False,False,True,False,False,,False,False,,False,,False,False,True,True,AT8B1_HUMAN,CC50A_HUMAN,,,,,,,,,,,,,,,FALSE,,,Exit from the endoplasmic reticulum requires the presence of TMEM30A or TMEM30B. Localizes to apical membranes in epithelial cells.
KCND2KCIP2 complex,Q9NZV8,KCND2_HUMAN,Q9NS61,KCIP2_HUMAN,,,,,False,False,False,False,False,False,True,False,False,,False,False,,False,,False,False,True,True,KCND2_HUMAN,KCIP2_HUMAN,,,,,,,,,,,,,,,FALSE,,,Increases the presence of KCND2 at the cell surface
AT11C complex,Q8NB49,AT11C_HUMAN,Q9NV96,CC50A_HUMAN,,,,,False,False,False,False,False,False,True,False,False,,False,False,,False,,False,False,True,True,AT11C_HUMAN,CC50A_HUMAN,,,,,,,,,,,,,,,FALSE,,,"Exit from the endoplasmic reticulum requires the presence of TMEM30A, but not that of TMEM30B."
KIRS2,P43631,KI2S2_HUMAN,O43914,TYOBP_HUMAN,,,,,False,False,False,False,False,True,True,False,False,,False,True,KIR_add,True,,False,False,True,False,KI2S2_HUMAN,TYOBP_HUMAN,,,To_comment,To_add,,,,complex,,,Extracellular_add,,,,FALSE,,,
ATPase complex II,P98198,AT8B2_HUMAN,Q9NV96,CC50A_HUMAN,,,,,False,False,False,False,False,False,True,False,False,,False,False,,False,,False,False,True,True,AT8B2_HUMAN,CC50A_HUMAN,,,,,,,,,,,,,,,FALSE,,,Exit from the endoplasmic reticulum requires the presence of TMEM30A or TMEM30B. Localizes to apical membranes in epithelial cells.
opioid receptor K 1,P35372,OPRM_HUMAN,P41145,OPRK_HUMAN,,,,,False,False,False,False,False,True,True,False,False,,False,True,,False,,False,False,True,False,OPRM_HUMAN,OPRK_HUMAN,,,,,,,,,,,,,,,FALSE,,,"Forms homooligomers and heterooligomers with other GPCRs, such as OPRK1 (probably in dimeric forms)"
KCNG4 complex,Q8TDN1,KCNG4_HUMAN,Q14721,KCNB1_HUMAN,,,,,False,False,False,False,False,False,True,False,False,,False,False,,False,,False,False,True,True,KCNG4_HUMAN,KCNB1_HUMAN,,,,,,,,,,,,,,,FALSE,,,Has to be associated with KCNB1 or possibly another partner to get inserted in the plasma membrane.
a1b1 complex,P05556,ITB1_HUMAN,P56199,ITA1_HUMAN,,,,,True,False,False,True,False,False,True,False,False,,False,False,,False,,False,False,True,False,ITB1_HUMAN,ITA1_HUMAN,,,,To_add,,,Migration,Integrin (uniprot),,,,,,,FALSE,,,Well known integrin combination
IL26 receptor,Q9UHF4,I20RA_HUMAN,Q08334,I10R2_HUMAN,,,,,False,False,False,False,False,True,True,False,False,,False,True,"Cytokine receptor IL10 family, IL20 subfamily",True,,False,False,True,False,I20RA_HUMAN,I10R2_HUMAN,,,To_add,To_add,,,cytokine_receptor,cytokine_receptor,,,,,,,FALSE,,,
AT8B1 complex II,O43520,AT8B1_HUMAN,Q3MIR4,CC50B_HUMAN,,,,,False,False,False,False,False,False,True,False,False,,False,False,,False,,False,False,True,True,AT8B1_HUMAN,CC50B_HUMAN,,,,,,,,,,,,,,,FALSE,,,Exit from the endoplasmic reticulum requires the presence of TMEM30A or TMEM30B. Localizes to apical membranes in epithelial cells.
FZD6 complex,O60353,FZD6_HUMAN,Q9ULK5,VANG2_HUMAN,,,,,False,False,False,False,False,True,True,False,False,,False,True,,False,,False,False,True,False,FZD6_HUMAN,VANG2_HUMAN,,,To_comment,,,,,,,,Extracellular_add,,,,FALSE,,,Required for cell surface localization of FZD3 and FZD6 in the inner ear (By similarity)
CD94:NKG2A,Q13241,KLRD1_HUMAN,P26715,NKG2A_HUMAN,,,,,False,False,False,False,False,True,True,False,False,,False,True,,True,,False,False,True,False,KLRD1_HUMAN,NKG2A_HUMAN,,,To_add,To_add | To_comment,,,KLR_add (uniprot),KLR_add (uniprot),,,,Extracellular_add,,,FALSE,,,
potasium transporter complex,P54707,AT12A_HUMAN,Q9NV96,CC50A_HUMAN,,,,,False,False,False,False,False,False,True,False,False,,False,False,,False,,False,False,True,True,AT12A_HUMAN,CC50A_HUMAN,,,To_add,,,,complex,,,,,,,,FALSE,,,"Exit from the endoplasmic reticulum requires the presence of TMEM30A, but not that of TMEM30B."
CD1A complex,P61769,B2MG_HUMAN,P06126,CD1A_HUMAN,,,,,False,False,False,False,False,False,True,False,True,T cell,False,False,,False,,False,False,True,False,B2MG_HUMAN,CD1A_HUMAN,,,To_add,,,,Iglike,,,,,,,,TRUE,1onq,B2M;CD1A,Heterodimer with B2M (beta-2-microglobulin).
EGFR complex 1,P00533,EGFR_HUMAN,P04626,ERBB2_HUMAN,,,,,False,False,False,False,False,True,True,False,False,,False,True,,False,,False,False,True,False,EGFR_HUMAN,ERBB2_HUMAN,,,,,,,,,,,,,,,TRUE,2ks1,EGFR;ERBB2,Heterodimer EGF family; upon ligand binding
IL7 receptor,P16871,IL7RA_HUMAN,P31785,IL2RG_HUMAN,,,,,False,False,False,False,False,True,True,False,False,,False,True,"Cytokine receptor IL2 family, IL7 subfamily",True,,False,False,True,False,IL7RA_HUMAN,IL2RG_HUMAN,,,,To_add,,,,cytokine_receptor,,,,,,,FALSE,,,The IL7 receptor is a heterodimer of IL7R and IL2RG.
KCNG3 complex,Q8TAE7,KCNG3_HUMAN,Q14721,KCNB1_HUMAN,,,,,False,False,False,False,False,False,True,False,False,,False,False,,False,,False,False,True,True,KCNG3_HUMAN,KCNB1_HUMAN,,,,,,,,,,,,,,,FALSE,,,Has to be associated with KCNB1 or possibly another partner to get inserted in the plasma membrane
IL9 receptor,Q01113,IL9R_HUMAN,P31785,IL2RG_HUMAN,,,,,False,False,False,False,False,True,True,False,False,,False,True,Cytokine receptor IL2 family,True,,False,False,True,False,IL9R_HUMAN,IL2RG_HUMAN,,,,To_add,,,,cytokine_receptor,,,,,,,FALSE,,,Cytokine receptor family; Interleukin 9 family
ACVR2B complex I,P36896,ACV1B_HUMAN,Q13705,AVR2B_HUMAN,,,,,False,False,False,False,False,True,True,False,False,,False,True,TGFBeta_receptor_add,True,,False,False,True,False,ACV1B_HUMAN,AVR2B_HUMAN,,,,,,,IUPHAR,IUPHAR,,,,,,,FALSE,,,Transmembrane serine/threonine kinase activin type-1 receptor forming an activin receptor complex with activin receptor type-2 (ACVR2A or ACVR2B).
FCeR1,P12319,FCERA_HUMAN,Q01362,FCERB_HUMAN,P30273,FCERG_HUMAN,,,False,False,False,False,False,True,True,False,False,,False,True,Fc receptor family,False,,False,False,True,False,FCERA_HUMAN,FCERB_HUMAN,FCERG_HUMAN,,,To_add,,,,High affinity receptor that binds to the Fc region of immunoglobulins epsilon (uniprot),,,,,,,FALSE,,,"Fc receptor family; Tetramer of an alpha chain, a beta chain, and two disulfide linked gamma chains."
fibrinogen,P02671,FIBA_HUMAN,P02679,FIBG_HUMAN,P02675,FIBB_HUMAN,,,True,False,False,False,False,False,True,True,False,,True,False,,False,,False,False,False,False,FIBA_HUMAN,FIBG_HUMAN,FIBB_HUMAN,,,,,,,,,,,,,,FALSE,,,
Polycistin complex II,Q9P0L9,PK2L1_HUMAN,P98161,PKD1_HUMAN,,,,,False,False,False,False,False,False,True,False,False,,False,False,,False,,False,False,True,False,PK2L1_HUMAN,PKD1_HUMAN,,,,,,,,,,,,,,,FALSE,,,Interaction with PKD1 or PKD1L3 is required for localization to the cell membrane.
IL17 receptor AC,Q96F46,I17RA_HUMAN,Q8NAC3,I17RC_HUMAN,,,,,False,False,False,False,False,True,True,False,False,,False,True,Cytokine receptor IL17 family,True,,False,False,True,False,I17RA_HUMAN,I17RC_HUMAN,,,,,,,,,,,,,,,FALSE,,,NA; the heterodimer binds IL17AF
ACVR2A complex I,P36896,ACV1B_HUMAN,P27037,AVR2A_HUMAN,,,,,False,False,False,False,False,True,True,False,False,,False,True,TGFBeta_receptor_add,True,,False,False,True,False,ACV1B_HUMAN,AVR2A_HUMAN,,,,To_add,,,IUPHAR,complex (uniprot),,,,,,,FALSE,,,Transmembrane serine/threonine kinase activin type-1 receptor forming an activin receptor complex with activin receptor type-2 (ACVR2A or ACVR2B).
EGFR complex 3,P00533,EGFR_HUMAN,Q15303,ERBB4_HUMAN,,,,,False,False,False,False,False,True,True,False,False,,False,True,,False,,False,False,True,False,EGFR_HUMAN,ERBB4_HUMAN,,,,,,,,Migration,,,,,,,FALSE,,,Heterodimer EGF family; upon ligand binding
TREM1 receptor,Q9NP99,TREM1_HUMAN,O43914,TYOBP_HUMAN,,,,,False,False,False,False,False,True,True,False,False,,False,True,,False,,False,False,True,False,TREM1_HUMAN,TYOBP_HUMAN,,,,To_add,,,,complex,,,,,,,FALSE,,,Interacts with TYROBP/DAP12
ERBB3_ERBB4 complex,P21860,ERBB3_HUMAN,Q15303,ERBB4_HUMAN,,,,,False,False,False,False,False,True,True,False,False,,False,True,,False,,False,False,True,False,ERBB3_HUMAN,ERBB4_HUMAN,,,,,,,,Migration,,,,,,,FALSE,,,Heterodimer of an alpha chain and a beta chain (beta-2-microglobulin)
AT10A complex,O60312,AT10A_HUMAN,Q9NV96,CC50A_HUMAN,,,,,False,False,False,False,False,False,True,False,False,,False,False,,False,,False,False,True,True,AT10A_HUMAN,CC50A_HUMAN,,,,,,,,,,,,,,,FALSE,,,"Exit from the endoplasmic reticulum requires the presence of TMEM30A, but not that of TMEM30B"
IL20 receptor Type II,Q8N6P7,I22R1_HUMAN,Q6UXL0,I20RB_HUMAN,,,,,False,False,False,False,False,True,True,False,False,,False,True,"Cytokine receptor IL10 family, IL20 subfamily",True,,False,False,True,False,I22R1_HUMAN,I20RB_HUMAN,,,To_add,To_add,,,cytokine_receptor,cytokine_receptor,,,,,,,FALSE,,,Component of IL22 receptor formed by IL22RA1 and IL10RB
ADR complex,Q96A54,ADR1_HUMAN,Q86V24,ADR2_HUMAN,,,,,False,False,False,False,False,True,True,False,False,,False,True,,False,,False,False,True,False,ADR1_HUMAN,ADR2_HUMAN,,,,,,,,,,,,,,,FALSE,,,May form homooligomers and heterooligomers with ADIPOR2.
SLC16A3 complex,P35613,BASI_HUMAN,O15427,MOT4_HUMAN,,,,,False,False,False,False,False,False,True,False,True,,False,False,,False,,False,False,True,True,BASI_HUMAN,MOT4_HUMAN,,,,,,,Possible_receptor,,,,,,,,FALSE,,,"Plays an important role in targeting the monocarboxylate transporters SLC16A1, SLC16A3 and SLC16A8 to the plasma membrane."
SIRB1 complex,O00241,SIRB1_HUMAN,O43914,TYOBP_HUMAN,,,,,False,False,False,False,True,True,True,False,False,,False,True,,False,,False,False,True,False,SIRB1_HUMAN,TYOBP_HUMAN,,,To_add | To_comment,To_add,,,Iglike | Receptor_add,complex,,,Receptor_add,,,,FALSE,,,Homodimer; disulfide-linked. Interacts with TYROBP. This interaction results in the recruitment of SYK.
a8b1 complex,P05556,ITB1_HUMAN,P53708,ITA8_HUMAN,,,,,True,False,False,True,False,False,True,False,False,,False,False,,False,,False,False,True,False,ITB1_HUMAN,ITA8_HUMAN,,,,,,,Migration,Integrin,,,,,,,FALSE,,,Well known integrin combination
CD94:NKG2C,Q13241,KLRD1_HUMAN,P26717,NKG2C_HUMAN,,,,,False,False,False,False,False,True,True,False,False,,False,True,,True,,False,False,True,False,KLRD1_HUMAN,NKG2C_HUMAN,,,To_add,To_add | To_comment,,,KLR_add (uniprot),KLR_add (uniprot),,,,Extracellular_add,,,FALSE,,,
dopamine 2 receptor,P14416,DRD2_HUMAN,P21917,DRD4_HUMAN,,,,,False,False,False,False,False,True,True,False,False,,False,True,,False,,False,False,True,False,DRD2_HUMAN,DRD4_HUMAN,,,,,,,,,,,,,,,FALSE,,,Forms homo- and heterooligomers with DRD4.
bradykinin  receptor,P30411,BKRB2_HUMAN,P16284,PECA1_HUMAN,,,,,False,False,False,False,False,False,True,False,False,,False,False,,False,,False,False,True,False,BKRB2_HUMAN,PECA1_HUMAN,,,,,,,,,,,,,,,FALSE,,,Interacts with PECAM1.
IL37 receptor,Q13478,IL18R_HUMAN,Q6IA17,SIGIR_HUMAN,,,,,False,False,False,False,False,True,True,False,False,,False,True,Cytokine receptor IL1 family,True,,False,False,True,False,IL18R_HUMAN,SIGIR_HUMAN,,,To_add,To_add,,,Iglike,Iglike,,,,,,,FALSE,,,"See paper Nold-Petry et al., 2015. Also called IL37"
LRFN2LRFN4 complex,Q9ULH4,LRFN2_HUMAN,Q6PJG9,LRFN4_HUMAN,,,,,False,False,False,False,False,False,True,False,False,,False,False,,False,,False,False,True,False,LRFN2_HUMAN,LRFN4_HUMAN,,,,To_add,,,,Iglike,,,,,,,FALSE,,,"Forms heteromeric complexes with LRFN1, LRFN3, LRFN4 and LRFN5."
PK1L1PKD2 complex,Q8TDX9,PK1L1_HUMAN,Q13563,PKD2_HUMAN,,,,,False,False,False,False,False,False,True,False,False,,False,False,,False,,False,False,True,False,PK1L1_HUMAN,PKD2_HUMAN,,,,,,,,,,,,,,,FALSE,,,forms a complex with PKD2 in cilia to facilitate flow detection in left/right patterning.
IL13 receptor,P78552,I13R1_HUMAN,P24394,IL4RA_HUMAN,,,,,False,False,False,False,False,True,True,False,False,,False,True,"Cytokine receptor IL2 family, IL4 subfamily",True,,False,False,True,False,I13R1_HUMAN,IL4RA_HUMAN,,,To_add,,,,cytokine_receptor,,,,,,,,binding,3bpo,IL13;IL13RA1;IL4R,Together with IL4RA can form a functional receptor for IL13
aVb6 complex,P06756,ITAV_HUMAN,P18564,ITB6_HUMAN,,,,,True,False,False,True,False,False,True,False,False,,False,False,,False,,False,False,True,False,ITAV_HUMAN,ITB6_HUMAN,,,To_add | To_comment,To_add,,,Migration | Adhesion_add (uniprot),Integrin (uniprot),,,Adhesion_add,,,,TRUE,4um8,ITGAV;ITGB6,Well known integrin combination
IL11 receptor,Q14626,I11RA_HUMAN,P40189,IL6RB_HUMAN,,,,,False,False,False,False,False,True,True,False,False,,False,True,Cytokine receptor IL6 family,True,,False,False,True,False,I11RA_HUMAN,IL6RB_HUMAN,,,To_add,,,,cytokine_receptor,,,,,,,,FALSE,,,"On ligand binding, forms a multimer complex with IL6ST/gp130."
UPK3A complex,O75631,UPK3A_HUMAN,O75841,UPK1B_HUMAN,,,,,False,False,False,False,False,False,True,False,False,,False,False,,False,,False,False,True,False,UPK3A_HUMAN,UPK1B_HUMAN,,,To_add,To_add,,,complex,complex,,,,,,,FALSE,,,Heterodimer formation with UPK1B is a prerequisite to exit out of the endoplasmic reticulum (ER).
IL21 receptor,Q9HBE5,IL21R_HUMAN,P31785,IL2RG_HUMAN,,,,,False,False,False,False,False,True,True,False,False,,False,True,Cytokine receptor IL2 family,True,,False,False,True,False,IL21R_HUMAN,IL2RG_HUMAN,,,To_add,To_add,,,cytokine_receptor,cytokine_receptor,,,,,,,FALSE,,,Heterodimer with the common gamma subunit.
UPK3B complex,Q9BT76,UPK3B_HUMAN,O75841,UPK1B_HUMAN,,,,,False,False,False,False,False,False,True,False,False,,False,False,,False,,False,False,True,False,UPK3B_HUMAN,UPK1B_HUMAN,,,,To_add,,,,complex,,,,,,,FALSE,,,Heterodimer formation with UPK1B is a prerequisite to exit out of the endoplasmic reticulum (ER).
IL33 receptor,Q01638,ILRL1_HUMAN,Q9NPH3,IL1AP_HUMAN,,,,,False,False,False,False,False,True,True,False,False,,False,True,Cytokine receptor IL1 family,True,,False,False,True,False,ILRL1_HUMAN,IL1AP_HUMAN,,,,,,,,,,,,,,,FALSE,,,
DCC complex,Q8IZJ1,UNC5B_HUMAN,P43146,DCC_HUMAN,,,,,False,False,False,False,False,True,True,False,False,,False,True,,False,,False,False,True,False,UNC5B_HUMAN,DCC_HUMAN,,,,To_add,,,,Iglike,,,,,,,FALSE,,,Interacts with the cytoplasmic part of DCC.
serotonin rceptor 2,P08908,5HT1A_HUMAN,Q99527,GPER1_HUMAN,,,,,False,False,False,False,False,True,True,False,False,,False,True,,False,,False,False,True,True,5HT1A_HUMAN,GPER1_HUMAN,,,,,,,,,,,,,,,FALSE,,,Heterodimer; heterodimerizes with GPER1.
contactin complex III,Q12860,CNTN1_HUMAN,P18433,PTPRA_HUMAN,,,,,True,False,False,False,False,False,True,False,False,,False,False,,False,,False,False,True,False,CNTN1_HUMAN,PTPRA_HUMAN,,,,To_add,,,,complex,,,,,,,FALSE,,,Contactin-1 associates with protein tyrosine phosphatase a (PTPa) in cis
CY24 complex,P04839,CY24B_HUMAN,P13498,CY24A_HUMAN,,,,,False,False,False,False,False,False,True,False,False,,False,False,,False,,False,False,True,False,CY24B_HUMAN,CY24A_HUMAN,,,,,,,,,,,,,,,FALSE,,,Composed of a heavy chain (beta) and a light chain (alpha)
KCNE3KCNB1 complex,Q9Y6H6,KCNE3_HUMAN,Q14721,KCNB1_HUMAN,,,,,False,False,False,False,False,False,True,False,False,,False,False,,False,,False,False,True,False,KCNE3_HUMAN,KCNB1_HUMAN,,,,,,,,,,,,,,,FALSE,,,Colocalizes with KCNB1 at high-density somatodendritic clusters on the surface of hippocampal neurons
MR1 complex,P61769,B2MG_HUMAN,P61769,B2MG_HUMAN,Q95460,HMR1_HUMAN,,,False,False,False,False,False,True,True,False,False,,False,True,,False,,False,False,True,False,B2MG_HUMAN,B2MG_HUMAN,HMR1_HUMAN,,To_add,To_add,To_comment,,Iglike,Iglike,,,,,Receptor_add,,TRUE,4gup,B2M;MR1,"Heterodimerizes with B2M, this interaction is required for surface expression."
IL28 receptor,Q8IU57,INLR1_HUMAN,Q08334,I10R2_HUMAN,,,,,False,False,False,False,False,True,True,False,False,,False,True,Cytokine receptor family,True,,False,False,True,False,INLR1_HUMAN,I10R2_HUMAN,,,To_add,To_add,,,cytokine_receptor,cytokine_receptor,,,,,,,binding,5t5w,IFNL3;IFNLR1;IL10RB,IFNLR1/IL10RB dimer is a receptor
opioid receptor N,P35372,OPRM_HUMAN,Q9Y5X5,NPFF2_HUMAN,,,,,False,False,False,False,False,True,True,False,False,,False,True,,False,,False,False,True,False,OPRM_HUMAN,NPFF2_HUMAN,,,,,,,,,,,,,,,FALSE,,,"Forms homooligomers and heterooligomers with other GPCRs, such as NPFFR2 (probably in dimeric forms)"
KCND2KCIP1 complex,Q9NZV8,KCND2_HUMAN,Q9NZI2,KCIP1_HUMAN,,,,,False,False,False,False,False,False,True,False,False,,False,False,,False,,False,False,True,True,KCND2_HUMAN,KCIP1_HUMAN,,,,,,,,,,,,,,,FALSE,,,"Interaction with KCNIP1, KCNIP2, KCNIP3 or KCNIP4 promotes expression at the cell membrane"
PlexinA1_complex2,Q9UIW2,PLXA1_HUMAN,Q9NZC2,TREM2_HUMAN,O43914,TYOBP_HUMAN,,,False,False,False,False,False,True,True,False,False,,False,True,,False,,False,False,True,False,PLXA1_HUMAN,TREM2_HUMAN,TYOBP_HUMAN,,,,To_add,,,,complex,,,,,,FALSE,,,PMID: 22325954
AT8A2 complex,Q9NTI2,AT8A2_HUMAN,Q9NV96,CC50A_HUMAN,,,,,False,False,False,False,False,False,True,False,False,,False,False,,False,,False,False,True,True,AT8A2_HUMAN,CC50A_HUMAN,,,,,,,,,,,,,,,FALSE,,,Interacts with TMEM30A to form a flippase complex.
IL27 receptor,Q6UWB1,I27RA_HUMAN,P40189,IL6RB_HUMAN,,,,,False,False,False,False,False,True,True,False,False,,False,True,Cytokine receptor IL6 family,True,,False,False,True,False,I27RA_HUMAN,IL6RB_HUMAN,,,To_add,,,,cytokine_receptor,,,,,,,,FALSE,,,Requires IL6ST/gp130 to mediate signal transduction in response to IL27.
SLC16A1 complex,P35613,BASI_HUMAN,P53985,MOT1_HUMAN,,,,,False,False,False,False,False,False,True,False,False,,False,False,,False,,False,False,True,True,BASI_HUMAN,MOT1_HUMAN,,,,,,,Possible_receptor,,,,,,,,FALSE,,,Interacts with BSG; this is required for expression at the cell membrane.
aEb7 complex,P26010,ITB7_HUMAN,P38570,ITAE_HUMAN,,,,,True,False,False,True,False,False,True,False,False,,False,False,,False,,False,False,True,False,ITB7_HUMAN,ITAE_HUMAN,,,To_add,To_add,,,Integrin (uniprot),Integrin (uniprot),,,,,,,FALSE,,,Well known integrin combination
UNC5C complex,O95185,UNC5C_HUMAN,P43146,DCC_HUMAN,,,,,False,False,False,False,False,False,True,False,False,,False,False,,False,,False,False,True,False,UNC5C_HUMAN,DCC_HUMAN,,,,To_add,,,,Iglike,,,,,,,FALSE,,,Interacts with the cytoplasmic part of DCC.
a4b1 complex,P05556,ITB1_HUMAN,P13612,ITA4_HUMAN,,,,,True,False,False,True,False,False,True,False,False,,False,False,,False,,False,False,True,False,ITB1_HUMAN,ITA4_HUMAN,,,,To_add,,,Migration,Integrin (uniprot),,,,,,,FALSE,,,Well known integrin combination
aVb5 complex,P18084,ITB5_HUMAN,P06756,ITAV_HUMAN,,,,,True,False,False,True,False,False,True,False,False,,False,False,,False,,False,False,True,False,ITB5_HUMAN,ITAV_HUMAN,,,To_add,To_add | To_comment,,,Integrin (uniprot),Migration | Adhesion_add (uniprot),,,,Adhesion_add,,,FALSE,,,Well known integrin combination
ABCG5ABCG8 complex,Q9H222,ABCG5_HUMAN,Q9H221,ABCG8_HUMAN,,,,,False,False,False,False,False,False,True,False,False,,False,False,,False,,False,False,True,True,ABCG5_HUMAN,ABCG8_HUMAN,,,To_add,To_add,,,complex,complex,,,,,,,TRUE,5do7,ABCG5;ABCG8,May form heterodimers with ABCG8 or be tightly coupled to ABCG8
DSCAM complex,O60469,DSCAM_HUMAN,P43146,DCC_HUMAN,,,,,True,False,False,False,False,False,True,False,False,,False,False,,False,,False,False,True,False,DSCAM_HUMAN,DCC_HUMAN,,,,To_add,,,,Iglike,,,,,,,FALSE,,,Interacts with DCC; the interaction is abolished in response to NTN1 (By similarity).
KCND2CSEN complex,Q9NZV8,KCND2_HUMAN,Q9Y2W7,CSEN_HUMAN,,,,,False,False,False,False,False,False,True,False,False,,False,False,,False,,False,False,True,True,KCND2_HUMAN,CSEN_HUMAN,,,,,,,,,,,,,,,FALSE,,,Involved in KCND2 and KCND3 trafficking to the cell surface.
GABBR1_2 complex,Q9UBS5,GABR1_HUMAN,O75899,GABR2_HUMAN,,,,,False,False,False,False,False,True,True,False,False,,False,True,,False,,False,False,True,True,GABR1_HUMAN,GABR2_HUMAN,,,,,,,,,,,,,,,TRUE,4mqe,GABBR1;GABBR2,Coexpression of GABBR1 and GABBR2 is required for GABBR1 maturation and transport to the plasma membrane.
a2Bb3 complex,P08514,ITA2B_HUMAN,P05106,ITB3_HUMAN,,,,,True,False,False,True,False,False,True,False,False,,False,False,,False,,False,False,True,False,ITA2B_HUMAN,ITB3_HUMAN,,,To_add,,,,Integrin (uniprot),Migration,,,,,,,TRUE,1kup,ITGA2B;ITGB3,Well known integrin combination
CD8 receptor,P01732,CD8A_HUMAN,P10966,CD8B_HUMAN,,,,,False,False,False,False,False,True,True,False,False,,False,True,T cell receptor add,True,,False,False,True,False,CD8A_HUMAN,CD8B_HUMAN,,,To_comment,To_comment,,,,,,,Receptor_add,Receptor_add,,,FALSE,,,In general heterodimer of an alpha and a beta chain linked by two disulfide bonds. Can also form homodimers.
KCNS1KCNB2 complex,Q96KK3,KCNS1_HUMAN,Q92953,KCNB2_HUMAN,,,,,False,False,False,False,False,False,True,False,False,,False,False,,False,,False,False,True,True,KCNS1_HUMAN,KCNB2_HUMAN,,,,,,,,,,,,,,,FALSE,,,May not reach the plasma membrane but remain in an intracellular compartment in the absence of KCNB1 or KCNB2
CD277 complex,O00481,BT3A1_HUMAN,P78410,BT3A2_HUMAN,,,,,False,False,False,False,False,False,True,False,True,Possible_receptor,False,False,,False,,False,False,True,False,BT3A1_HUMAN,BT3A2_HUMAN,,,,,,,Possible_receptor,Possible_receptor,,,,,,,FALSE,,,Collaborater suggestion
KCNS1KCNB1 complex,Q96KK3,KCNS1_HUMAN,Q14721,KCNB1_HUMAN,,,,,False,False,False,False,False,False,True,False,False,,False,False,,False,,False,False,True,True,KCNS1_HUMAN,KCNB1_HUMAN,,,,,,,,,,,,,,,FALSE,,,May not reach the plasma membrane but remain in an intracellular compartment in the absence of KCNB1 or KCNB2
contactin complex IV,Q02246,CNTN2_HUMAN,Q9UHC6,CNTP2_HUMAN,,,,,True,False,False,False,False,False,True,False,False,,False,False,,False,,False,False,True,False,CNTN2_HUMAN,CNTP2_HUMAN,,,,To_add,,,,complex,,,,,,,FALSE,,,Interacts with contactin in cis form.
CNTF-2R,O75462,CRLF1_HUMAN,P26992,CNTFR_HUMAN,P42702,LIFR_HUMAN,P40189,IL6RB_HUMAN,False,False,False,False,False,True,True,False,False,,False,True,Cytokine receptor IL6 family,True,,False,False,True,False,CRLF1_HUMAN,CNTFR_HUMAN,LIFR_HUMAN,IL6RB_HUMAN,,,,,,,,,,,,,FALSE,,,Cytokine receptor family; Interleukin 6 family
estrogen receptor,Q99527,GPER1_HUMAN,P78352,DLG4_HUMAN,,,,,False,False,False,False,False,True,True,False,False,,False,True,estrogen receptor add,True,,False,False,True,False,GPER1_HUMAN,DLG4_HUMAN,,,,,,,,,,,,,,,FALSE,,,Interacts (via C-terminus tail motif) with DLG4 (via N-terminus tandem pair of PDZ domains); the interaction is direct and induces the increase of GPER1 protein levels residing at the plasma membrane surface in a estradiol-independent manner (By similarity)
IL12 receptor,P42701,I12R1_HUMAN,Q99665,I12R2_HUMAN,,,,,False,False,False,False,False,True,True,False,False,,False,True,"Cytokine receptor IL6 family, IL12 subfamily",True,,False,False,True,False,I12R1_HUMAN,I12R2_HUMAN,,,To_add,To_add,,,cytokine_receptor,cytokine_receptor,,,,,,,FALSE,,,"Associated with IL12RB2 it forms a functional, high affinity receptor for IL12"
IL17 AF,Q16552,IL17_HUMAN,Q96PD4,IL17F_HUMAN,,,,,False,False,True,False,True,False,True,True,False,,False,False,,False,Cytokine,True,True,False,False,IL17_HUMAN,IL17F_HUMAN,,,,,,,,,,,,,,,FALSE,,,
ACVR2A complex II,Q04771,ACVR1_HUMAN,P27037,AVR2A_HUMAN,,,,,False,False,False,False,False,True,True,False,False,,False,True,TGFBeta_receptor_add,True,,False,False,True,False,ACVR1_HUMAN,AVR2A_HUMAN,,,To_add,To_add,,,Receptor for activin. (uniprot),complex (uniprot),,,,,,,FALSE,,,Transmembrane serine/threonine kinase activin type-1 receptor forming an activin receptor complex with activin receptor type-2 (ACVR2A or ACVR2B).
opioid receptor C,P35372,OPRM_HUMAN,P21554,CNR1_HUMAN,,,,,False,False,False,False,False,True,True,False,False,,False,True,,False,,False,False,True,False,OPRM_HUMAN,CNR1_HUMAN,,,,,,,,,,,,,,,FALSE,,,"Forms homooligomers and heterooligomers with other GPCRs, such as CNR1 (probably in dimeric forms)"
LRC52 complex,Q8N7C0,LRC52_HUMAN,A8MYU2,KCNU1_HUMAN,,,,,False,False,False,False,False,True,True,False,False,,False,True,,False,,False,False,True,False,LRC52_HUMAN,KCNU1_HUMAN,,,To_comment,,,,,,,,Receptor_add,,,,FALSE,,,Expression at the cell surface may require the presence of KCNU1.
ADRA1 receptor,P35348,ADA1A_HUMAN,P35368,ADA1B_HUMAN,,,,,False,False,False,False,False,True,True,False,False,,False,True,,False,,False,False,True,False,ADA1A_HUMAN,ADA1B_HUMAN,,,,,,,,,,,,,,,FALSE,,,Homo- and heterooligomer. Heterooligomerizes with ADRA1B homooligomers in cardiac myocytes.
GPER1 receptor,P34998,CRFR1_HUMAN,Q99527,GPER1_HUMAN,,,,,False,False,False,False,False,True,True,False,False,,False,True,hormone receptor,True,,False,False,True,False,CRFR1_HUMAN,GPER1_HUMAN,,,,,,,,,,,,,,,FALSE,,,Heterodimer; heterodimerizes with GPER1 (By similarity).
a5b1 complex,P05556,ITB1_HUMAN,P08648,ITA5_HUMAN,,,,,True,False,False,True,False,False,True,False,False,,False,False,,False,,False,False,True,False,ITB1_HUMAN,ITA5_HUMAN,,,,To_add,,,Migration,Integrin (uniprot),,,,,,,FALSE,,,Well known integrin combination
AT8B4CC50A complex,Q8TF62,AT8B4_HUMAN,Q9NV96,CC50A_HUMAN,,,,,False,False,False,False,False,False,True,False,False,,False,False,,False,,False,False,True,True,AT8B4_HUMAN,CC50A_HUMAN,,,,,,,,,,,,,,,FALSE,,,Interacts with beta subunits TMEM30A and TMEM30B
aMb2 complex,P05107,ITB2_HUMAN,P11215,ITAM_HUMAN,,,,,True,False,False,True,True,False,True,False,False,,False,False,,False,,False,False,True,False,ITB2_HUMAN,ITAM_HUMAN,,,To_add,To_add,,,Integrin (uniprot),Integrin (uniprot),,,,,,,FALSE,,,Well known integrin combination
TYRP complex,P17643,YRP1_HUMAN,P40126,TYRP2_HUMAN,,,,,False,False,False,False,False,False,True,False,False,,False,False,,False,,False,False,True,False,YRP1_HUMAN,TYRP2_HUMAN,,,To_add,To_add,,,complex,complex,,,,,,,FALSE,,,"Tyrosinase, TYRP1 and DCT/TYRP2 may form a multienzyme complex."
CD3 receptor EG,P07766,CD3E_HUMAN,P09693,CD3G_HUMAN,,,,,False,False,False,False,False,True,True,False,False,,False,True,T cell receptor add,True,,False,False,True,False,CD3E_HUMAN,CD3G_HUMAN,,,,To_add,,,,Iglike,,,,,,,FALSE,,,One part of CD3 complex
RAMP3 complex 2,Q16602,CALRL_HUMAN,O60896,RAMP3_HUMAN,,,,,False,False,False,False,False,True,True,False,False,,False,True,,False,,False,False,True,True,CALRL_HUMAN,RAMP3_HUMAN,,,,,,,,,,,,,,,FALSE,,,Heterodimer of CALCRL and RAMP3 (By similarity). Heterodimer of CALCRL and RAMP1 or CALCRL and RAMP2.
SCN complex,P51172,SCNND_HUMAN,P51168,SCNNB_HUMAN,P51170,SCNNG_HUMAN,,,False,False,False,False,False,False,True,False,False,,False,False,,False,,False,False,True,True,SCNND_HUMAN,SCNNB_HUMAN,SCNNG_HUMAN,,,,,,,,,,,,,,FALSE,,,"Heterotrimer containing a delta/SCNN1D, a beta/SCNN1B and a gamma/SCNN1G subunit."
PCDH15 complex,Q96QU1,PCD15_HUMAN,Q8TAF8,TMHS_HUMAN,,,,,True,False,False,False,False,False,True,False,False,,False,False,,False,,False,False,True,False,PCD15_HUMAN,TMHS_HUMAN,,,,,,,Protocadherin,,,,,,,,FALSE,,,Efficient localization to the plasma membrane requires the presence of LHFPL5
CD79_IGHM receptor,P11912,CD79A_HUMAN,P40259,CD79B_HUMAN,P01871,IGHM_HUMAN,,,False,False,False,False,False,True,True,False,False,,False,True,,False,,False,False,True,False,CD79A_HUMAN,CD79B_HUMAN,IGHM_HUMAN,,To_comment,To_comment,,,,,Ig chain,,Receptor_add,Receptor_add,,,FALSE,,,Membrane-bound IgM molecules are non-covalently associated with heterodimer of CD79A and CD79B
IL2 receptor_HA,P01589,IL2RA_HUMAN,P14784,IL2RB_HUMAN,P31785,IL2RG_HUMAN,,,False,False,False,False,False,True,True,False,False,,False,True,Cytokine receptor IL2 family,True,,False,False,True,False,IL2RA_HUMAN,IL2RB_HUMAN,IL2RG_HUMAN,,To_add,To_add,To_add,,Cytokine_receptor_add (uniprot),cytokine_receptor,cytokine_receptor,,,,,,binding,2b5i,IL2;IL2RA;IL2RB;IL2RG,"A high affinity dimer, an intermediate affinity monomer (beta subunit). The high and intermediate affinity forms also associate with a gamma subunit."
IL27,Q14213,IL27B_HUMAN,Q8NEV9,IL27A_HUMAN,,,,,False,False,True,False,True,False,True,True,False,,False,False,,False,Cytokine receptor IL6 family,True,True,False,False,IL27B_HUMAN,IL27A_HUMAN,,,,,,,,,,,,,,,FALSE,,,
a6b4 complex,P16144,ITB4_HUMAN,P23229,ITA6_HUMAN,,,,,True,False,False,True,True,False,True,False,False,,False,False,,False,,False,False,True,False,ITB4_HUMAN,ITA6_HUMAN,,,,,,,Integrin,Integrin,,,,,,,FALSE,,,Well known integrin combination
GPVI complex,Q9HCN6,GPVI_HUMAN,P30273,FCERG_HUMAN,,,,,False,False,False,False,False,True,True,False,False,,False,True,,False,,False,False,True,False,GPVI_HUMAN,FCERG_HUMAN,,,,,,,,,,,,,,,FALSE,,,Associated with Fc receptor gamma chain. The GPVI-FcRgamma complex is associated with the Src kinase family Fyn and Lyn.
TGFbeta receptor1,P36897,TGFR1_HUMAN,P37173,TGFR2_HUMAN,,,,,False,False,False,False,False,True,True,False,False,,False,True,TGFBeta_receptor_add,True,,False,False,True,False,TGFR1_HUMAN,TGFR2_HUMAN,,,,,,,,,,,,,,,FALSE,,,"Heterohexamer; TGFB1, TGFB2 and TGFB3 homodimeric ligands assemble a functional receptor composed of two TGFBR1 and TGFBR2 heterodimers to form a ligand-receptor heterohexamer."
IL23,P29460,IL12B_HUMAN,Q9NPF7,IL23A_HUMAN,,,,,False,False,True,False,True,False,True,True,False,,False,False,,False,"Cytokine receptor IL6 family, IL12 subfamily",True,True,False,False,IL12B_HUMAN,IL23A_HUMAN,,,,,,,,,,,,,,,TRUE,3d87,IL12B;IL12B;IL23A;IL23A,
AT8A1 complex,Q9Y2Q0,AT8A1_HUMAN,Q9NV96,CC50A_HUMAN,,,,,False,False,False,False,False,False,True,False,False,,False,False,,False,,False,False,True,True,AT8A1_HUMAN,CC50A_HUMAN,,,,,,,,,,,,,,,FALSE,,,"Exit from the endoplasmic reticulum requires the presence of TMEM30A, but not TMEM30B. "
opioid receptor A,P35372,OPRM_HUMAN,P08913,ADA2A_HUMAN,,,,,False,False,False,False,False,True,True,False,False,,False,True,,False,,False,False,True,False,OPRM_HUMAN,ADA2A_HUMAN,,,,,,,,,,,,,,,FALSE,,,"Forms homooligomers and heterooligomers with other GPCRs, such as ADRA2A (probably in dimeric forms)"
BMPR1A complex,P36894,BMR1A_HUMAN,Q13873,BMPR2_HUMAN,,,,,False,False,False,False,False,True,True,False,False,,False,True,,False,,False,False,True,False,BMR1A_HUMAN,BMPR2_HUMAN,,,To_add | To_comment,,,,complex (uniprot),,,,Extracellular_add,,,,FALSE,,,"On ligand binding, forms a receptor complex consisting of two type II and two type I transmembrane serine/threonine kinases."
CD94:NKG2E,Q13241,KLRD1_HUMAN,Q07444,NKG2E_HUMAN,,,,,False,False,False,False,False,True,True,False,False,,False,True,,True,,False,False,True,False,KLRD1_HUMAN,NKG2E_HUMAN,,,To_add,To_add,,,KLR_add (uniprot),KLR_add (uniprot),,,,,,,FALSE,,,
Type II IFNR,P15260,INGR1_HUMAN,P38484,INGR2_HUMAN,,,,,False,False,False,False,False,True,True,False,False,,False,True,Cytokine receptor family,True,,False,False,True,False,INGR1_HUMAN,INGR2_HUMAN,,,,,,,,,,,,,,,binding,1fg9,IFNG;IFNG;IFNGR1;IFNGR1;IFNGR1,Associates with IFNGR2 to form a receptor for the cytokine interferon gamma (IFNG)
LRFN3LRFN4 complex,Q9BTN0,LRFN3_HUMAN,Q6PJG9,LRFN4_HUMAN,,,,,True,False,False,False,False,False,True,False,False,,False,False,,False,,False,False,True,False,LRFN3_HUMAN,LRFN4_HUMAN,,,,To_add,,,,Iglike,,,,,,,FALSE,,,"Can form heteromeric complexes with LRFN1, LRFN2, LRFN4 and LRFN5."
CD1B complex,P61769,B2MG_HUMAN,P29016,CD1B_HUMAN,,,,,False,False,False,False,False,False,True,False,False,,False,False,,False,,False,False,True,False,B2MG_HUMAN,CD1B_HUMAN,,,To_add,,,,Iglike,,,,,,,,TRUE,1gzp,B2M;CD1B,Heterodimer with B2M (beta-2-microglobulin). Interacts with MHC II.
serotonine receptor2,P28335,5HT2C_HUMAN,O75970,MPDZ_HUMAN,,,,,False,False,False,False,False,True,True,False,False,,False,True,,False,,False,False,True,True,5HT2C_HUMAN,MPDZ_HUMAN,,,,,,,,,,,,,,,FALSE,,,The encoded protein is known to interact with the HTR2C receptor and may cause it to clump at the cell surface.
PlexinA3_complex1,O14786,NRP1_HUMAN,P51805,PLXA3_HUMAN,,,,,False,False,False,False,False,True,True,False,False,,False,True,,False,,False,False,True,False,NRP1_HUMAN,PLXA3_HUMAN,,,,,,,,,,,,,,,FALSE,,,PMID: 22325954
5HT3C5HT3A complex,Q8WXA8,5HT3C_HUMAN,P46098,5HT3A_HUMAN,,,,,False,False,False,False,False,True,True,False,False,,False,True,,False,,False,False,True,True,5HT3C_HUMAN,5HT3A_HUMAN,,,,,,,,,,,,,,,FALSE,,,Note: Presumably retained within the endoplasmic reticulum unless complexed with HTR3A.
IL5 receptor,P32927,IL3RB_HUMAN,Q01344,IL5RA_HUMAN,,,,,False,False,False,False,False,True,True,False,False,,False,True,Cytokine receptor IL3 family,True,,False,False,True,False,IL3RB_HUMAN,IL5RA_HUMAN,,,To_add,To_add,,,cytokine_receptor,cytokine_receptor,,,,,,,FALSE,,,Heterodimer of an alpha and a beta subunit.
a4b7 complex,P26010,ITB7_HUMAN,P13612,ITA4_HUMAN,,,,,True,False,False,True,False,False,True,False,False,,False,False,,False,,False,False,True,False,ITB7_HUMAN,ITA4_HUMAN,,,To_add,To_add,,,Integrin (uniprot),Integrin (uniprot),,,,,,,FALSE,,,Well known integrin combination
RAMP3 complex,O60896,RAMP3_HUMAN,Q16602,CALRL_HUMAN,Q99527,GPER1_HUMAN,,,False,False,False,False,False,True,True,False,False,,False,True,,False,,False,False,True,True,RAMP3_HUMAN,CALRL_HUMAN,GPER1_HUMAN,,,,,,,,,,,,,,FALSE,,,Transports the calcitonin gene-related peptide type 1 receptor (CALCRL) and GPER1 to the plasma membrane.
a3b1 complex,P05556,ITB1_HUMAN,P26006,ITA3_HUMAN,,,,,True,False,False,True,False,False,True,False,False,,False,False,,False,,False,False,True,False,ITB1_HUMAN,ITA3_HUMAN,,,,,,,Migration,Integrin,,,,,,,FALSE,,,Well known integrin combination
PK1L1PK2L1 complex,Q8TDX9,PK1L1_HUMAN,Q9P0L9,PK2L1_HUMAN,,,,,False,False,False,False,False,False,True,False,False,,False,False,,False,,False,False,True,False,PK1L1_HUMAN,PK2L1_HUMAN,,,,,,,,,,,,,,,FALSE,,,Forms a heterodimer with PKD2L1 in primary cilia and forms a calcium-permeant ciliary channel
ERBB2_ERBB4 complex,P04626,ERBB2_HUMAN,Q15303,ERBB4_HUMAN,,,,,False,False,False,False,False,True,True,False,False,,False,True,,False,,False,False,True,False,ERBB2_HUMAN,ERBB4_HUMAN,,,,,,,,Migration,,,,,,,FALSE,,,"Protein tyrosine kinase that is part of several cell surface receptor complexes, but that apparently needs a coreceptor for ligand binding."
KCNS3 complex,Q9BQ31,KCNS3_HUMAN,Q14721,KCNB1_HUMAN,,,,,False,False,False,False,False,False,True,False,False,,False,False,,False,,False,False,True,True,KCNS3_HUMAN,KCNB1_HUMAN,,,,,,,,,,,,,,,FALSE,,,May not reach the plasma membrane but remain in an intracellular compartment in the absence of KCNB1
TGFbeta receptor2,P36897,TGFR1_HUMAN,Q13705,AVR2B_HUMAN,,,,,False,False,False,False,False,True,True,False,False,,False,True,TGFBeta_receptor_add,True,,False,False,True,False,TGFR1_HUMAN,AVR2B_HUMAN,,,,,,,,IUPHAR,,,,,,,FALSE,,,"Heterohexamer; TGFB1, TGFB2 and TGFB3 homodimeric ligands assemble a functional receptor composed of two TGFBR1 and TGFBR2 heterodimers to form a ligand-receptor heterohexamer."
sodium channel complex,Q9Y5Y9,SCNAA_HUMAN,P60903,S10AA_HUMAN,,,,,False,False,False,False,False,False,True,False,False,,False,False,,False,,False,False,True,True,SCNAA_HUMAN,S10AA_HUMAN,,,,To_add,,,,complex,,,,,,,FALSE,,,It can be translocated to the extracellular membrane through association with S100A10.
KCND3CSEN complex,Q9UK17,KCND3_HUMAN,Q9Y2W7,CSEN_HUMAN,,,,,False,False,False,False,False,False,True,False,False,,False,False,,False,,False,False,True,True,KCND3_HUMAN,CSEN_HUMAN,,,,,,,,,,,,,,,FALSE,,,Involved in KCND2 and KCND3 trafficking to the cell surface.
NCR1 receptor,O76036,NCTR1_HUMAN,P20963,CD3Z_HUMAN,P30273,FCERG_HUMAN,,,False,False,False,False,False,False,True,False,True,NK receptor recognition,False,True,,False,,False,False,True,False,NCTR1_HUMAN,CD3Z_HUMAN,FCERG_HUMAN,,,To_add,,,,Part of the TCR-CD3 complex present on T-lymphocyte cell surface (uniprot),,,,,,,FALSE,,,Interacts with CD247 and FCER1G.
ATPase complex,P98196,AT11A_HUMAN,Q9NV96,CC50A_HUMAN,,,,,False,False,False,False,False,False,True,False,False,,False,False,,False,,False,False,True,True,AT11A_HUMAN,CC50A_HUMAN,,,,,,,,,,,,,,,FALSE,,,"Exit from the endoplasmic reticulum requires the presence of TMEM30A, but not that of TMEM30B."
Type III IFNR,Q08334,I10R2_HUMAN,Q8IU57,INLR1_HUMAN,,,,,False,False,False,False,False,True,True,False,False,,False,True,,False,,False,False,True,False,I10R2_HUMAN,INLR1_HUMAN,,,To_add,To_add,,,cytokine_receptor,cytokine_receptor,,,,,,,FALSE,,,
CD180 complex,Q99467,CD180_HUMAN,O95711,LY86_HUMAN,,,,,False,False,False,False,False,True,True,False,False,,False,True,,False,,False,False,True,False,CD180_HUMAN,LY86_HUMAN,,,,,,,,,,,,,,,TRUE,3b2d,CD180;CD180;LY86;LY86,M-shaped tetramer of two CD180-LY86 heterodimers.
serotonine receptor1,P28222,5HT1B_HUMAN,P28221,5HT1D_HUMAN,,,,,False,False,False,False,False,True,True,False,False,,False,True,,False,,False,False,True,True,5HT1B_HUMAN,5HT1D_HUMAN,,,,,,,,,,,,,,,FALSE,,,Homodimer. Heterodimer with HTR1D.
KCNS2KCNB2 complex,Q9ULS6,KCNS2_HUMAN,Q92953,KCNB2_HUMAN,,,,,False,False,False,False,False,False,True,False,False,,False,False,,False,,False,False,True,True,KCNS2_HUMAN,KCNB2_HUMAN,,,,,,,,,,,,,,,FALSE,,,Heterotetramer with KCNB1 and KCNB2
CLM4 receptor,Q6UXZ3,CLM4_HUMAN,O43914,TYOBP_HUMAN,P30273,FCERG_HUMAN,,,False,False,False,False,False,True,True,False,False,,False,True,,False,,False,False,True,False,CLM4_HUMAN,TYOBP_HUMAN,FCERG_HUMAN,,,To_add,,,,complex,,,,,,,FALSE,,,Cell surface localization requires the ITAM-bearing Fc receptor FCER1G to overcome ER retention.
opioid receptor D 1,P35372,OPRM_HUMAN,P41143,OPRD_HUMAN,Q96DX8,RTP4_HUMAN,,,False,False,False,False,False,True,True,False,False,,False,True,,False,,False,False,True,False,OPRM_HUMAN,OPRD_HUMAN,RTP4_HUMAN,,,,To_add,,,,complex,,,,,,FALSE,,, Interacts with RTP4; the interaction promotes cell surface localization of the OPRD1-OPRM1 heterodimer (By similarity).
IL35,Q14213,IL27B_HUMAN,P29459,IL12A_HUMAN,,,,,False,False,True,False,True,False,True,True,False,,False,False,,False,Cytokine receptor,True,True,False,False,IL27B_HUMAN,IL12A_HUMAN,,,,,,,,,,,,,,,FALSE,,,
opioid receptor GMP6A,P35372,OPRM_HUMAN,P51674,GPM6A_HUMAN,,,,,False,False,False,False,False,True,True,False,False,,False,True,,False,,False,False,True,False,OPRM_HUMAN,GPM6A_HUMAN,,,,,,,,,,,,,,,FALSE,,,Interacts with OPRM1.
opioid receptor L 1,P35372,OPRM_HUMAN,P41146,OPRX_HUMAN,,,,,False,False,False,False,False,True,True,False,False,,False,True,,False,,False,False,True,False,OPRM_HUMAN,OPRX_HUMAN,,,,,,,,,,,,,,,FALSE,,,"Forms homooligomers and heterooligomers with other GPCRs, such as OPRL1 (probably in dimeric forms)"
VANG complex,Q8TAA9,VANG1_HUMAN,Q9ULK5,VANG2_HUMAN,,,,,False,False,False,False,False,False,True,False,False,,False,False,,False,,False,False,True,False,VANG1_HUMAN,VANG2_HUMAN,,,,,,,,,,,,,,,FALSE,,,Heterodimer with VANGL2.
ACVR2A complex III,Q8NER5,ACV1C_HUMAN,P27037,AVR2A_HUMAN,,,,,False,False,False,False,False,True,True,False,False,,False,True,,False,,False,False,True,False,ACV1C_HUMAN,AVR2A_HUMAN,,,To_add,To_add,,,Receptor for activin AB,complex (uniprot),,,,,,,FALSE,,,
a11b1 complex,P05556,ITB1_HUMAN,Q9UKX5,ITA11_HUMAN,,,,,True,False,False,True,False,False,True,False,False,,False,False,,False,,False,False,True,False,ITB1_HUMAN,ITA11_HUMAN,,,,To_add,,,Migration,Integrin (uniprot),,,,,,,FALSE,,,Well known integrin combination
LRFN2LRFN3 complex,Q9ULH4,LRFN2_HUMAN,Q9BTN0,LRFN3_HUMAN,,,,,False,False,False,False,False,False,True,False,False,,False,False,,False,,False,False,True,False,LRFN2_HUMAN,LRFN3_HUMAN,,,,,,,,,,,,,,,FALSE,,,"Forms heteromeric complexes with LRFN1, LRFN3, LRFN4 and LRFN5."
UNC5A receptor,Q6ZN44,UNC5A_HUMAN,P43146,DCC_HUMAN,,,,,False,False,False,False,False,True,True,False,False,,False,True,,False,,False,False,True,False,UNC5A_HUMAN,DCC_HUMAN,,,,To_add,,,,Iglike,,,,,,,FALSE,,,Interacts with the cytoplasmic part of DCC.
Glycoprotein Ib  complex,P07359,GP1BA_HUMAN,P13224,GP1BB_HUMAN,,,,,True,False,False,False,False,True,True,False,False,,False,True,,False,,False,False,True,False,GP1BA_HUMAN,GP1BB_HUMAN,,,To_add,To_add,,,a surface membrane protein of platelets (uniprot),surface membrane protein of platelets (uniprot),,,,,,,FALSE,,,Two GP-Ib beta are disulfide-linked to one GP-Ib alpha.
SLC16A8 complex,P35613,BASI_HUMAN,O95907,MOT3_HUMAN,,,,,False,False,False,False,False,False,True,False,True,,False,False,,False,,False,False,True,True,BASI_HUMAN,MOT3_HUMAN,,,,,,,Possible_receptor,,,,,,,,FALSE,,,"Plays an important role in targeting the monocarboxylate transporters SLC16A1, SLC16A3 and SLC16A8 to the plasma membrane."
IL3 receptor,P32927,IL3RB_HUMAN,P26951,IL3RA_HUMAN,,,,,False,False,False,False,False,True,True,False,False,,False,True,Cytokine receptor IL3 family,True,,False,False,True,False,IL3RB_HUMAN,IL3RA_HUMAN,,,To_add,To_add,,,cytokine_receptor,cytokine_receptor,,,,,,,FALSE,,,Heterodimer of an alpha and a beta subunit.
CD79 receptor,P11912,CD79A_HUMAN,P40259,CD79B_HUMAN,,,,,False,False,False,False,False,True,True,False,False,,False,True,,False,,False,False,True,False,CD79A_HUMAN,CD79B_HUMAN,,,To_comment,To_comment,,,,,,,Receptor_add,Receptor_add,,,FALSE,,,Heterodimer of alpha and beta chains; disulfide-linked.
ACVR2B complex III,Q8NER5,ACV1C_HUMAN,Q13705,AVR2B_HUMAN,,,,,False,False,False,False,False,True,True,False,False,,False,True,,False,,False,False,True,False,ACV1C_HUMAN,AVR2B_HUMAN,,,To_add,,,,Receptor for activin AB,IUPHAR,,,,,,,FALSE,,,
FCyR3A II,P08637,FCG3A_HUMAN,P20963,CD3Z_HUMAN,,,,,False,False,False,False,False,True,True,False,False,,False,True,Human IgG receptor,False,,False,False,True,False,FCG3A_HUMAN,CD3Z_HUMAN,,,,To_add,,,,Part of the TCR-CD3 complex present on T-lymphocyte cell surface (uniprot),,,,,,,FALSE,,,Exists as a heterooligomeric receptor complex with Fc epsilon receptor I gamma subunit and / or the CD3 zeta subunit.
a7b1 complex,P05556,ITB1_HUMAN,Q13683,ITA7_HUMAN,,,,,True,False,False,True,False,False,True,False,False,,False,False,,False,,False,False,True,False,ITB1_HUMAN,ITA7_HUMAN,,,,To_add | To_comment,,,Migration,Migration | Adhesion_add (uniprot),,,,Adhesion_add,,,FALSE,,,Well known integrin combination
ACVR2B complex II,Q04771,ACVR1_HUMAN,Q13705,AVR2B_HUMAN,,,,,False,False,False,False,False,True,True,False,False,,False,True,TGFBeta_receptor_add,True,,False,False,True,False,ACVR1_HUMAN,AVR2B_HUMAN,,,To_add,,,,Receptor for activin. (uniprot),IUPHAR,,,,,,,FALSE,,,Transmembrane serine/threonine kinase activin type-1 receptor forming an activin receptor complex with activin receptor type-2 (ACVR2A or ACVR2B).
a6b1 complex,P05556,ITB1_HUMAN,P23229,ITA6_HUMAN,,,,,True,False,False,True,False,False,True,False,False,,False,False,,False,,False,False,True,False,ITB1_HUMAN,ITA6_HUMAN,,,,,,,Migration,Integrin,,,,,,,FALSE,,,Well known integrin combination
PODXL complex,O00592,PODXL_HUMAN,O14745,NHRF1_HUMAN,,,,,True,False,False,False,False,False,True,False,True,Migration,False,False,,False,,False,False,True,False,PODXL_HUMAN,NHRF1_HUMAN,,,,To_add,,,Migration,complex,,,,,,,FALSE,,,Interacts (via the PDZ 1 domain) with PODXL (via the C-terminal PDZ-binding motif DTHL); the interaction take place early in the secretory pathway and is necessary for its apical membrane sorting (By similarity).
GMCSFR,P32927,IL3RB_HUMAN,P15509,CSF2R_HUMAN,,,,,False,False,False,False,False,True,True,False,False,,False,True,Cytokine receptor IL3 family,True,,False,False,True,False,IL3RB_HUMAN,CSF2R_HUMAN,,,To_add,,,,cytokine_receptor,,,,,,,,binding,4nkq,CSF2;CSF2RA;CSF2RB,Heterodimer of an alpha and a beta subunit.
CNTN6PTPRA complex,Q9UQ52,CNTN6_HUMAN,P18433,PTPRA_HUMAN,,,,,True,False,False,False,False,False,True,False,False,,False,False,,False,,False,False,True,False,CNTN6_HUMAN,PTPRA_HUMAN,,,To_comment,To_add,,,ligandIUPHAR,complex,,,extracellular_add,,,,FALSE,,,NB-3 (contactin 6) also interacts with PTPa to regulate apical dendrite orientation in the visual cortex
IL15 receptor,P14784,IL2RB_HUMAN,P31785,IL2RG_HUMAN,,,,,False,False,False,False,False,True,True,False,False,,False,True,Cytokine receptor IL2 family,True,,False,False,True,False,IL2RB_HUMAN,IL2RG_HUMAN,,,To_add,To_add,,,cytokine_receptor,cytokine_receptor,,,,,,,TRUE,4gs7,IL15;IL15RA;IL2RB;IL2RG,"The interleukin-15 receptor IL15R is a heterotrimer of IL15RA, IL2RB and IL2RG."
