name,protein_1,protein_1_gene_name,protein_2,protein_2_gene_name,protein_3,protein_3_gene_name,protein_4,protein_4_gene_name,receptor,receptor_highlight,receptor_desc,adhesion,other,other_desc,transporter,secreted_highlight,secreted_desc,transmembrane,secretion,peripheral,ligand,extracellular,cytoplasm,pdb_structure,pdb_id,stoichiometry,comments
IL1 receptor,P14778,IL1R1_HUMAN,Q9NPH3,IL1AP_HUMAN,,,,,TRUE,TRUE,Cytokine receptor IL1 family,FALSE,FALSE,,FALSE,FALSE,,TRUE,FALSE,FALSE,FALSE,FALSE,FALSE,binding,4dep,IL1B;IL1R1;IL1RAP,After binding to interleukin-1 associates with the corecptor IL1RAP to form the high affinity interleukin-1 receptor complex
CD79 receptor,P11912,CD79A_HUMAN,P40259,CD79B_HUMAN,,,,,TRUE,FALSE,,FALSE,FALSE,,FALSE,FALSE,,TRUE,FALSE,FALSE,FALSE,FALSE,FALSE,FALSE,,,Heterodimer of alpha and beta chains; disulfide-linked.
aEb7 complex,P26010,ITB7_HUMAN,P38570,ITAE_HUMAN,,,,,FALSE,FALSE,,TRUE,FALSE,,FALSE,FALSE,,TRUE,FALSE,FALSE,FALSE,FALSE,FALSE,FALSE,,,Well known integrin combination
aVb6 complex,P06756,ITAV_HUMAN,P18564,ITB6_HUMAN,,,,,FALSE,FALSE,,TRUE,FALSE,,FALSE,FALSE,,TRUE,FALSE,FALSE,FALSE,FALSE,FALSE,TRUE,4um8,ITGAV;ITGB6,Well known integrin combination
a4b7 complex,P26010,ITB7_HUMAN,P13612,ITA4_HUMAN,,,,,FALSE,FALSE,,TRUE,FALSE,,FALSE,FALSE,,TRUE,FALSE,FALSE,FALSE,FALSE,FALSE,FALSE,,,Well known integrin combination
PK1L1PKD2 complex,Q8TDX9,PK1L1_HUMAN,Q13563,PKD2_HUMAN,,,,,FALSE,FALSE,,FALSE,FALSE,,FALSE,FALSE,,TRUE,FALSE,FALSE,FALSE,FALSE,FALSE,FALSE,,,forms a complex with PKD2 in cilia to facilitate flow detection in left/right patterning.
PDGFR complex,P16234,PGFRA_HUMAN,P09619,PGFRB_HUMAN,,,,,TRUE,TRUE,growth factor receptor,FALSE,FALSE,,FALSE,FALSE,,TRUE,FALSE,FALSE,FALSE,FALSE,FALSE,FALSE,,,heterodimers formed by PDGFA and PDGFB
IL18 receptor,Q14116,IL18_HUMAN,Q13478,IL18R_HUMAN,O95256,I18RA_HUMAN,,,TRUE,TRUE,Cytokine receptor IL1 family,FALSE,FALSE,,FALSE,FALSE,,TRUE,FALSE,FALSE,FALSE,FALSE,FALSE,TRUE,3wo4,IL18;IL18R1;IL18RAP,Cytokine receptor family; Interleukin 18 family
SCN complex,P51172,SCNND_HUMAN,P51168,SCNNB_HUMAN,P51170,SCNNG_HUMAN,,,FALSE,FALSE,,FALSE,FALSE,,TRUE,FALSE,,TRUE,FALSE,FALSE,FALSE,FALSE,FALSE,FALSE,,,"Heterotrimer containing a delta/SCNN1D, a beta/SCNN1B and a gamma/SCNN1G subunit."
leucine rich complex,Q6PJG9,LRFN4_HUMAN,Q96NI6,LRFN5_HUMAN,,,,,FALSE,FALSE,,FALSE,TRUE,Others,FALSE,FALSE,,TRUE,FALSE,FALSE,FALSE,FALSE,FALSE,FALSE,,,"Can form heteromeric complexes with LRFN1, LRFN2, LRFN3 and LRFN5."
dopamine 1 receptor,P21728,DRD1_HUMAN,Q6Y2X3,DJC14_HUMAN,,,,,TRUE,FALSE,,FALSE,FALSE,,FALSE,FALSE,,TRUE,FALSE,FALSE,FALSE,FALSE,FALSE,FALSE,,,Transport from the endoplasmic reticulum to the cell surface is regulated by interaction with DNAJC14
CD3 receptor EG,P07766,CD3E_HUMAN,P09693,CD3G_HUMAN,,,,,TRUE,TRUE,T cell receptor add,FALSE,FALSE,,FALSE,FALSE,,TRUE,FALSE,FALSE,FALSE,FALSE,FALSE,FALSE,,,One part of CD3 complex
KCNE3KCNB1 complex,Q9Y6H6,KCNE3_HUMAN,Q14721,KCNB1_HUMAN,,,,,FALSE,FALSE,,FALSE,FALSE,,FALSE,FALSE,,TRUE,FALSE,FALSE,FALSE,FALSE,FALSE,FALSE,,,Colocalizes with KCNB1 at high-density somatodendritic clusters on the surface of hippocampal neurons
TREM1 receptor,Q9NP99,TREM1_HUMAN,O43914,TYOBP_HUMAN,,,,,TRUE,FALSE,,FALSE,FALSE,,FALSE,FALSE,,TRUE,FALSE,FALSE,FALSE,FALSE,FALSE,FALSE,,,Interacts with TYROBP/DAP12
Polycistin complex III,Q9P0L9,PK2L1_HUMAN,Q7Z443,PK1L3_HUMAN,,,,,FALSE,FALSE,,FALSE,FALSE,,FALSE,FALSE,,TRUE,FALSE,FALSE,FALSE,FALSE,FALSE,FALSE,,,Interaction with PKD1 or PKD1L3 is required for localization to the cell membrane.
NCR1 receptor,O76036,NCTR1_HUMAN,P20963,CD3Z_HUMAN,P30273,FCERG_HUMAN,,,TRUE,FALSE,,FALSE,TRUE,NK receptor recognition,FALSE,FALSE,,TRUE,FALSE,FALSE,FALSE,FALSE,FALSE,FALSE,,,Interacts with CD247 and FCER1G.
CLM2  receptor,Q496F6,CLM2_HUMAN,O43914,TYOBP_HUMAN,,,,,TRUE,FALSE,,FALSE,FALSE,,FALSE,FALSE,,TRUE,FALSE,FALSE,FALSE,FALSE,FALSE,FALSE,,,Interacts with TYROBP
LRFN3LRFN4 complex,Q9BTN0,LRFN3_HUMAN,Q6PJG9,LRFN4_HUMAN,,,,,FALSE,FALSE,,TRUE,FALSE,,FALSE,FALSE,,TRUE,FALSE,FALSE,FALSE,FALSE,FALSE,FALSE,,,"Can form heteromeric complexes with LRFN1, LRFN2, LRFN4 and LRFN5."
UNC5C complex,O95185,UNC5C_HUMAN,P43146,DCC_HUMAN,,,,,FALSE,FALSE,,FALSE,FALSE,,FALSE,FALSE,,TRUE,FALSE,FALSE,FALSE,FALSE,FALSE,FALSE,,,Interacts with the cytoplasmic part of DCC.
contactin complex II,Q12860,CNTN1_HUMAN,Q92823,NRCAM_HUMAN,,,,,FALSE,FALSE,,TRUE,FALSE,,FALSE,FALSE,,TRUE,FALSE,FALSE,FALSE,FALSE,FALSE,FALSE,,,NRCAM bind in cis and in trans to contactin-1
IL12,P29459,IL12A_HUMAN,P29460,IL12B_HUMAN,,,,,FALSE,FALSE,,FALSE,FALSE,,FALSE,TRUE,"Cytokine receptor IL6 family, IL12 subfamily",FALSE,TRUE,FALSE,TRUE,TRUE,FALSE,TRUE,1f45,IL12A;IL12B,
UPK3A complex,O75631,UPK3A_HUMAN,O75841,UPK1B_HUMAN,,,,,FALSE,FALSE,,FALSE,FALSE,,FALSE,FALSE,,TRUE,FALSE,FALSE,FALSE,FALSE,FALSE,FALSE,,,Heterodimer formation with UPK1B is a prerequisite to exit out of the endoplasmic reticulum (ER).
CD1D complex,P61769,B2MG_HUMAN,P15813,CD1D_HUMAN,,,,,FALSE,FALSE,,FALSE,FALSE,,FALSE,FALSE,,TRUE,FALSE,FALSE,FALSE,FALSE,FALSE,TRUE,1zt4,B2M;CD1D,Heterodimer with B2M (beta-2-microglobulin). Interacts with MHC II.
IL1 receptor inhibitor,P27930,IL1R2_HUMAN,Q9NPH3,IL1AP_HUMAN,,,,,TRUE,TRUE,Cytokine receptor IL1 family,FALSE,FALSE,,FALSE,FALSE,,TRUE,FALSE,FALSE,FALSE,FALSE,FALSE,binding,3o4o,IL1B;IL1R2;IL1RAP,After binding to interleukin-1 associates with the corecptor IL1RAP to form the high affinity interleukin-1 receptor antagonist complex
IL7 receptor,P16871,IL7RA_HUMAN,P31785,IL2RG_HUMAN,,,,,TRUE,TRUE,"Cytokine receptor IL2 family, IL7 subfamily",FALSE,FALSE,,FALSE,FALSE,,TRUE,FALSE,FALSE,FALSE,FALSE,FALSE,FALSE,,,The IL7 receptor is a heterodimer of IL7R and IL2RG.
KCNV1KCNB2 complex,Q6PIU1,KCNV1_HUMAN,Q92953,KCNB2_HUMAN,,,,,FALSE,FALSE,,FALSE,FALSE,,TRUE,FALSE,,TRUE,FALSE,FALSE,FALSE,FALSE,FALSE,FALSE,,,Has to be associated with another potassium channel subunit to get inserted in the plasma membrane. Remains intracellular in the absence of KCNB2.
contactin complex IV,Q02246,CNTN2_HUMAN,Q9UHC6,CNTP2_HUMAN,,,,,FALSE,FALSE,,TRUE,FALSE,,FALSE,FALSE,,TRUE,FALSE,FALSE,FALSE,FALSE,FALSE,FALSE,,,Interacts with contactin in cis form.
UPK3B complex,Q9BT76,UPK3B_HUMAN,O75841,UPK1B_HUMAN,,,,,FALSE,FALSE,,FALSE,FALSE,,FALSE,FALSE,,TRUE,FALSE,FALSE,FALSE,FALSE,FALSE,FALSE,,,Heterodimer formation with UPK1B is a prerequisite to exit out of the endoplasmic reticulum (ER).
ATPase complex,P98196,AT11A_HUMAN,Q9NV96,CC50A_HUMAN,,,,,FALSE,FALSE,,FALSE,FALSE,,TRUE,FALSE,,TRUE,FALSE,FALSE,FALSE,FALSE,FALSE,FALSE,,,"Exit from the endoplasmic reticulum requires the presence of TMEM30A, but not that of TMEM30B."
IL27,Q14213,IL27B_HUMAN,Q8NEV9,IL27A_HUMAN,,,,,FALSE,FALSE,,FALSE,FALSE,,FALSE,TRUE,Cytokine receptor IL6 family,FALSE,TRUE,FALSE,TRUE,TRUE,FALSE,FALSE,,,
Polycistin complex I,P98161,PKD1_HUMAN,Q13563,PKD2_HUMAN,,,,,FALSE,FALSE,,FALSE,FALSE,,FALSE,FALSE,,TRUE,FALSE,FALSE,FALSE,FALSE,FALSE,FALSE,,,PKD1 localization to the plasma and ciliary membranes requires PKD2
SLC16A8 complex,P35613,BASI_HUMAN,O95907,MOT3_HUMAN,,,,,FALSE,FALSE,,FALSE,TRUE,,TRUE,FALSE,,TRUE,FALSE,FALSE,FALSE,FALSE,FALSE,FALSE,,,"Plays an important role in targeting the monocarboxylate transporters SLC16A1, SLC16A3 and SLC16A8 to the plasma membrane."
a7b1 complex,P05556,ITB1_HUMAN,Q13683,ITA7_HUMAN,,,,,FALSE,FALSE,,TRUE,FALSE,,FALSE,FALSE,,TRUE,FALSE,FALSE,FALSE,FALSE,FALSE,FALSE,,,Well known integrin combination
sodium channel complex,Q9Y5Y9,SCNAA_HUMAN,P60903,S10AA_HUMAN,,,,,FALSE,FALSE,,FALSE,FALSE,,TRUE,FALSE,,TRUE,FALSE,FALSE,FALSE,FALSE,FALSE,FALSE,,,It can be translocated to the extracellular membrane through association with S100A10.
FAT4 complex,Q96JQ0,PCD16_HUMAN,Q6V0I7,FAT4_HUMAN,,,,,FALSE,FALSE,,TRUE,FALSE,,FALSE,FALSE,,TRUE,FALSE,FALSE,FALSE,FALSE,FALSE,FALSE,,,Heterophilic interaction with FAT4; this interaction affects their respective protein levels.
opioid receptor CCR5,P35372,OPRM_HUMAN,P51681,CCR5_HUMAN,,,,,TRUE,FALSE,,FALSE,FALSE,,FALSE,FALSE,,TRUE,FALSE,FALSE,FALSE,FALSE,FALSE,FALSE,,,"Forms homooligomers and heterooligomers with other GPCRs, such as CCR5 (probably in dimeric forms)"
KIRS2,P43631,KI2S2_HUMAN,O43914,TYOBP_HUMAN,,,,,TRUE,TRUE,KIR_add,FALSE,FALSE,,FALSE,FALSE,,TRUE,FALSE,FALSE,FALSE,FALSE,FALSE,FALSE,,,
MR1 complex,P61769,B2MG_HUMAN,P61769,B2MG_HUMAN,Q95460,HMR1_HUMAN,,,TRUE,FALSE,,FALSE,FALSE,,FALSE,FALSE,,TRUE,FALSE,FALSE,FALSE,FALSE,FALSE,TRUE,4gup,B2M;MR1,"Heterodimerizes with B2M, this interaction is required for surface expression."
IL20 receptor Type II,Q8N6P7,I22R1_HUMAN,Q6UXL0,I20RB_HUMAN,,,,,TRUE,TRUE,"Cytokine receptor IL10 family, IL20 subfamily",FALSE,FALSE,,FALSE,FALSE,,TRUE,FALSE,FALSE,FALSE,FALSE,FALSE,FALSE,,,Component of IL22 receptor formed by IL22RA1 and IL10RB
bradykinin  receptor,P30411,BKRB2_HUMAN,P16284,PECA1_HUMAN,,,,,FALSE,FALSE,,FALSE,FALSE,,FALSE,FALSE,,TRUE,FALSE,FALSE,FALSE,FALSE,FALSE,FALSE,,,Interacts with PECAM1.
dopamine 2 receptor,P14416,DRD2_HUMAN,P21917,DRD4_HUMAN,,,,,TRUE,FALSE,,FALSE,FALSE,,FALSE,FALSE,,TRUE,FALSE,FALSE,FALSE,FALSE,FALSE,FALSE,,,Forms homo- and heterooligomers with DRD4.
IL33 receptor,Q01638,ILRL1_HUMAN,Q9NPH3,IL1AP_HUMAN,,,,,TRUE,TRUE,Cytokine receptor IL1 family,FALSE,FALSE,,FALSE,FALSE,,TRUE,FALSE,FALSE,FALSE,FALSE,FALSE,FALSE,,,
opioid receptor L 1,P35372,OPRM_HUMAN,P41146,OPRX_HUMAN,,,,,TRUE,FALSE,,FALSE,FALSE,,FALSE,FALSE,,TRUE,FALSE,FALSE,FALSE,FALSE,FALSE,FALSE,,,"Forms homooligomers and heterooligomers with other GPCRs, such as OPRL1 (probably in dimeric forms)"
KCNS2KCNB1 complex,Q9ULS6,KCNS2_HUMAN,Q14721,KCNB1_HUMAN,,,,,FALSE,FALSE,,FALSE,FALSE,,TRUE,FALSE,,TRUE,FALSE,FALSE,FALSE,FALSE,FALSE,FALSE,,,Heterotetramer with KCNB1 and KCNB2
VANG complex,Q8TAA9,VANG1_HUMAN,Q9ULK5,VANG2_HUMAN,,,,,FALSE,FALSE,,FALSE,FALSE,,FALSE,FALSE,,TRUE,FALSE,FALSE,FALSE,FALSE,FALSE,FALSE,,,Heterodimer with VANGL2.
RAMP3 complex,O60896,RAMP3_HUMAN,Q16602,CALRL_HUMAN,Q99527,GPER1_HUMAN,,,TRUE,FALSE,,FALSE,FALSE,,TRUE,FALSE,,TRUE,FALSE,FALSE,FALSE,FALSE,FALSE,FALSE,,,Transports the calcitonin gene-related peptide type 1 receptor (CALCRL) and GPER1 to the plasma membrane.
TSLPR,P16871,IL7RA_HUMAN,Q9HC73,CRLF2_HUMAN,,,,,TRUE,TRUE,"Cytokine receptor IL2 family, IL7 subfamily",FALSE,FALSE,,FALSE,FALSE,,TRUE,FALSE,FALSE,FALSE,FALSE,FALSE,binding,5j11,CRLF2;IL7R;TSLP,The TSLP receptor is a heterodimer of CRLF2 and IL7R.
ATPase complex II,P98198,AT8B2_HUMAN,Q9NV96,CC50A_HUMAN,,,,,FALSE,FALSE,,FALSE,FALSE,,TRUE,FALSE,,TRUE,FALSE,FALSE,FALSE,FALSE,FALSE,FALSE,,,Exit from the endoplasmic reticulum requires the presence of TMEM30A or TMEM30B. Localizes to apical membranes in epithelial cells.
IL35,Q14213,IL27B_HUMAN,P29459,IL12A_HUMAN,,,,,FALSE,FALSE,,FALSE,FALSE,,FALSE,TRUE,Cytokine receptor,FALSE,TRUE,FALSE,TRUE,TRUE,FALSE,FALSE,,,
ATPase complex III,P98198,AT8B2_HUMAN,Q3MIR4,CC50B_HUMAN,,,,,FALSE,FALSE,,FALSE,FALSE,,TRUE,FALSE,,TRUE,FALSE,FALSE,FALSE,FALSE,FALSE,FALSE,,,Exit from the endoplasmic reticulum requires the presence of TMEM30A or TMEM30B. Localizes to apical membranes in epithelial cells.
IL12 receptor,P42701,I12R1_HUMAN,Q99665,I12R2_HUMAN,,,,,TRUE,TRUE,"Cytokine receptor IL6 family, IL12 subfamily",FALSE,FALSE,,FALSE,FALSE,,TRUE,FALSE,FALSE,FALSE,FALSE,FALSE,FALSE,,,"Associated with IL12RB2 it forms a functional, high affinity receptor for IL12"
IL13 receptor,P78552,I13R1_HUMAN,P24394,IL4RA_HUMAN,,,,,TRUE,TRUE,"Cytokine receptor IL2 family, IL4 subfamily",FALSE,FALSE,,FALSE,FALSE,,TRUE,FALSE,FALSE,FALSE,FALSE,FALSE,binding,3bpo,IL13;IL13RA1;IL4R,Together with IL4RA can form a functional receptor for IL13
OSMR,Q99650,OSMR_HUMAN,P40189,IL6RB_HUMAN,,,,,TRUE,TRUE,Cytokine receptor IL6 family,FALSE,FALSE,,FALSE,FALSE,,TRUE,FALSE,FALSE,FALSE,FALSE,FALSE,FALSE,,,Heterodimer composed of OSMR and IL6ST (type II OSM receptor).
KIRS4,P43632,KI2S4_HUMAN,O43914,TYOBP_HUMAN,,,,,TRUE,TRUE,KIR_add,FALSE,FALSE,,FALSE,FALSE,,TRUE,FALSE,FALSE,FALSE,FALSE,FALSE,FALSE,,,
IL3 receptor,P32927,IL3RB_HUMAN,P26951,IL3RA_HUMAN,,,,,TRUE,TRUE,Cytokine receptor IL3 family,FALSE,FALSE,,FALSE,FALSE,,TRUE,FALSE,FALSE,FALSE,FALSE,FALSE,FALSE,,,Heterodimer of an alpha and a beta subunit.
opioid receptor S,P35372,OPRM_HUMAN,P30874,SSR2_HUMAN,,,,,TRUE,FALSE,,FALSE,FALSE,,FALSE,FALSE,,TRUE,FALSE,FALSE,FALSE,FALSE,FALSE,FALSE,,,"Forms homooligomers and heterooligomers with other GPCRs, such as SSTR2 (probably in dimeric forms)"
5HT3D receptor,Q70Z44,5HT3D_HUMAN,P46098,5HT3A_HUMAN,,,,,TRUE,FALSE,,FALSE,FALSE,,TRUE,FALSE,,TRUE,FALSE,FALSE,FALSE,FALSE,FALSE,FALSE,,,Presumably retained within the endoplasmic reticulum unless complexed with HTR3A.
ACVR2A complex I,P36896,ACV1B_HUMAN,P27037,AVR2A_HUMAN,,,,,TRUE,TRUE,TGFBeta_receptor_add,FALSE,FALSE,,FALSE,FALSE,,TRUE,FALSE,FALSE,FALSE,FALSE,FALSE,FALSE,,,Transmembrane serine/threonine kinase activin type-1 receptor forming an activin receptor complex with activin receptor type-2 (ACVR2A or ACVR2B).
potassium complex,P16389,KCNA2_HUMAN,P22459,KCNA4_HUMAN,,,,,FALSE,FALSE,,FALSE,FALSE,,TRUE,FALSE,,TRUE,FALSE,FALSE,FALSE,FALSE,FALSE,FALSE,,,Coexpression with KCNA4 or with beta subunits promotes expression at the cell membrane. 
SIRB1 complex,O00241,SIRB1_HUMAN,O43914,TYOBP_HUMAN,,,,,TRUE,FALSE,,FALSE,FALSE,,FALSE,FALSE,,TRUE,FALSE,FALSE,FALSE,FALSE,FALSE,FALSE,,,Homodimer; disulfide-linked. Interacts with TYROBP. This interaction results in the recruitment of SYK.
a6b4 complex,P16144,ITB4_HUMAN,P23229,ITA6_HUMAN,,,,,FALSE,FALSE,,TRUE,FALSE,,FALSE,FALSE,,TRUE,FALSE,FALSE,FALSE,FALSE,FALSE,FALSE,,,Well known integrin combination
TYRP complex,P17643,YRP1_HUMAN,P40126,TYRP2_HUMAN,,,,,FALSE,FALSE,,FALSE,FALSE,,FALSE,FALSE,,TRUE,FALSE,FALSE,FALSE,FALSE,FALSE,FALSE,,,"Tyrosinase, TYRP1 and DCT/TYRP2 may form a multienzyme complex."
Type II IFNR,P15260,INGR1_HUMAN,P38484,INGR2_HUMAN,,,,,TRUE,TRUE,Cytokine receptor family,FALSE,FALSE,,FALSE,FALSE,,TRUE,FALSE,FALSE,FALSE,FALSE,FALSE,binding,1fg9,IFNG;IFNG;IFNGR1;IFNGR1;IFNGR1,Associates with IFNGR2 to form a receptor for the cytokine interferon gamma (IFNG) 
FLT1 complex,P17948,VGFR1_HUMAN,P35968,VGFR2_HUMAN,,,,,TRUE,FALSE,,FALSE,TRUE,Migration,FALSE,FALSE,,TRUE,FALSE,FALSE,FALSE,FALSE,FALSE,FALSE,,,Can also form a heterodimer with KDR.
CD1A complex,P61769,B2MG_HUMAN,P06126,CD1A_HUMAN,,,,,FALSE,FALSE,,FALSE,TRUE,T cell,FALSE,FALSE,,TRUE,FALSE,FALSE,FALSE,FALSE,FALSE,TRUE,1onq,B2M;CD1A,Heterodimer with B2M (beta-2-microglobulin).
LRFN2LRFN4 complex,Q9ULH4,LRFN2_HUMAN,Q6PJG9,LRFN4_HUMAN,,,,,FALSE,FALSE,,FALSE,FALSE,,FALSE,FALSE,,TRUE,FALSE,FALSE,FALSE,FALSE,FALSE,FALSE,,,"Forms heteromeric complexes with LRFN1, LRFN3, LRFN4 and LRFN5."
KCNS2KCNB2 complex,Q9ULS6,KCNS2_HUMAN,Q92953,KCNB2_HUMAN,,,,,FALSE,FALSE,,FALSE,FALSE,,TRUE,FALSE,,TRUE,FALSE,FALSE,FALSE,FALSE,FALSE,FALSE,,,Heterotetramer with KCNB1 and KCNB2
KCND3CSEN complex,Q9UK17,KCND3_HUMAN,Q9Y2W7,CSEN_HUMAN,,,,,FALSE,FALSE,,FALSE,FALSE,,TRUE,FALSE,,TRUE,FALSE,FALSE,FALSE,FALSE,FALSE,FALSE,,,Involved in KCND2 and KCND3 trafficking to the cell surface.
CD277 complex,O00481,BT3A1_HUMAN,P78410,BT3A2_HUMAN,,,,,FALSE,FALSE,,FALSE,TRUE,Possible_receptor,FALSE,FALSE,,TRUE,FALSE,FALSE,FALSE,FALSE,FALSE,FALSE,,,Collaborater suggestion
tetraspanin complex,Q9Y653,GPR56_HUMAN,P60033,CD81_HUMAN,P21926,CD9_HUMAN,P29992,GNA11_HUMAN,TRUE,FALSE,,TRUE,FALSE,,FALSE,FALSE,,TRUE,FALSE,FALSE,FALSE,FALSE,FALSE,FALSE,,,"Part of a GPCR-tetraspanin complex at least consisting of GPR56, CD81, eventually CD9, and GNA11 in which CD81 is enhancing the association of GPR56 with GNA11."
FCyR3A II,P08637,FCG3A_HUMAN,P20963,CD3Z_HUMAN,,,,,TRUE,FALSE,Human IgG receptor,FALSE,FALSE,,FALSE,FALSE,,TRUE,FALSE,FALSE,FALSE,FALSE,FALSE,FALSE,,,Exists as a heterooligomeric receptor complex with Fc epsilon receptor I gamma subunit and / or the CD3 zeta subunit.
somatostatin receptor,P30874,SSR2_HUMAN,P32745,SSR3_HUMAN,,,,,TRUE,FALSE,,FALSE,FALSE,,FALSE,FALSE,,TRUE,FALSE,FALSE,FALSE,FALSE,FALSE,FALSE,,,Homodimer and heterodimer with SSTR3 and SSTR5.
potasium complex,O00180,KCNK1_HUMAN,O95069,KCNK2_HUMAN,,,,,FALSE,FALSE,,FALSE,FALSE,,TRUE,FALSE,,TRUE,FALSE,FALSE,FALSE,FALSE,FALSE,FALSE,,,The heterodimer with KCNK2 is detected at the astrocyte cell membrane.
IL4 receptor,P31785,IL2RG_HUMAN,P05112,IL4_HUMAN,,,,,TRUE,TRUE,"Cytokine receptor IL2 family, IL4 subfamily",FALSE,FALSE,,FALSE,FALSE,,TRUE,FALSE,FALSE,FALSE,FALSE,FALSE,TRUE,3qb7,IL2RG;IL4,"The functional IL4 receptor is formed by initial binding of IL4 to IL4R. Subsequent recruitment to the complex of the common gamma chain, in immune cells"
opioid receptor A,P35372,OPRM_HUMAN,P08913,ADA2A_HUMAN,,,,,TRUE,FALSE,,FALSE,FALSE,,FALSE,FALSE,,TRUE,FALSE,FALSE,FALSE,FALSE,FALSE,FALSE,,,"Forms homooligomers and heterooligomers with other GPCRs, such as ADRA2A (probably in dimeric forms)"
ACVR2A complex III,Q8NER5,ACV1C_HUMAN,P27037,AVR2A_HUMAN,,,,,TRUE,FALSE,,FALSE,FALSE,,FALSE,FALSE,,TRUE,FALSE,FALSE,FALSE,FALSE,FALSE,FALSE,,,
IL20 receptor Type I,Q9UHF4,I20RA_HUMAN,Q6UXL0,I20RB_HUMAN,,,,,TRUE,TRUE,"Cytokine receptor IL10 family, IL20 subfamily",FALSE,FALSE,,FALSE,FALSE,,TRUE,FALSE,FALSE,FALSE,FALSE,FALSE,FALSE,,,The IL20RA/IL10RB dimer is a receptor for IL26
ERBB2_ERBB3 complex,P04626,ERBB2_HUMAN,P21860,ERBB3_HUMAN,,,,,TRUE,FALSE,,FALSE,FALSE,,FALSE,FALSE,,TRUE,FALSE,FALSE,FALSE,FALSE,FALSE,FALSE,,,"Protein tyrosine kinase that is part of several cell surface receptor complexes, but that apparently needs a coreceptor for ligand binding."
CD180 complex,Q99467,CD180_HUMAN,O95711,LY86_HUMAN,,,,,TRUE,FALSE,,FALSE,FALSE,,FALSE,FALSE,,TRUE,FALSE,FALSE,FALSE,FALSE,FALSE,TRUE,3b2d,CD180;CD180;LY86;LY86,M-shaped tetramer of two CD180-LY86 heterodimers.
KCNS3 complex,Q9BQ31,KCNS3_HUMAN,Q14721,KCNB1_HUMAN,,,,,FALSE,FALSE,,FALSE,FALSE,,TRUE,FALSE,,TRUE,FALSE,FALSE,FALSE,FALSE,FALSE,FALSE,,,May not reach the plasma membrane but remain in an intracellular compartment in the absence of KCNB1
AT8A1 complex,Q9Y2Q0,AT8A1_HUMAN,Q9NV96,CC50A_HUMAN,,,,,FALSE,FALSE,,FALSE,FALSE,,TRUE,FALSE,,TRUE,FALSE,FALSE,FALSE,FALSE,FALSE,FALSE,,,"Exit from the endoplasmic reticulum requires the presence of TMEM30A, but not TMEM30B. "
LAT1 transporter,Q01650,LAT1_HUMAN,P08195,4F2_HUMAN,,,,,FALSE,FALSE,,FALSE,FALSE,,TRUE,FALSE,,TRUE,FALSE,FALSE,FALSE,FALSE,FALSE,FALSE,,,Located to the plasma membrane by SLC3A2/4F2hc
glucagon receptor,P43220,GLP1R_HUMAN,P48546,GIPR_HUMAN,,,,,TRUE,FALSE,,FALSE,FALSE,,FALSE,FALSE,,TRUE,FALSE,FALSE,FALSE,FALSE,FALSE,FALSE,,,May form homodimers and heterodimers with GIPR
DUOX1 complex,Q9NRD9,DUOX1_HUMAN,Q1HG43,DOXA1_HUMAN,,,,,FALSE,FALSE,,FALSE,FALSE,,FALSE,FALSE,,TRUE,FALSE,FALSE,FALSE,FALSE,FALSE,FALSE,,,May be required for the maturation and the transport from the endoplasmic reticulum to the plasma membrane of functional DUOX1.
IL37 receptor,Q13478,IL18R_HUMAN,Q6IA17,SIGIR_HUMAN,,,,,TRUE,TRUE,Cytokine receptor IL1 family,FALSE,FALSE,,FALSE,FALSE,,TRUE,FALSE,FALSE,FALSE,FALSE,FALSE,FALSE,,,"See paper Nold-Petry et al., 2015. Also called IL37"
BMPR1B complex,O00238,BMR1B_HUMAN,Q13873,BMPR2_HUMAN,,,,,TRUE,TRUE,TGFBeta_receptor_add,FALSE,FALSE,,FALSE,FALSE,,TRUE,FALSE,FALSE,FALSE,FALSE,FALSE,FALSE,,,Serine/threonine kinase heterodimer upon ligand binding
IL31 receptor,Q8NI17,IL31R_HUMAN,Q99650,OSMR_HUMAN,,,,,TRUE,TRUE,Cytokine receptor IL6 family,FALSE,FALSE,,FALSE,FALSE,,TRUE,FALSE,FALSE,FALSE,FALSE,FALSE,FALSE,,,Associates with OSMR to form the interleukin-31 receptor 
PCDH15 complex,Q96QU1,PCD15_HUMAN,Q8TAF8,TMHS_HUMAN,,,,,FALSE,FALSE,,TRUE,FALSE,,FALSE,FALSE,,TRUE,FALSE,FALSE,FALSE,FALSE,FALSE,FALSE,,,Efficient localization to the plasma membrane requires the presence of LHFPL5
RAMP1 complex,Q16602,CALRL_HUMAN,O60894,RAMP1_HUMAN,,,,,TRUE,FALSE,,FALSE,FALSE,,TRUE,FALSE,,TRUE,FALSE,FALSE,FALSE,FALSE,FALSE,TRUE,3n7p,CALCRL;RAMP1,Heterodimer of CALCRL and RAMP3 (By similarity). Heterodimer of CALCRL and RAMP1 or CALCRL and RAMP2.
IL6 receptor,P08887,IL6RA_HUMAN,P40189,IL6RB_HUMAN,,,,,TRUE,TRUE,Cytokine receptor IL6 family,FALSE,FALSE,,FALSE,FALSE,,TRUE,FALSE,FALSE,FALSE,FALSE,FALSE,binding,1p9m,IL6;IL6;IL6R;IL6R;IL6ST;IL6ST,Signal activation necessitate an association with IL6ST.
GMCSFR,P32927,IL3RB_HUMAN,P15509,CSF2R_HUMAN,,,,,TRUE,TRUE,Cytokine receptor IL3 family,FALSE,FALSE,,FALSE,FALSE,,TRUE,FALSE,FALSE,FALSE,FALSE,FALSE,binding,4nkq,CSF2;CSF2RA;CSF2RB,Heterodimer of an alpha and a beta subunit.
a1b1 complex,P05556,ITB1_HUMAN,P56199,ITA1_HUMAN,,,,,FALSE,FALSE,,TRUE,FALSE,,FALSE,FALSE,,TRUE,FALSE,FALSE,FALSE,FALSE,FALSE,FALSE,,,Well known integrin combination
IL17 receptor AC,Q96F46,I17RA_HUMAN,Q8NAC3,I17RC_HUMAN,,,,,TRUE,TRUE,Cytokine receptor IL17 family,FALSE,FALSE,,FALSE,FALSE,,TRUE,FALSE,FALSE,FALSE,FALSE,FALSE,FALSE,,,NA; the heterodimer binds IL17AF
AT10A complex,O60312,AT10A_HUMAN,Q9NV96,CC50A_HUMAN,,,,,FALSE,FALSE,,FALSE,FALSE,,TRUE,FALSE,,TRUE,FALSE,FALSE,FALSE,FALSE,FALSE,FALSE,,,"Exit from the endoplasmic reticulum requires the presence of TMEM30A, but not that of TMEM30B"
IL15 receptor,P40933,IL15_HUMAN,Q13261,I15RA_HUMAN,P14784,IL2RB_HUMAN,P31785,IL2RG_HUMAN,TRUE,TRUE,Cytokine receptor IL2 family,FALSE,FALSE,,FALSE,FALSE,,TRUE,FALSE,FALSE,FALSE,FALSE,FALSE,TRUE,4gs7,IL15;IL15RA;IL2RB;IL2RG,"The interleukin-15 receptor IL15R is a heterotrimer of IL15RA, IL2RB and IL2RG."
opioid receptor GMP6A,P35372,OPRM_HUMAN,P51674,GPM6A_HUMAN,,,,,TRUE,FALSE,,FALSE,FALSE,,FALSE,FALSE,,TRUE,FALSE,FALSE,FALSE,FALSE,FALSE,FALSE,,,Interacts with OPRM1.
KI2L4 receptor,Q99706,KI2L4_HUMAN,P30273,FCERG_HUMAN,,,,,TRUE,FALSE,,FALSE,FALSE,,FALSE,FALSE,,TRUE,FALSE,FALSE,FALSE,FALSE,FALSE,FALSE,,,
KCNV2 complex,Q8TDN2,KCNV2_HUMAN,Q14721,KCNB1_HUMAN,,,,,FALSE,FALSE,,FALSE,FALSE,,TRUE,FALSE,,TRUE,FALSE,FALSE,FALSE,FALSE,FALSE,FALSE,,,Has to be associated with KCNB1 or possibly another partner to get inserted in the plasma membrane. Remains intracellular in the absence of KCNB1.
LRFN3LRFN5 complex,Q9BTN0,LRFN3_HUMAN,Q96NI6,LRFN5_HUMAN,,,,,FALSE,FALSE,,TRUE,FALSE,,FALSE,FALSE,,TRUE,FALSE,FALSE,FALSE,FALSE,FALSE,FALSE,,,"Can form heteromeric complexes with LRFN1, LRFN2, LRFN4 and LRFN5."
SSR complex,P43307,SSRA_HUMAN,P43308,SSRB_HUMAN,P51571,SSRD_HUMAN,Q9UNL2,SSRG_HUMAN,FALSE,FALSE,,FALSE,FALSE,,FALSE,FALSE,,TRUE,FALSE,FALSE,FALSE,FALSE,FALSE,FALSE,,,"Heterotetramer of TRAP-alpha, TRAP-beta, TRAP-delta and TRAP-gamma. Interacts with palmitoylated calnexin (CALX)"
ACVR2B complex III,Q8NER5,ACV1C_HUMAN,Q13705,AVR2B_HUMAN,,,,,TRUE,FALSE,,FALSE,FALSE,,FALSE,FALSE,,TRUE,FALSE,FALSE,FALSE,FALSE,FALSE,FALSE,,,
NCR2 receptor,O95944,NCTR2_HUMAN,O43914,TYOBP_HUMAN,,,,,TRUE,FALSE,,FALSE,TRUE,NK receptor recognition,FALSE,FALSE,,TRUE,FALSE,FALSE,FALSE,FALSE,FALSE,FALSE,,,Interacts with TYROBP/DAP12
IL5 receptor,P32927,IL3RB_HUMAN,Q01344,IL5RA_HUMAN,,,,,TRUE,TRUE,Cytokine receptor IL3 family,FALSE,FALSE,,FALSE,FALSE,,TRUE,FALSE,FALSE,FALSE,FALSE,FALSE,FALSE,,,Heterodimer of an alpha and a beta subunit.
SLC16A1 complex,P35613,BASI_HUMAN,P53985,MOT1_HUMAN,,,,,FALSE,FALSE,,FALSE,FALSE,,TRUE,FALSE,,TRUE,FALSE,FALSE,FALSE,FALSE,FALSE,FALSE,,,Interacts with BSG; this is required for expression at the cell membrane.
IL11 receptor,Q14626,I11RA_HUMAN,P40189,IL6RB_HUMAN,,,,,TRUE,TRUE,Cytokine receptor IL6 family,FALSE,FALSE,,FALSE,FALSE,,TRUE,FALSE,FALSE,FALSE,FALSE,FALSE,FALSE,,,"On ligand binding, forms a multimer complex with IL6ST/gp130."
IL26 receptor,Q9UHF4,I20RA_HUMAN,Q08334,I10R2_HUMAN,,,,,TRUE,TRUE,"Cytokine receptor IL10 family, IL20 subfamily",FALSE,FALSE,,FALSE,FALSE,,TRUE,FALSE,FALSE,FALSE,FALSE,FALSE,FALSE,,,
opioid receptor N,P35372,OPRM_HUMAN,Q9Y5X5,NPFF2_HUMAN,,,,,TRUE,FALSE,,FALSE,FALSE,,FALSE,FALSE,,TRUE,FALSE,FALSE,FALSE,FALSE,FALSE,FALSE,,,"Forms homooligomers and heterooligomers with other GPCRs, such as NPFFR2 (probably in dimeric forms)"
LRC52 complex,Q8N7C0,LRC52_HUMAN,A8MYU2,KCNU1_HUMAN,,,,,TRUE,FALSE,,FALSE,FALSE,,FALSE,FALSE,,TRUE,FALSE,FALSE,FALSE,FALSE,FALSE,FALSE,,,Expression at the cell surface may require the presence of KCNU1.
KCNG4 complex,Q8TDN1,KCNG4_HUMAN,Q14721,KCNB1_HUMAN,,,,,FALSE,FALSE,,FALSE,FALSE,,TRUE,FALSE,,TRUE,FALSE,FALSE,FALSE,FALSE,FALSE,FALSE,,,Has to be associated with KCNB1 or possibly another partner to get inserted in the plasma membrane.
EGFR complex 1,P00533,EGFR_HUMAN,P04626,ERBB2_HUMAN,,,,,TRUE,FALSE,,FALSE,FALSE,,FALSE,FALSE,,TRUE,FALSE,FALSE,FALSE,FALSE,FALSE,TRUE,2ks1,EGFR;ERBB2,Heterodimer EGF family; upon ligand binding
ADA12 complex,O43184,ADA12_HUMAN,P63244,RACK1_HUMAN,,,,,FALSE,FALSE,,TRUE,FALSE,,FALSE,FALSE,,TRUE,FALSE,FALSE,FALSE,FALSE,FALSE,FALSE,,,Interacts with GNB2L1/RACK1; the interaction is required for PKC-dependent translocation of ADAM12 to the cell membrane.
RAMP2 complex,Q16602,CALRL_HUMAN,O60895,RAMP2_HUMAN,,,,,TRUE,FALSE,,FALSE,FALSE,,TRUE,FALSE,,TRUE,FALSE,FALSE,FALSE,FALSE,FALSE,TRUE,3aqf,CALCRL;RAMP2,Heterodimer of CALCRL and RAMP3 (By similarity). Heterodimer of CALCRL and RAMP1 or CALCRL and RAMP2.
IL2 receptor_I,P14784,IL2RB_HUMAN,P31785,IL2RG_HUMAN,,,,,TRUE,TRUE,Cytokine receptor IL2 family,FALSE,FALSE,,FALSE,FALSE,,TRUE,FALSE,FALSE,FALSE,FALSE,FALSE,binding,3qaz,,
CY24 complex,P04839,CY24B_HUMAN,P13498,CY24A_HUMAN,,,,,FALSE,FALSE,,FALSE,FALSE,,FALSE,FALSE,,TRUE,FALSE,FALSE,FALSE,FALSE,FALSE,FALSE,,,Composed of a heavy chain (beta) and a light chain (alpha)
a11b1 complex,P05556,ITB1_HUMAN,Q9UKX5,ITA11_HUMAN,,,,,FALSE,FALSE,,TRUE,FALSE,,FALSE,FALSE,,TRUE,FALSE,FALSE,FALSE,FALSE,FALSE,FALSE,,,Well known integrin combination
contactin complex III,Q12860,CNTN1_HUMAN,P18433,PTPRA_HUMAN,,,,,FALSE,FALSE,,TRUE,FALSE,,FALSE,FALSE,,TRUE,FALSE,FALSE,FALSE,FALSE,FALSE,FALSE,,,Contactin-1 associates with protein tyrosine phosphatase a (PTPa) in cis
aVb5 complex,P18084,ITB5_HUMAN,P06756,ITAV_HUMAN,,,,,FALSE,FALSE,,TRUE,FALSE,,FALSE,FALSE,,TRUE,FALSE,FALSE,FALSE,FALSE,FALSE,FALSE,,,Well known integrin combination
KCNS1KCNB2 complex,Q96KK3,KCNS1_HUMAN,Q92953,KCNB2_HUMAN,,,,,FALSE,FALSE,,FALSE,FALSE,,TRUE,FALSE,,TRUE,FALSE,FALSE,FALSE,FALSE,FALSE,FALSE,,,May not reach the plasma membrane but remain in an intracellular compartment in the absence of KCNB1 or KCNB2
aVb8 complex,P26012,ITB8_HUMAN,P06756,ITAV_HUMAN,,,,,FALSE,FALSE,,TRUE,FALSE,,FALSE,FALSE,,TRUE,FALSE,FALSE,FALSE,FALSE,FALSE,FALSE,,,Well known integrin combination
opioid receptor C,P35372,OPRM_HUMAN,P21554,CNR1_HUMAN,,,,,TRUE,FALSE,,FALSE,FALSE,,FALSE,FALSE,,TRUE,FALSE,FALSE,FALSE,FALSE,FALSE,FALSE,,,"Forms homooligomers and heterooligomers with other GPCRs, such as CNR1 (probably in dimeric forms)"
ACVR2B complex II,Q04771,ACVR1_HUMAN,Q13705,AVR2B_HUMAN,,,,,TRUE,TRUE,TGFBeta_receptor_add,FALSE,FALSE,,FALSE,FALSE,,TRUE,FALSE,FALSE,FALSE,FALSE,FALSE,FALSE,,,Transmembrane serine/threonine kinase activin type-1 receptor forming an activin receptor complex with activin receptor type-2 (ACVR2A or ACVR2B).
CNTF-1R,P26992,CNTFR_HUMAN,P42702,LIFR_HUMAN,P40189,IL6RB_HUMAN,,,TRUE,TRUE,Cytokine receptor IL6 family,FALSE,FALSE,,FALSE,FALSE,,TRUE,FALSE,FALSE,FALSE,FALSE,FALSE,FALSE,,,"Heterotrimer of the alpha subunit, LIFR and IL6ST."
opioid receptor K 1,P35372,OPRM_HUMAN,P41145,OPRK_HUMAN,,,,,TRUE,FALSE,,FALSE,FALSE,,FALSE,FALSE,,TRUE,FALSE,FALSE,FALSE,FALSE,FALSE,FALSE,,,"Forms homooligomers and heterooligomers with other GPCRs, such as OPRK1 (probably in dimeric forms)"
UNC5D receptor,Q6UXZ4,UNC5D_HUMAN,P43146,DCC_HUMAN,,,,,TRUE,FALSE,,FALSE,FALSE,,FALSE,FALSE,,TRUE,FALSE,FALSE,FALSE,FALSE,FALSE,FALSE,,,Interacts with the cytoplasmic part of DCC.
HHLA2 complex,Q9UM44,HHLA2_HUMAN,Q96BF3,TMIG2_HUMAN,,,,,FALSE,FALSE,,FALSE,TRUE,Ligand,FALSE,FALSE,,TRUE,FALSE,FALSE,FALSE,FALSE,FALSE,FALSE,,,Interacts with TMIGD2.
EGFR complex 4,P00533,EGFR_HUMAN,Q99527,GPER1_HUMAN,,,,,TRUE,TRUE,Estrogen_receptor_add,FALSE,FALSE,,FALSE,FALSE,,TRUE,FALSE,FALSE,FALSE,FALSE,FALSE,TRUE,,,Interacts with GPER1; the interaction occurs in an estrogen-dependent manner.
AT8B1 complex II,O43520,AT8B1_HUMAN,Q3MIR4,CC50B_HUMAN,,,,,FALSE,FALSE,,FALSE,FALSE,,TRUE,FALSE,,TRUE,FALSE,FALSE,FALSE,FALSE,FALSE,FALSE,,,Exit from the endoplasmic reticulum requires the presence of TMEM30A or TMEM30B. Localizes to apical membranes in epithelial cells.
aVb3 complex,P06756,ITAV_HUMAN,P05106,ITB3_HUMAN,,,,,FALSE,FALSE,,TRUE,FALSE,,FALSE,FALSE,,TRUE,FALSE,FALSE,FALSE,FALSE,FALSE,TRUE,1jv2,ITGAV;ITGB3,Well known integrin combination
RAMP3 complex 2,Q16602,CALRL_HUMAN,O60896,RAMP3_HUMAN,,,,,TRUE,FALSE,,FALSE,FALSE,,TRUE,FALSE,,TRUE,FALSE,FALSE,FALSE,FALSE,FALSE,FALSE,,,Heterodimer of CALCRL and RAMP3 (By similarity). Heterodimer of CALCRL and RAMP1 or CALCRL and RAMP2.
EGFR complex 2,P00533,EGFR_HUMAN,P21860,ERBB3_HUMAN,,,,,TRUE,FALSE,,FALSE,FALSE,,FALSE,FALSE,,TRUE,FALSE,FALSE,FALSE,FALSE,FALSE,TRUE,4riw,EGFR;ERBB3,Heterodimer EGF family; upon ligand binding
ADRA1 receptor,P35348,ADA1A_HUMAN,P35368,ADA1B_HUMAN,,,,,TRUE,FALSE,,FALSE,FALSE,,FALSE,FALSE,,TRUE,FALSE,FALSE,FALSE,FALSE,FALSE,FALSE,,,Homo- and heterooligomer. Heterooligomerizes with ADRA1B homooligomers in cardiac myocytes.
BMPR1A complex,P36894,BMR1A_HUMAN,Q13873,BMPR2_HUMAN,,,,,TRUE,FALSE,,FALSE,FALSE,,FALSE,FALSE,,TRUE,FALSE,FALSE,FALSE,FALSE,FALSE,FALSE,,,"On ligand binding, forms a receptor complex consisting of two type II and two type I transmembrane serine/threonine kinases."
a8b1 complex,P05556,ITB1_HUMAN,P53708,ITA8_HUMAN,,,,,FALSE,FALSE,,TRUE,FALSE,,FALSE,FALSE,,TRUE,FALSE,FALSE,FALSE,FALSE,FALSE,FALSE,,,Well known integrin combination
a2Bb3 complex,P08514,ITA2B_HUMAN,P05106,ITB3_HUMAN,,,,,FALSE,FALSE,,TRUE,FALSE,,FALSE,FALSE,,TRUE,FALSE,FALSE,FALSE,FALSE,FALSE,TRUE,1kup,ITGA2B;ITGB3,Well known integrin combination
aMb2 complex,P05107,ITB2_HUMAN,P11215,ITAM_HUMAN,,,,,FALSE,FALSE,,TRUE,FALSE,,FALSE,FALSE,,TRUE,FALSE,FALSE,FALSE,FALSE,FALSE,FALSE,,,Well known integrin combination
serotonine receptor1,P28222,5HT1B_HUMAN,P28221,5HT1D_HUMAN,,,,,TRUE,FALSE,,FALSE,FALSE,,TRUE,FALSE,,TRUE,FALSE,FALSE,FALSE,FALSE,FALSE,FALSE,,,Homodimer. Heterodimer with HTR1D.
CD8 receptor,P01732,CD8A_HUMAN,P10966,CD8B_HUMAN,,,,,TRUE,TRUE,T cell receptor add,FALSE,FALSE,,FALSE,FALSE,,TRUE,FALSE,FALSE,FALSE,FALSE,FALSE,FALSE,,,In general heterodimer of an alpha and a beta chain linked by two disulfide bonds. Can also form homodimers.
FCeR1,P12319,FCERA_HUMAN,Q01362,FCERB_HUMAN,P30273,FCERG_HUMAN,,,TRUE,FALSE,Fc receptor family,FALSE,FALSE,,FALSE,FALSE,,TRUE,FALSE,FALSE,FALSE,FALSE,FALSE,FALSE,,,"Fc receptor family; Tetramer of an alpha chain, a beta chain, and two disulfide linked gamma chains."
KCNG3 complex,Q8TAE7,KCNG3_HUMAN,Q14721,KCNB1_HUMAN,,,,,FALSE,FALSE,,FALSE,FALSE,,TRUE,FALSE,,TRUE,FALSE,FALSE,FALSE,FALSE,FALSE,FALSE,,,Has to be associated with KCNB1 or possibly another partner to get inserted in the plasma membrane
FZD4TSN12 complex,Q9ULV1,FZD4_HUMAN,O95859,TSN12_HUMAN,,,,,TRUE,FALSE,,FALSE,FALSE,,FALSE,FALSE,,TRUE,FALSE,FALSE,FALSE,FALSE,FALSE,FALSE,,,"Component of a complex, at least composed of TSPAN12, FZD4 and norrin (NDP)"
DSCAM complex,O60469,DSCAM_HUMAN,P43146,DCC_HUMAN,,,,,FALSE,FALSE,,TRUE,FALSE,,FALSE,FALSE,,TRUE,FALSE,FALSE,FALSE,FALSE,FALSE,FALSE,,,Interacts with DCC; the interaction is abolished in response to NTN1 (By similarity).
CD4 receptor,P49685,GPR15_HUMAN,P01730,CD4_HUMAN,,,,,TRUE,FALSE,,FALSE,FALSE,,FALSE,FALSE,,TRUE,FALSE,FALSE,FALSE,FALSE,FALSE,FALSE,,,Probable chemokine receptor. Alternative coreceptor with CD4 for HIV-1 infection.
NCR3 receptor,O14931,NCTR3_HUMAN,P20963,CD3Z_HUMAN,,,,,TRUE,FALSE,,FALSE,TRUE,NK receptor recognition,FALSE,FALSE,,TRUE,FALSE,FALSE,FALSE,FALSE,FALSE,FALSE,,,Interacts with CD3Z
DCC complex,Q8IZJ1,UNC5B_HUMAN,P43146,DCC_HUMAN,,,,,TRUE,FALSE,,FALSE,FALSE,,FALSE,FALSE,,TRUE,FALSE,FALSE,FALSE,FALSE,FALSE,FALSE,,,Interacts with the cytoplasmic part of DCC.
IL21 receptor,Q9HBE5,IL21R_HUMAN,P31785,IL2RG_HUMAN,,,,,TRUE,TRUE,Cytokine receptor IL2 family,FALSE,FALSE,,FALSE,FALSE,,TRUE,FALSE,FALSE,FALSE,FALSE,FALSE,FALSE,,,Heterodimer with the common gamma subunit.
Polycistin complex II,Q9P0L9,PK2L1_HUMAN,P98161,PKD1_HUMAN,,,,,FALSE,FALSE,,FALSE,FALSE,,FALSE,FALSE,,TRUE,FALSE,FALSE,FALSE,FALSE,FALSE,FALSE,,,Interaction with PKD1 or PKD1L3 is required for localization to the cell membrane.
KCNS1KCNB1 complex,Q96KK3,KCNS1_HUMAN,Q14721,KCNB1_HUMAN,,,,,FALSE,FALSE,,FALSE,FALSE,,TRUE,FALSE,,TRUE,FALSE,FALSE,FALSE,FALSE,FALSE,FALSE,,,May not reach the plasma membrane but remain in an intracellular compartment in the absence of KCNB1 or KCNB2
KCNG1KCNB1 complex,Q9UIX4,KCNG1_HUMAN,Q14721,KCNB1_HUMAN,,,,,FALSE,FALSE,,FALSE,FALSE,,TRUE,FALSE,,TRUE,FALSE,FALSE,FALSE,FALSE,FALSE,FALSE,,,Colocalizes with KCNB1 at the plasma membrane
CNTN6NCHL1 complex,Q9UQ52,CNTN6_HUMAN,O00533,NCHL1_HUMAN,,,,,FALSE,FALSE,,TRUE,FALSE,,FALSE,FALSE,,TRUE,FALSE,FALSE,FALSE,FALSE,FALSE,FALSE,,,CHL1 associates with NB-3/contactin-6 in cis and enhances cell surface expression of NB-3
aXb2 complex,P20702,ITAX_HUMAN,P05107,ITB2_HUMAN,,,,,FALSE,FALSE,,TRUE,FALSE,,FALSE,FALSE,,TRUE,FALSE,FALSE,FALSE,FALSE,FALSE,TRUE,3k6s,ITGAX;ITGB2,Well known integrin combination
ERBB2_ERBB4 complex,P04626,ERBB2_HUMAN,Q15303,ERBB4_HUMAN,,,,,TRUE,FALSE,,FALSE,FALSE,,FALSE,FALSE,,TRUE,FALSE,FALSE,FALSE,FALSE,FALSE,FALSE,,,"Protein tyrosine kinase that is part of several cell surface receptor complexes, but that apparently needs a coreceptor for ligand binding."
KCND2KCIP2 complex,Q9NZV8,KCND2_HUMAN,Q9NS61,KCIP2_HUMAN,,,,,FALSE,FALSE,,FALSE,FALSE,,TRUE,FALSE,,TRUE,FALSE,FALSE,FALSE,FALSE,FALSE,FALSE,,,Increases the presence of KCND2 at the cell surface
AT11C complex,Q8NB49,AT11C_HUMAN,Q9NV96,CC50A_HUMAN,,,,,FALSE,FALSE,,FALSE,FALSE,,TRUE,FALSE,,TRUE,FALSE,FALSE,FALSE,FALSE,FALSE,FALSE,,,"Exit from the endoplasmic reticulum requires the presence of TMEM30A, but not that of TMEM30B."
TREM2 receptor,Q9NZC2,TREM2_HUMAN,O43914,TYOBP_HUMAN,,,,,TRUE,FALSE,,FALSE,FALSE,,FALSE,FALSE,,TRUE,FALSE,FALSE,FALSE,FALSE,FALSE,FALSE,,,Interacts with TYROBP/DAP12
contactin complex V,Q02246,CNTN2_HUMAN,P32004,L1CAM_HUMAN,,,,,FALSE,FALSE,,TRUE,FALSE,,FALSE,FALSE,,TRUE,FALSE,FALSE,FALSE,FALSE,FALSE,FALSE,,,L1 binds to TAG-1 (contactin 2) in cis
ADR complex,Q96A54,ADR1_HUMAN,Q86V24,ADR2_HUMAN,,,,,TRUE,FALSE,,FALSE,FALSE,,FALSE,FALSE,,TRUE,FALSE,FALSE,FALSE,FALSE,FALSE,FALSE,,,May form homooligomers and heterooligomers with ADIPOR2.
Sodium channel complex,P37088,SCNNA_HUMAN,P51168,SCNNB_HUMAN,P51170,SCNNG_HUMAN,,,FALSE,FALSE,,FALSE,FALSE,,TRUE,FALSE,,TRUE,FALSE,FALSE,FALSE,FALSE,FALSE,FALSE,,,"Heterotrimer containing an alpha/SCNN1A, a beta/SCNN1B and a gamma/SCNN1G subunit."
a3b1 complex,P05556,ITB1_HUMAN,P26006,ITA3_HUMAN,,,,,FALSE,FALSE,,TRUE,FALSE,,FALSE,FALSE,,TRUE,FALSE,FALSE,FALSE,FALSE,FALSE,FALSE,,,Well known integrin combination
GPVI complex,Q9HCN6,GPVI_HUMAN,P30273,FCERG_HUMAN,,,,,TRUE,FALSE,,FALSE,FALSE,,FALSE,FALSE,,TRUE,FALSE,FALSE,FALSE,FALSE,FALSE,FALSE,,,Associated with Fc receptor gamma chain. The GPVI-FcRgamma complex is associated with the Src kinase family Fyn and Lyn.
a10b1 complex,P05556,ITB1_HUMAN,O75578,ITA10_HUMAN,,,,,FALSE,FALSE,,TRUE,FALSE,,FALSE,FALSE,,TRUE,FALSE,FALSE,FALSE,FALSE,FALSE,FALSE,,,Well known integrin combination
CD1B complex,P61769,B2MG_HUMAN,P29016,CD1B_HUMAN,,,,,FALSE,FALSE,,FALSE,FALSE,,FALSE,FALSE,,TRUE,FALSE,FALSE,FALSE,FALSE,FALSE,TRUE,1gzp,B2M;CD1B,Heterodimer with B2M (beta-2-microglobulin). Interacts with MHC II.
TIE1TEK_receptor,P35590,TIE1_HUMAN,Q02763,TIE2_HUMAN,,,,,TRUE,FALSE,,FALSE,FALSE,,FALSE,FALSE,,TRUE,FALSE,FALSE,FALSE,FALSE,FALSE,FALSE,,,Heterodimer with TEK/TIE2
serotonin rceptor 2,P08908,5HT1A_HUMAN,Q99527,GPER1_HUMAN,,,,,TRUE,FALSE,,FALSE,FALSE,,TRUE,FALSE,,TRUE,FALSE,FALSE,FALSE,FALSE,FALSE,FALSE,,,Heterodimer; heterodimerizes with GPER1.
FCyR3A,P08637,FCG3A_HUMAN,P30273,FCERG_HUMAN,,,,,TRUE,FALSE,Human IgG receptor,FALSE,FALSE,,FALSE,FALSE,,TRUE,FALSE,FALSE,FALSE,FALSE,FALSE,FALSE,,,Exists as a heterooligomeric receptor complex with Fc epsilon receptor I gamma subunit and / or the CD3 zeta subunit.
S12A9S12A9 complexes,Q9BXP2,S12A9_HUMAN,Q13621,S12A1_HUMAN,,,,,FALSE,FALSE,,FALSE,FALSE,,TRUE,FALSE,,TRUE,FALSE,FALSE,FALSE,FALSE,FALSE,FALSE,,,Interacts with SLC12A1.
a4b1 complex,P05556,ITB1_HUMAN,P13612,ITA4_HUMAN,,,,,FALSE,FALSE,,TRUE,FALSE,,FALSE,FALSE,,TRUE,FALSE,FALSE,FALSE,FALSE,FALSE,FALSE,,,Well known integrin combination
a5b1 complex,P05556,ITB1_HUMAN,P08648,ITA5_HUMAN,,,,,FALSE,FALSE,,TRUE,FALSE,,FALSE,FALSE,,TRUE,FALSE,FALSE,FALSE,FALSE,FALSE,FALSE,,,Well known integrin combination
serotonin receptor 1,A5X5Y0,5HT3E_HUMAN,P46098,5HT3A_HUMAN,,,,,TRUE,FALSE,,FALSE,FALSE,,TRUE,FALSE,,TRUE,FALSE,FALSE,FALSE,FALSE,FALSE,FALSE,,,Forms a pentaheteromeric complex with HTR3A.
IL9 receptor,Q01113,IL9R_HUMAN,P31785,IL2RG_HUMAN,,,,,TRUE,TRUE,Cytokine receptor IL2 family,FALSE,FALSE,,FALSE,FALSE,,TRUE,FALSE,FALSE,FALSE,FALSE,FALSE,FALSE,,,Cytokine receptor family; Interleukin 9 family
CLM6 complex,Q08708,CLM6_HUMAN,O43914,TYOBP_HUMAN,P30273,FCERG_HUMAN,,,TRUE,FALSE,,FALSE,FALSE,,FALSE,FALSE,,TRUE,FALSE,FALSE,FALSE,FALSE,FALSE,FALSE,,,
IL23 receptor,P42701,I12R1_HUMAN,Q5VWK5,IL23R_HUMAN,,,,,TRUE,TRUE,"Cytokine receptor IL6 family, IL12 subfamily",FALSE,FALSE,,FALSE,FALSE,,TRUE,FALSE,FALSE,FALSE,FALSE,FALSE,FALSE,,,Associates also with IL23R to form the interleukin-23 receptor which functions in IL23 signal transduction
PK1L1PK2L1 complex,Q8TDX9,PK1L1_HUMAN,Q9P0L9,PK2L1_HUMAN,,,,,FALSE,FALSE,,FALSE,FALSE,,FALSE,FALSE,,TRUE,FALSE,FALSE,FALSE,FALSE,FALSE,FALSE,,,Forms a heterodimer with PKD2L1 in primary cilia and forms a calcium-permeant ciliary channel 
IL17 receptor AB,Q96F46,I17RA_HUMAN,Q9NRM6,I17RB_HUMAN,,,,,TRUE,TRUE,Cytokine receptor IL17 family,FALSE,FALSE,,FALSE,FALSE,,TRUE,FALSE,FALSE,FALSE,FALSE,FALSE,FALSE,,,
IL36 receptor,Q9HB29,ILRL2_HUMAN,Q9NPH3,IL1AP_HUMAN,,,,,TRUE,TRUE,Cytokine receptor IL1 family,FALSE,FALSE,,FALSE,FALSE,,TRUE,FALSE,FALSE,FALSE,FALSE,FALSE,FALSE,,,After binding to interleukin-36 associates with the coreceptor IL1RAP to form the interleukin-36 receptor complex
IL27 receptor,Q6UWB1,I27RA_HUMAN,P40189,IL6RB_HUMAN,,,,,TRUE,TRUE,Cytokine receptor IL6 family,FALSE,FALSE,,FALSE,FALSE,,TRUE,FALSE,FALSE,FALSE,FALSE,FALSE,FALSE,,,Requires IL6ST/gp130 to mediate signal transduction in response to IL27.
GPER1 receptor,P34998,CRFR1_HUMAN,Q99527,GPER1_HUMAN,,,,,TRUE,TRUE,hormone receptor,FALSE,FALSE,,FALSE,FALSE,,TRUE,FALSE,FALSE,FALSE,FALSE,FALSE,FALSE,,,Heterodimer; heterodimerizes with GPER1 (By similarity). 
Insulin receptor,P05019,IGF1_HUMAN,P08069,IGF1R_HUMAN,P06213,INSR_HUMAN,,,TRUE,TRUE,Hormone,FALSE,FALSE,,FALSE,FALSE,,TRUE,FALSE,FALSE,FALSE,FALSE,FALSE,TRUE,4xss,IGF1;IGF1R;INSR," Forms a hybrid receptor with IGF1R, the hybrid is a tetramer consisting of 1 alpha chain and 1 beta chain of INSR and 1 alpha chain and 1 beta chain of IGF1R."
SLC16A3 complex,P35613,BASI_HUMAN,O15427,MOT4_HUMAN,,,,,FALSE,FALSE,,FALSE,TRUE,,TRUE,FALSE,,TRUE,FALSE,FALSE,FALSE,FALSE,FALSE,FALSE,,,"Plays an important role in targeting the monocarboxylate transporters SLC16A1, SLC16A3 and SLC16A8 to the plasma membrane."
serotonine receptor2,P28335,5HT2C_HUMAN,O75970,MPDZ_HUMAN,,,,,TRUE,FALSE,,FALSE,FALSE,,TRUE,FALSE,,TRUE,FALSE,FALSE,FALSE,FALSE,FALSE,FALSE,,,The encoded protein is known to interact with the HTR2C receptor and may cause it to clump at the cell surface.
glutamate complex,Q14416,GRM2_HUMAN,P28223,5HT2A_HUMAN,,,,,TRUE,FALSE,,FALSE,FALSE,,FALSE,FALSE,,TRUE,FALSE,FALSE,FALSE,FALSE,FALSE,FALSE,,,mGluR2 and serotonin 2A receptor (5-HT2A) form complexes that mediate alterations in cellular response in the brain
KCND2KCIP1 complex,Q9NZV8,KCND2_HUMAN,Q9NZI2,KCIP1_HUMAN,,,,,FALSE,FALSE,,FALSE,FALSE,,TRUE,FALSE,,TRUE,FALSE,FALSE,FALSE,FALSE,FALSE,FALSE,,,"Interaction with KCNIP1, KCNIP2, KCNIP3 or KCNIP4 promotes expression at the cell membrane"
CNTF-2R,O75462,CRLF1_HUMAN,P26992,CNTFR_HUMAN,P42702,LIFR_HUMAN,P40189,IL6RB_HUMAN,TRUE,TRUE,Cytokine receptor IL6 family,FALSE,FALSE,,FALSE,FALSE,,TRUE,FALSE,FALSE,FALSE,FALSE,FALSE,FALSE,,,Cytokine receptor family; Interleukin 6 family
a6b1 complex,P05556,ITB1_HUMAN,P23229,ITA6_HUMAN,,,,,FALSE,FALSE,,TRUE,FALSE,,FALSE,FALSE,,TRUE,FALSE,FALSE,FALSE,FALSE,FALSE,FALSE,,,Well known integrin combination
AT8B4CC50A complex,Q8TF62,AT8B4_HUMAN,Q9NV96,CC50A_HUMAN,,,,,FALSE,FALSE,,FALSE,FALSE,,TRUE,FALSE,,TRUE,FALSE,FALSE,FALSE,FALSE,FALSE,FALSE,,,Interacts with beta subunits TMEM30A and TMEM30B
GABBR1_2 complex,Q9UBS5,GABR1_HUMAN,O75899,GABR2_HUMAN,,,,,TRUE,FALSE,,FALSE,FALSE,,TRUE,FALSE,,TRUE,FALSE,FALSE,FALSE,FALSE,FALSE,TRUE,4mqe,GABBR1;GABBR2,Coexpression of GABBR1 and GABBR2 is required for GABBR1 maturation and transport to the plasma membrane.
ERBB3_ERBB4 complex,P21860,ERBB3_HUMAN,Q15303,ERBB4_HUMAN,,,,,TRUE,FALSE,,FALSE,FALSE,,FALSE,FALSE,,TRUE,FALSE,FALSE,FALSE,FALSE,FALSE,FALSE,,,Heterodimer of an alpha chain and a beta chain (beta-2-microglobulin)
IL2 receptor_HA,P01589,IL2RA_HUMAN,P14784,IL2RB_HUMAN,P31785,IL2RG_HUMAN,,,TRUE,TRUE,Cytokine receptor IL2 family,FALSE,FALSE,,FALSE,FALSE,,TRUE,FALSE,FALSE,FALSE,FALSE,FALSE,binding,2b5i,IL2;IL2RA;IL2RB;IL2RG,"A high affinity dimer, an intermediate affinity monomer (beta subunit). The high and intermediate affinity forms also associate with a gamma subunit."
AT8B1 complex I,O43520,AT8B1_HUMAN,Q9NV96,CC50A_HUMAN,,,,,FALSE,FALSE,,FALSE,FALSE,,TRUE,FALSE,,TRUE,FALSE,FALSE,FALSE,FALSE,FALSE,FALSE,,,Exit from the endoplasmic reticulum requires the presence of TMEM30A or TMEM30B. Localizes to apical membranes in epithelial cells.
IL17 AF,Q16552,IL17_HUMAN,Q96PD4,IL17F_HUMAN,,,,,FALSE,FALSE,,FALSE,FALSE,,FALSE,TRUE,Cytokine,FALSE,TRUE,FALSE,TRUE,TRUE,FALSE,FALSE,,,
estrogen recceptor,Q99527,GPER1_HUMAN,P78352,DLG4_HUMAN,,,,,TRUE,TRUE,estrogen receptor add,FALSE,FALSE,,FALSE,FALSE,,TRUE,FALSE,FALSE,FALSE,FALSE,FALSE,FALSE,,,Interacts (via C-terminus tail motif) with DLG4 (via N-terminus tandem pair of PDZ domains); the interaction is direct and induces the increase of GPER1 protein levels residing at the plasma membrane surface in a estradiol-independent manner (By similarity)
a2b1 complex,P05556,ITB1_HUMAN,P17301,ITA2_HUMAN,,,,,FALSE,FALSE,,TRUE,FALSE,,FALSE,FALSE,,TRUE,FALSE,FALSE,FALSE,FALSE,FALSE,FALSE,,,Well known integrin combination
LRFN2LRFN5 complex,Q9ULH4,LRFN2_HUMAN,Q96NI6,LRFN5_HUMAN,,,,,FALSE,FALSE,,FALSE,FALSE,,FALSE,FALSE,,TRUE,FALSE,FALSE,FALSE,FALSE,FALSE,FALSE,,,"Forms heteromeric complexes with LRFN1, LRFN3, LRFN4 and LRFN5."
aLb2 complex,P05107,ITB2_HUMAN,P20701,ITAL_HUMAN,,,,,FALSE,FALSE,,TRUE,FALSE,,FALSE,FALSE,,TRUE,FALSE,FALSE,FALSE,FALSE,FALSE,FALSE,,,Well known integrin combination
LRFN2LRFN3 complex,Q9ULH4,LRFN2_HUMAN,Q9BTN0,LRFN3_HUMAN,,,,,FALSE,FALSE,,FALSE,FALSE,,FALSE,FALSE,,TRUE,FALSE,FALSE,FALSE,FALSE,FALSE,FALSE,,,"Forms heteromeric complexes with LRFN1, LRFN3, LRFN4 and LRFN5."
CNTN6PTPRA complex,Q9UQ52,CNTN6_HUMAN,P18433,PTPRA_HUMAN,,,,,FALSE,FALSE,,TRUE,FALSE,,FALSE,FALSE,,TRUE,FALSE,FALSE,FALSE,FALSE,FALSE,FALSE,,,NB-3 (contactin 6) also interacts with PTPa to regulate apical dendrite orientation in the visual cortex
FcRn complex,P61769,B2MG_HUMAN,P55899,FCGRN_HUMAN,,,,,TRUE,FALSE,Human IgG receptor,FALSE,TRUE,"transports immunoglobulin G (IgG) across epithelia,",FALSE,FALSE,,TRUE,FALSE,FALSE,FALSE,FALSE,FALSE,TRUE,1exu,B2M;FCGRT,"FcRn complex consist of two subunits: p51, and p14 which is equivalent to beta-2-microglobulin. It forms an MHC class I-like heterodimer"
LIFR,P42702,LIFR_HUMAN,P40189,IL6RB_HUMAN,,,,,TRUE,TRUE,Cytokine receptor IL6 family,FALSE,FALSE,,FALSE,FALSE,,TRUE,FALSE,FALSE,FALSE,FALSE,FALSE,FALSE,,,Heterodimer composed of LIFR and IL6ST.
FZD6 complex,O60353,FZD6_HUMAN,Q9ULK5,VANG2_HUMAN,,,,,TRUE,FALSE,,FALSE,FALSE,,FALSE,FALSE,,TRUE,FALSE,FALSE,FALSE,FALSE,FALSE,FALSE,,,Required for cell surface localization of FZD3 and FZD6 in the inner ear (By similarity)
AT8B4CC50B complex,Q8TF62,AT8B4_HUMAN,Q3MIR4,CC50B_HUMAN,,,,,FALSE,FALSE,,FALSE,FALSE,,TRUE,FALSE,,TRUE,FALSE,FALSE,FALSE,FALSE,FALSE,FALSE,,,Interacts with beta subunits TMEM30A and TMEM30B
LTB complex,Q06643,TNFC_HUMAN,P01374,TNFB_HUMAN,,,,,FALSE,FALSE,,FALSE,FALSE,,FALSE,FALSE,,TRUE,FALSE,FALSE,FALSE,FALSE,FALSE,FALSE,,,
a9b1 complex,P05556,ITB1_HUMAN,Q13797,ITA9_HUMAN,,,,,FALSE,FALSE,,TRUE,FALSE,,FALSE,FALSE,,TRUE,FALSE,FALSE,FALSE,FALSE,FALSE,FALSE,,,Well known integrin combination
PODXL complex,O00592,PODXL_HUMAN,O14745,NHRF1_HUMAN,,,,,FALSE,FALSE,,TRUE,TRUE,Migration,FALSE,FALSE,,TRUE,FALSE,FALSE,FALSE,FALSE,FALSE,FALSE,,,Interacts (via the PDZ 1 domain) with PODXL (via the C-terminal PDZ-binding motif DTHL); the interaction take place early in the secretory pathway and is necessary for its apical membrane sorting (By similarity). 
UNC5A receptor,Q6ZN44,UNC5A_HUMAN,P43146,DCC_HUMAN,,,,,TRUE,FALSE,,FALSE,FALSE,,FALSE,FALSE,,TRUE,FALSE,FALSE,FALSE,FALSE,FALSE,FALSE,,,Interacts with the cytoplasmic part of DCC.
aminoacid  transporter,Q9UHI5,LAT2_HUMAN,P08195,4F2_HUMAN,,,,,FALSE,FALSE,,FALSE,FALSE,,FALSE,FALSE,,TRUE,FALSE,FALSE,FALSE,FALSE,FALSE,FALSE,,,"Localized to the cytoplasm when expressed alone but when coexpressed with SLC3A2/4F2hc, is localized to the plasma membrane"
TGFbeta receptor1,P36897,TGFR1_HUMAN,P37173,TGFR2_HUMAN,,,,,TRUE,TRUE,TGFBeta_receptor_add,FALSE,FALSE,,FALSE,FALSE,,TRUE,FALSE,FALSE,FALSE,FALSE,FALSE,FALSE,,,"Heterohexamer; TGFB1, TGFB2 and TGFB3 homodimeric ligands assemble a functional receptor composed of two TGFBR1 and TGFBR2 heterodimers to form a ligand-receptor heterohexamer."
IL35 receptor,P40189,IL6RB_HUMAN,Q99665,I12R2_HUMAN,,,,,TRUE,TRUE,Cytokine receptor IL1 family,FALSE,FALSE,,FALSE,FALSE,,TRUE,FALSE,FALSE,FALSE,FALSE,FALSE,FALSE,,,
somatostatin receptor II,P30874,SSR2_HUMAN,P35346,SSR5_HUMAN,,,,,TRUE,FALSE,,FALSE,FALSE,,FALSE,FALSE,,TRUE,FALSE,FALSE,FALSE,FALSE,FALSE,FALSE,,,Homodimer and heterodimer with SSTR3 and SSTR5.
ACVR2A complex II,Q04771,ACVR1_HUMAN,P27037,AVR2A_HUMAN,,,,,TRUE,TRUE,TGFBeta_receptor_add,FALSE,FALSE,,FALSE,FALSE,,TRUE,FALSE,FALSE,FALSE,FALSE,FALSE,FALSE,,,Transmembrane serine/threonine kinase activin type-1 receptor forming an activin receptor complex with activin receptor type-2 (ACVR2A or ACVR2B).
aVb1 complex,P05556,ITB1_HUMAN,P06756,ITAV_HUMAN,,,,,FALSE,FALSE,,TRUE,FALSE,,FALSE,FALSE,,TRUE,FALSE,FALSE,FALSE,FALSE,FALSE,FALSE,,,Well known integrin combination
EGFR complex 3,P00533,EGFR_HUMAN,Q15303,ERBB4_HUMAN,,,,,TRUE,FALSE,,FALSE,FALSE,,FALSE,FALSE,,TRUE,FALSE,FALSE,FALSE,FALSE,FALSE,FALSE,,,Heterodimer EGF family; upon ligand binding
ACVR2B complex I,P36896,ACV1B_HUMAN,Q13705,AVR2B_HUMAN,,,,,TRUE,TRUE,TGFBeta_receptor_add,FALSE,FALSE,,FALSE,FALSE,,TRUE,FALSE,FALSE,FALSE,FALSE,FALSE,FALSE,,,Transmembrane serine/threonine kinase activin type-1 receptor forming an activin receptor complex with activin receptor type-2 (ACVR2A or ACVR2B).
opioid receptor D 1,P35372,OPRM_HUMAN,P41143,OPRD_HUMAN,Q96DX8,RTP4_HUMAN,,,TRUE,FALSE,,FALSE,FALSE,,FALSE,FALSE,,TRUE,FALSE,FALSE,FALSE,FALSE,FALSE,FALSE,,, Interacts with RTP4; the interaction promotes cell surface localization of the OPRD1-OPRM1 heterodimer (By similarity).
KCNG2KCNB1 complex,Q9UJ96,KCNG2_HUMAN,Q14721,KCNB1_HUMAN,,,,,FALSE,FALSE,,FALSE,FALSE,,TRUE,FALSE,,TRUE,FALSE,FALSE,FALSE,FALSE,FALSE,FALSE,,,Heterodimer with KCNB1. Does not form homomultimers.
Agrin complex,O15146,MUSK_HUMAN,O00468,AGRIN_HUMAN,O75096,LRP4_HUMAN,Q18PE1,DOK7_HUMAN,TRUE,FALSE,,FALSE,FALSE,,FALSE,FALSE,,TRUE,FALSE,FALSE,FALSE,FALSE,FALSE,partial,3ml4,DOK7;DOK7;MUSK;MUSK,MUSK Interacts with LRP4; the heterodimer forms an AGRIN receptor complex that binds AGRIN resulting in activation of MUSK
Type I IFNR,P17181,INAR1_HUMAN,P48551,INAR2_HUMAN,,,,,TRUE,TRUE,Cytokine receptor family,FALSE,FALSE,,FALSE,FALSE,,TRUE,FALSE,FALSE,FALSE,FALSE,FALSE,binding,3se3,IFNA2;IFNAR1;IFNAR2,Heterodimer with IFNAR2
contactin complex I,Q12860,CNTN1_HUMAN,P78357,CNTP1_HUMAN,,,,,FALSE,FALSE,,TRUE,FALSE,,FALSE,FALSE,,TRUE,FALSE,FALSE,FALSE,FALSE,FALSE,FALSE,,,Interacts with contactin in cis form. Essential for Caspr sorting from the endoplasmic reticulum to the plasma membrane.
potasium transporter complex,P54707,AT12A_HUMAN,Q9NV96,CC50A_HUMAN,,,,,FALSE,FALSE,,FALSE,FALSE,,TRUE,FALSE,,TRUE,FALSE,FALSE,FALSE,FALSE,FALSE,FALSE,,,"Exit from the endoplasmic reticulum requires the presence of TMEM30A, but not that of TMEM30B."
NKG2D II receptor,P26718,NKG2D_HUMAN,Q9UBK5,HCST_HUMAN,,,,,TRUE,TRUE,hematopoyetic receptor,FALSE,FALSE,,FALSE,FALSE,,TRUE,FALSE,FALSE,FALSE,FALSE,FALSE,FALSE,,, Heterohexamer composed of two subunits of KLRK1 and four subunits of HCST/DAP10.
IL17 receptor AE,Q96F46,I17RA_HUMAN,Q8NFR9,I17RE_HUMAN,,,,,TRUE,TRUE,Cytokine receptor IL17 family,FALSE,FALSE,,FALSE,FALSE,,TRUE,FALSE,FALSE,FALSE,FALSE,FALSE,FALSE,,,Forms heterodimers with IL17RE; the heterodimer binds IL17C
ABCG5ABCG8 complex,Q9H222,ABCG5_HUMAN,Q9H221,ABCG8_HUMAN,,,,,FALSE,FALSE,,FALSE,FALSE,,TRUE,FALSE,,TRUE,FALSE,FALSE,FALSE,FALSE,FALSE,TRUE,5do7,ABCG5;ABCG8,May form heterodimers with ABCG8 or be tightly coupled to ABCG8
FCyR1A,P12314,FCGR1_HUMAN,P30273,FCERG_HUMAN,,,,,TRUE,FALSE,Human IgG receptor,FALSE,FALSE,,FALSE,FALSE,,TRUE,FALSE,FALSE,FALSE,FALSE,FALSE,FALSE,,,Also called CD64. Interacts with FCERG1; forms a functional signaling complex
5HT3C5HT3A complex,Q8WXA8,5HT3C_HUMAN,P46098,5HT3A_HUMAN,,,,,TRUE,FALSE,,FALSE,FALSE,,TRUE,FALSE,,TRUE,FALSE,FALSE,FALSE,FALSE,FALSE,FALSE,,,Note: Presumably retained within the endoplasmic reticulum unless complexed with HTR3A.
TGFbeta receptor2,P36897,TGFR1_HUMAN,Q13705,AVR2B_HUMAN,,,,,TRUE,TRUE,TGFBeta_receptor_add,FALSE,FALSE,,FALSE,FALSE,,TRUE,FALSE,FALSE,FALSE,FALSE,FALSE,FALSE,,,"Heterohexamer; TGFB1, TGFB2 and TGFB3 homodimeric ligands assemble a functional receptor composed of two TGFBR1 and TGFBR2 heterodimers to form a ligand-receptor heterohexamer."
IL28 receptor,Q8IU57,INLR1_HUMAN,Q08334,I10R2_HUMAN,,,,,TRUE,TRUE,Cytokine receptor family,FALSE,FALSE,,FALSE,FALSE,,TRUE,FALSE,FALSE,FALSE,FALSE,FALSE,binding,5t5w,IFNL3;IFNLR1;IL10RB,IFNLR1/IL10RB dimer is a receptor
AT8A2 complex,Q9NTI2,AT8A2_HUMAN,Q9NV96,CC50A_HUMAN,,,,,FALSE,FALSE,,FALSE,FALSE,,TRUE,FALSE,,TRUE,FALSE,FALSE,FALSE,FALSE,FALSE,FALSE,,,Interacts with TMEM30A to form a flippase complex.
CD79_IGHM receptor,P11912,CD79A_HUMAN,P40259,CD79B_HUMAN,P01871,IGHM_HUMAN,,,TRUE,FALSE,,FALSE,FALSE,,FALSE,FALSE,,TRUE,FALSE,FALSE,FALSE,FALSE,FALSE,FALSE,,,Membrane-bound IgM molecules are non-covalently associated with heterodimer of CD79A and CD79B
IL10 receptor,Q13651,I10R1_HUMAN,Q08334,I10R2_HUMAN,,,,,TRUE,TRUE,Cytokine receptor IL10 family,FALSE,FALSE,,FALSE,FALSE,,TRUE,FALSE,FALSE,FALSE,FALSE,FALSE,FALSE,,,Heterodimer of an alpha and a beta subunit.
CLM4 receptor,Q6UXZ3,CLM4_HUMAN,O43914,TYOBP_HUMAN,P30273,FCERG_HUMAN,,,TRUE,FALSE,,FALSE,FALSE,,FALSE,FALSE,,TRUE,FALSE,FALSE,FALSE,FALSE,FALSE,FALSE,,,Cell surface localization requires the ITAM-bearing Fc receptor FCER1G to overcome ER retention.
KCND2KCIP4 complex,Q9NZV8,KCND2_HUMAN,Q6PIL6,KCIP4_HUMAN,,,,,FALSE,FALSE,,FALSE,FALSE,,TRUE,FALSE,,TRUE,FALSE,FALSE,FALSE,FALSE,FALSE,FALSE,,,Modulates KCND2 channel density
IL23,P29460,IL12B_HUMAN,Q9NPF7,IL23A_HUMAN,,,,,FALSE,FALSE,,FALSE,FALSE,,FALSE,TRUE,"Cytokine receptor IL6 family, IL12 subfamily",FALSE,TRUE,FALSE,TRUE,TRUE,FALSE,TRUE,3d87,IL12B;IL12B;IL23A;IL23A,
CD1C complex,P29017,CD1C_HUMAN,P61769,B2MG_HUMAN,,,,,FALSE,FALSE,,FALSE,FALSE,,FALSE,FALSE,,TRUE,FALSE,FALSE,FALSE,FALSE,FALSE,FALSE,,,Heterodimer with B2M (beta-2-microglobulin).
Glycoprotein Ib  complex,P07359,GP1BA_HUMAN,P13224,GP1BB_HUMAN,,,,,TRUE,FALSE,,TRUE,FALSE,,FALSE,FALSE,,TRUE,FALSE,FALSE,FALSE,FALSE,FALSE,FALSE,,,Two GP-Ib beta are disulfide-linked to one GP-Ib alpha.
IL22 receptor,Q8N6P7,I22R1_HUMAN,Q08334,I10R2_HUMAN,,,,,TRUE,TRUE,"Cytokine receptor IL10 family, IL20 subfamily",FALSE,FALSE,,FALSE,FALSE,,TRUE,FALSE,FALSE,FALSE,FALSE,FALSE,binding,3dgc,IL22;IL22RA1,Component of IL22 receptor formed by IL22RA1 and IL10RB
TYROBP complex,A8K4G0,CLM7_HUMAN,O43914,TYOBP_HUMAN,Q9UBK5,HCST_HUMAN,,,TRUE,FALSE,,FALSE,FALSE,,FALSE,FALSE,,TRUE,FALSE,FALSE,FALSE,FALSE,FALSE,FALSE,,,"Interacts with TYROBP, which enhances cell surface expression and activation properties"
KCND2CSEN complex,Q9NZV8,KCND2_HUMAN,Q9Y2W7,CSEN_HUMAN,,,,,FALSE,FALSE,,FALSE,FALSE,,TRUE,FALSE,,TRUE,FALSE,FALSE,FALSE,FALSE,FALSE,FALSE,,,Involved in KCND2 and KCND3 trafficking to the cell surface.
aDb2 complex,P05107,ITB2_HUMAN,Q13349,ITAD_HUMAN,,,,,FALSE,FALSE,,TRUE,FALSE,,FALSE,FALSE,,TRUE,FALSE,FALSE,FALSE,FALSE,FALSE,FALSE,,,Well known integrin combination