id_cp_interaction,partner_a,partner_b,protein_name_a,protein_name_b,annotation_strategy,source
CPI-CC00A20C8D9,IL12 receptor,IL12,,,curated,uniprot
CPI-CC0104F2A96,ACVR_1B2A receptor,Activin ligand ab,,,curated,PMID: 22710174 & rndsystem webpage; PMID: 22991378
CPI-CC045C36F28,ACVR_1A2A receptor,Activin ligand ab,,,curated,less common binding; PMID: 22710174; PMID: 22991378  & rndsystem webpage
CPI-CC072007F09,ACVR_1B2B receptor,Activin ligand ab,,,curated,PMID: 22710174 & rndsystem webpage; PMID: 22991378
CPI-CC08A4A83F1,aMb2 complex,fibrinogen,,,curated,uniprot
CPI-CC0947744F4,ACVR_1C2A receptor,Activin ligand ab,,,curated,PMID: 22710174 & rndsystem webpage; PMID: 22991378
CPI-CC09863F59B,ACVR_1A2B receptor,Activin ligand ab,,,curated,less common binding; PMID: 22710174; PMID: 22991378  & rndsystem webpage
CPI-CC0ABCC6ACF,IL35 receptor,IL35,,,curated,uniprot
CPI-CC0AE608369,IL27 receptor,IL27,,,curated,uniprot
CPI-CC0B6E6E341,ACVR_1C2B receptor,Activin ligand ab,,,curated,PMID: 22710174 & rndsystem webpage; PMID: 22991378
CPI-CC0C166A7F7,IL17 receptor AC,IL17 AF,,,curated,uniprot
CPI-CC0D5F9D20F,a2Bb3 complex,fibrinogen,,,curated,uniprot
CPI-CC0E8C87223,IL23 receptor,IL23,,,curated,uniprot
CPI-CC0F3691D07,aXb2 complex,fibrinogen,,,curated,uniprot
CPI-CS0007697A7,NKG2D II receptor,Q9BZM6,,N2DL1_HUMAN,curated,Induces NK Cell Activation. Reviewed in PMID: 24223577
CPI-CS001CEABA9,a1b1 complex,A6NMZ7,,CO6A6_HUMAN,curated,uniprot
CPI-CS001EF71EB,a10b1 complex,Q96P44,,COLA1_HUMAN,curated,uniprot
CPI-CS0023FA839,CD94:NKG2E,P13747,,HLAE_HUMAN,curated,PMID: 28484462
CPI-CS0028629A4,a2b1 complex,P02462,,CO4A1_HUMAN,curated,uniprot
CPI-CS002BE4E1D,a11b1 complex,P13942,,COBA2_HUMAN,curated,uniprot
CPI-CS0039C78B6,a1b1 complex,Q14050,,CO9A3_HUMAN,curated,uniprot
CPI-CS00438820D,a4b7 complex,P19320,,VCAM1_HUMAN,curated,uniprot
CPI-CS0044ABBE0,a11b1 complex,Q03692,,COAA1_HUMAN,curated,uniprot
CPI-CS004FEB9B9,a10b1 complex,Q14050,,CO9A3_HUMAN,curated,uniprot
CPI-CS005B85FC8,a2b1 complex,P02458,,CO2A1_HUMAN,curated,uniprot
CPI-CS006801CF7,a11b1 complex,Q5TAT6,,CODA1_HUMAN,curated,uniprot
CPI-CS0078E9262,a11b1 complex,Q14031,,CO4A6_HUMAN,curated,uniprot
CPI-CS007ADC2D1,ACVR_1C2A receptor,P09529,,INHBB_HUMAN,curated,PMID: 22710174 & rndsystem webpage; PMID: 22991378
CPI-CS008C9D6E5,IL1 receptor inhibitor,P01584,,IL1B_HUMAN,curated,"3o4o, PDB"
CPI-CS00A10621C,a6b1 complex,P11047,,LAMC1_HUMAN,curated,uniprot
CPI-CS00BB4209A,aVb3 complex,P08253,,MMP2_HUMAN,curated,uniprot
CPI-CS00BE13611,a2b1 complex,P12111,,CO6A3_HUMAN,curated,uniprot
CPI-CS00BF6CD40,IL13 receptor,P05112,,IL4_HUMAN,curated,"3bpn, PDB"
CPI-CS00C10F40F,a1b1 complex,P27658,,CO8A1_HUMAN,curated,uniprot
CPI-CS00C360E5A,PDGFR complex,P01127,,PDGFB_HUMAN,curated,uniprot
CPI-CS00EB56813,Type I IFNR,P01563,,IFNA2_HUMAN,curated,"3se3, PDB"
CPI-CS00EC98A3C,a2b1 complex,Q14993,,COJA1_HUMAN,curated,uniprot
CPI-CS00F58CC59,a1b1 complex,P29400,,CO4A5_HUMAN,curated,uniprot
CPI-CS00FDC6314,TGFbeta receptor2,P61812,,TGFB2_HUMAN,curated,uniprot
CPI-CS00FE4DD46,a10b1 complex,P08123,,CO1A2_HUMAN,curated,uniprot
CPI-CS01064A2AD,aVb3 complex,P04004,,VTNC_HUMAN,curated,uniprot
CPI-CS01103AAE5,a2b1 complex,P02461,,CO3A1_HUMAN,curated,uniprot
CPI-CS011E677AC,a3b1 complex,P02751,,FINC_HUMAN,curated,uniprot
CPI-CS013047EEE,a1b1 complex,Q14031,,CO4A6_HUMAN,curated,uniprot
CPI-CS0138B5457,aLb2 complex,P05362,,ICAM1_HUMAN,curated,uniprot
CPI-CS0152E177A,Glycoprotein Ib  complex,P04275,,VWF_HUMAN,curated,"1m10, PDB partially . Platets needed for its activation."
CPI-CS018BDAD0D,a2b1 complex,Q96A83,,COQA1_HUMAN,curated,uniprot
CPI-CS019270B32,aLb2 complex,Q14773,,ICAM4_HUMAN,curated,uniprot
CPI-CS01A06F36D,a9b1 complex,P24821,,TENA_HUMAN,curated,uniprot
CPI-CS01A52F76F,a3b1 complex,P07996,,TSP1_HUMAN,curated,uniprot
CPI-CS01AAAA04A,a2b1 complex,Q14031,,CO4A6_HUMAN,curated,uniprot
CPI-CS01C107980,a4b7 complex,Q13477,,MADCA_HUMAN,curated,uniprot
CPI-CS01CB84779,a1b1 complex,Q07092,,COGA1_HUMAN,curated,uniprot
CPI-CS0210859AB,GMCSFR,P04141,,CSF2_HUMAN,curated,"4nkq, PDB"
CPI-CS0217BD42B,a11b1 complex,P27658,,CO8A1_HUMAN,curated,uniprot
CPI-CS0217F6EB1,a1b1 complex,P39060,,COIA1_HUMAN,curated,uniprot
CPI-CS023C72D92,a3b1 complex,Q16787,,LAMA3_HUMAN,curated,uniprot
CPI-CS0246973F7,a10b1 complex,Q14055,,CO9A2_HUMAN,curated,uniprot
CPI-CS02566ED5C,a2b1 complex,P12110,,CO6A2_HUMAN,curated,uniprot
CPI-CS02899BF8B,ACVR_1B2A receptor,P09529,,INHBB_HUMAN,curated,PMID: 22710174 & rndsystem webpage; PMID: 22991378
CPI-CS02DE25F1A,aVb3 complex,P02751,,FINC_HUMAN,curated,uniprot
CPI-CS02E5ABC5D,Glycoprotein Ib  complex,P00734,,THRB_HUMAN,curated,"1hyr, PDB partially"
CPI-CS02E67C584,a11b1 complex,Q17RW2,,COOA1_HUMAN,curated,uniprot
CPI-CS02FA5CFBE,a1b1 complex,Q8IZC6,,CORA1_HUMAN,curated,uniprot
CPI-CS03037FE90,IL3 receptor,P08700,,IL3_HUMAN,curated,uniprot
CPI-CS030B1834E,a2Bb3 complex,P00734,,THRB_HUMAN,curated,uniprot
CPI-CS0317FAF76,IL26 receptor,Q9NPH9,,IL26_HUMAN,curated,"Rutz et al., Nat Rev. 2014"
CPI-CS032ACB0EE,a11b1 complex,P08123,,CO1A2_HUMAN,curated,uniprot
CPI-CS03314DAF3,a11b1 complex,P25067,,CO8A2_HUMAN,curated,uniprot
CPI-CS0331C9408,a10b1 complex,P13942,,COBA2_HUMAN,curated,uniprot
CPI-CS03465F9E1,a2b1 complex,P12109,,CO6A1_HUMAN,curated,uniprot
CPI-CS034DE5D82,a2b1 complex,Q05707,,COEA1_HUMAN,curated,uniprot
CPI-CS03510EBE9,a11b1 complex,P29400,,CO4A5_HUMAN,curated,uniprot
CPI-CS036C23392,aVb3 complex,P11047,,LAMC1_HUMAN,curated,uniprot
CPI-CS0375CED88,a2b1 complex,Q14055,,CO9A2_HUMAN,curated,uniprot
CPI-CS037F11D6B,a10b1 complex,Q2UY09,,COSA1_HUMAN,curated,uniprot
CPI-CS038376BA2,NKG2D II receptor,Q9BZM4,,N2DL3_HUMAN,curated,"Induces NK Cell Activation. Reviewed in PMID: 24223577. 1kcg, PDB partially"
CPI-CS038A144AF,a1b1 complex,Q5TAT6,,CODA1_HUMAN,curated,uniprot
CPI-CS0390FB629,a1b1 complex,Q99715,,COCA1_HUMAN,curated,uniprot
CPI-CS03BD8F598,a10b1 complex,Q14031,,CO4A6_HUMAN,curated,uniprot
CPI-CS03DA9B97D,a5b1 complex,P02751,,FINC_HUMAN,curated,uniprot
CPI-CS03DFA9420,a10b1 complex,Q9P218,,COKA1_HUMAN,curated,uniprot
CPI-CS03E638004,a1b1 complex,Q96P44,,COLA1_HUMAN,curated,uniprot
CPI-CS03E874E60,TGFbeta receptor1,P61812,,TGFB2_HUMAN,curated,uniprot
CPI-CS03F4848C8,TGFbeta receptor2,P01137,,TGFB1_HUMAN,curated,uniprot
CPI-CS03FB91542,a11b1 complex,P12107,,COBA1_HUMAN,curated,uniprot
CPI-CS03FDD4965,aVb3 complex,Q99983,,OMD_HUMAN,curated,uniprot
CPI-CS040DDEBFB,IL37 receptor,Q9NZH6,,IL37_HUMAN,curated,"See paper Nold-Petry et al., 2015"
CPI-CS040F0110C,a1b1 complex,Q8NFW1,,COMA1_HUMAN,curated,uniprot
CPI-CS042A32454,a11b1 complex,Q14050,,CO9A3_HUMAN,curated,uniprot
CPI-CS043AA5319,TSLPR,Q9HC73,,CRLF2_HUMAN,curated,DOI  10.1038/ncomms14937
CPI-CS0458264C5,a10b1 complex,P05997,,CO5A2_HUMAN,curated,uniprot
CPI-CS04593DC81,a11b1 complex,Q02388,,CO7A1_HUMAN,curated,uniprot
CPI-CS045D41398,IL17 receptor AB,Q9H293,,IL25_HUMAN,curated,NA IL17E called IL25
CPI-CS04627807C,a11b1 complex,Q99715,,COCA1_HUMAN,curated,uniprot
CPI-CS04721C346,a1b1 complex,P12109,,CO6A1_HUMAN,curated,uniprot
CPI-CS048465560,ACVR_1A2B receptor,P09529,,INHBB_HUMAN,curated,less common binding; PMID: 22710174; PMID: 22991378  & rndsystem webpage
CPI-CS04BB8F1EC,IL36 receptor,Q9UBH0,,I36RA_HUMAN,curated,uniprot
CPI-CS04C628758,IL36 receptor,Q8WWZ1,,IL1FA_HUMAN,curated,to check
CPI-CS04CBDE052,IL10 receptor,P22301,,IL10_HUMAN,curated,"1j7v, PDB partially"
CPI-CS04DD927C9,ACVR_1A2B receptor,P08476,,INHBA_HUMAN,curated,less common binding; PMID: 22710174; PMID: 22991378  & rndsystem webpage
CPI-CS04E1F457A,a10b1 complex,P02461,,CO3A1_HUMAN,curated,uniprot
CPI-CS04E6D2786,a1b1 complex,P08123,,CO1A2_HUMAN,curated,uniprot
CPI-CS04ED33310,a2b1 complex,Q99715,,COCA1_HUMAN,curated,uniprot
CPI-CS04F158618,IL17 receptor AC,Q16552,,IL17_HUMAN,curated,uniprot
CPI-CS04FB70A53,a1b1 complex,P12110,,CO6A2_HUMAN,curated,uniprot
CPI-CS050122346,a10b1 complex,Q8NFW1,,COMA1_HUMAN,curated,uniprot
CPI-CS051511E8D,a11b1 complex,A6NMZ7,,CO6A6_HUMAN,curated,uniprot
CPI-CS0522E79F9,SIRB1 complex,Q08722,,CD47_HUMAN,curated,"2jjs, PDB partially"
CPI-CS05302AEB9,aLb2 complex,P32942,,ICAM3_HUMAN,curated,uniprot
CPI-CS0533A30DC,ACVR_1B2A receptor,P08476,,INHBA_HUMAN,curated,PMID: 22710174 & rndsystem webpage; PMID: 22991378
CPI-CS05426BFFA,IL1 receptor,P01584,,IL1B_HUMAN,curated,"4dep, PDB"
CPI-CS054454CF3,a1b1 complex,P25067,,CO8A2_HUMAN,curated,uniprot
CPI-CS055068ECD,a1b1 complex,Q96A83,,COQA1_HUMAN,curated,uniprot
CPI-CS0553FFC41,IL20 receptor Type I,Q13007,,IL24_HUMAN,curated,uniprot
CPI-CS0558AB6A5,IL17 receptor AC,Q96PD4,,IL17F_HUMAN,curated,uniprot
CPI-CS0569B9B91,BMPR1B_BMPR2,P36894,,BMR1A_HUMAN,curated,"3evs,  PDB complex higher affinity"
CPI-CS0596BED25,a11b1 complex,P02458,,CO2A1_HUMAN,curated,uniprot
CPI-CS05AB368CE,CD94:NKG2C,P13747,,HLAE_HUMAN,curated,PMID: 28484462
CPI-CS05C86B076,a1b1 complex,P53420,,CO4A4_HUMAN,curated,uniprot
CPI-CS0605899FA,a10b1 complex,P39059,,COFA1_HUMAN,curated,uniprot
CPI-CS06072FF4E,IL1 receptor,P01583,,IL1A_HUMAN,curated,uniprot
CPI-CS061359F65,a2b1 complex,Q8IZC6,,CORA1_HUMAN,curated,uniprot
CPI-CS061FF8FB3,a10b1 complex,P12109,,CO6A1_HUMAN,curated,uniprot
CPI-CS06223CD7E,a4b1 complex,P24821,,TENA_HUMAN,curated,uniprot
CPI-CS063AE1C91,IL6 receptor,P05231,,IL6_HUMAN,curated,"1p9m, PDB"
CPI-CS063B58454,a11b1 complex,Q8NFW1,,COMA1_HUMAN,curated,uniprot
CPI-CS0645666B0,IL20 receptor Type I,Q9UHD0,,IL19_HUMAN,curated,uniprot
CPI-CS064C0B34E,a10b1 complex,P29400,,CO4A5_HUMAN,curated,uniprot
CPI-CS065AEC075,a2Bb3 complex,P04004,,VTNC_HUMAN,curated,uniprot
CPI-CS067298D94,FLT1 complex,P15692,,VEGFA_HUMAN,curated,uniprot
CPI-CS0675BC1C4,a10b1 complex,P12111,,CO6A3_HUMAN,curated,uniprot
CPI-CS068D4392F,a10b1 complex,P25067,,CO8A2_HUMAN,curated,uniprot
CPI-CS069BED494,a1b1 complex,P02461,,CO3A1_HUMAN,curated,uniprot
CPI-CS06A26EED8,a6b4 complex,Q02297,,NRG1_HUMAN,curated,uniprot
CPI-CS06A2E9737,a1b1 complex,Q03692,,COAA1_HUMAN,curated,uniprot
CPI-CS06A989B0D,a2b1 complex,P53420,,CO4A4_HUMAN,curated,uniprot
CPI-CS06AF4685C,a2b1 complex,P29400,,CO4A5_HUMAN,curated,uniprot
CPI-CS06B536403,a10b1 complex,Q05707,,COEA1_HUMAN,curated,uniprot
CPI-CS06B657CAB,IL9 receptor,P15248,,IL9_HUMAN,curated,uniprot
CPI-CS06B7139A7,a2b1 complex,P02452,,CO1A1_HUMAN,curated,uniprot
CPI-CS06C6E2321,NKG2D II receptor,Q29983,,MICA_HUMAN,curated,"1hyr, PDB partially, Induces NK Cell Activation. Reviewed in PMID: 24223577"
CPI-CS06CA1EF36,a4b1 complex,P02751,,FINC_HUMAN,curated,uniprot
CPI-CS06CFA622C,a10b1 complex,Q14993,,COJA1_HUMAN,curated,uniprot
CPI-CS06D50EBF8,OSMR,P13725,,ONCM_HUMAN,curated,uniprot
CPI-CS06E556972,IL15 receptor,P40933,,IL15_HUMAN,curated,"Need expression of IL15RA (Q13261) in other cells. 2z3q, PDB partially"
CPI-CS0715DE78D,CD94:NKG2A,P13747,,HLAE_HUMAN,curated,PMID: 28484462
CPI-CS073233FCC,ACVR_1A2A receptor,P09529,,INHBB_HUMAN,curated,less common binding; PMID: 22710174; PMID: 22991378  & rndsystem webpage
CPI-CS073CF583A,a2Bb3 complex,P02751,,FINC_HUMAN,curated,uniprot
CPI-CS073D36B1D,FLT1 complex,P49763,,PLGF_HUMAN,curated,uniprot
CPI-CS07428ADC3,a1b1 complex,P08572,,CO4A2_HUMAN,curated,uniprot
CPI-CS075A8A661,a11b1 complex,Q07092,,COGA1_HUMAN,curated,uniprot
CPI-CS07746F377,a1b1 complex,P02462,,CO4A1_HUMAN,curated,uniprot
CPI-CS07789F713,a2b1 complex,Q17RW2,,COOA1_HUMAN,curated,uniprot
CPI-CS077F1340A,FLT1 complex,P49765,,VEGFB_HUMAN,curated,uniprot
CPI-CS078142018,a1b1 complex,Q02388,,CO7A1_HUMAN,curated,uniprot
CPI-CS079D7F0BA,a5b1 complex,P35555,,FBN1_HUMAN,curated,uniprot
CPI-CS07B06D7C2,a2b1 complex,Q02388,,CO7A1_HUMAN,curated,uniprot
CPI-CS07B1F01C5,aVb3 complex,P10451,,OSTP_HUMAN,curated,PMID: 24442579
CPI-CS07B61574B,LIFR,P15018,,LIF_HUMAN,curated,"1pvh, PDB partially"
CPI-CS07BC57363,aVb3 complex,P04275,,VWF_HUMAN,curated,uniprot
CPI-CS07CC4970B,aVb3 complex,P07996,,TSP1_HUMAN,curated,uniprot
CPI-CS07D2CAF79,a2b1 complex,P25067,,CO8A2_HUMAN,curated,uniprot
CPI-CS07D654EE6,a2b1 complex,P20908,,CO5A1_HUMAN,curated,uniprot
CPI-CS07F0FBE47,a2b1 complex,P13942,,COBA2_HUMAN,curated,uniprot
CPI-CS080C39903,a11b1 complex,P02452,,CO1A1_HUMAN,curated,uniprot
CPI-CS0814877A1,a1b1 complex,P20908,,CO5A1_HUMAN,curated,uniprot
CPI-CS085E95BC1,IL1 receptor inhibitor,P18510,,IL1RA_HUMAN,curated,low affinity
CPI-CS085EF890A,ACVR_1B2B receptor,P09529,,INHBB_HUMAN,curated,PMID: 22710174 & rndsystem webpage; PMID: 22991378
CPI-CS0871912DC,a10b1 complex,Q07092,,COGA1_HUMAN,curated,uniprot
CPI-CS08A5619A7,a1b1 complex,P20849,,CO9A1_HUMAN,curated,uniprot
CPI-CS08B45B4A5,a10b1 complex,P12110,,CO6A2_HUMAN,curated,uniprot
CPI-CS08BC1D0A5,a11b1 complex,P08572,,CO4A2_HUMAN,curated,uniprot
CPI-CS08BFF8C2C,a2b1 complex,P39059,,COFA1_HUMAN,curated,uniprot
CPI-CS08D14CA7D,a10b1 complex,P27658,,CO8A1_HUMAN,curated,uniprot
CPI-CS08D151D0D,a1b1 complex,Q05707,,COEA1_HUMAN,curated,uniprot
CPI-CS08E0D0E39,a10b1 complex,A6NMZ7,,CO6A6_HUMAN,curated,uniprot
CPI-CS08E5A7846,a10b1 complex,Q8IZC6,,CORA1_HUMAN,curated,uniprot
CPI-CS08F4E5D70,NKG2D II receptor,Q5VY80,,RET1L_HUMAN,curated,"Induces NK Cell Activation. Reviewed in PMID: 24223577. 4s0u, PDB partially"
CPI-CS091BF99D0,ACVR_1A2A receptor,P08476,,INHBA_HUMAN,curated,less common binding; PMID: 22710174; PMID: 22991378  & rndsystem webpage
CPI-CS0924060DB,ACVR_1C2A receptor,P08476,,INHBA_HUMAN,curated,PMID: 22710174 & rndsystem webpage; PMID: 22991378
CPI-CS092D10FD5,a1b1 complex,Q14993,,COJA1_HUMAN,curated,uniprot
CPI-CS0943A0FEE,a1b1 complex,Q14055,,CO9A2_HUMAN,curated,uniprot
CPI-CS094D5D014,a11b1 complex,P02751,,FINC_HUMAN,curated,uniprot
CPI-CS09534636D,a2b1 complex,P08572,,CO4A2_HUMAN,curated,uniprot
CPI-CS0973DED56,a11b1 complex,Q14055,,CO9A2_HUMAN,curated,uniprot
CPI-CS097450DBB,a11b1 complex,Q2UY09,,COSA1_HUMAN,curated,uniprot
CPI-CS097C514B9,a11b1 complex,Q01955,,CO4A3_HUMAN,curated,uniprot
CPI-CS09831CCFD,IL18 receptor,Q14116,,IL18_HUMAN,curated,"3wo3, PDB partially"
CPI-CS099096063,a10b1 complex,P08572,,CO4A2_HUMAN,curated,uniprot
CPI-CS099C9C83E,aDb2 complex,P32942,,ICAM3_HUMAN,curated,uniprot
CPI-CS09E2A4C75,a4b7 complex,P02751,,FINC_HUMAN,curated,uniprot
CPI-CS09E9AAEA5,a2b1 complex,P08123,,CO1A2_HUMAN,curated,uniprot
CPI-CS09F211C3E,NKG2D II receptor,Q8TD07,,N2DL4_HUMAN,curated,Induces NK Cell Activation. Reviewed in PMID: 24223577
CPI-CS09FD9A4BA,aDb2 complex,P19320,,VCAM1_HUMAN,curated,uniprot
CPI-CS0A00A71C6,a2b1 complex,A8TX70,,CO6A5_HUMAN,curated,uniprot
CPI-CS0A025FD93,a1b1 complex,P02458,,CO2A1_HUMAN,curated,uniprot
CPI-CS0A10D5175,a11b1 complex,P25940,,CO5A3_HUMAN,curated,uniprot
CPI-CS0A15AD0C2,a2b1 complex,P05997,,CO5A2_HUMAN,curated,uniprot
CPI-CS0A269FA16,NKG2D II receptor,Q9BZM5,,N2DL2_HUMAN,curated,Induces NK Cell Activation. Reviewed in PMID: 24223577
CPI-CS0A31FD6A7,aLb2 complex,P13598,,ICAM2_HUMAN,curated,uniprot
CPI-CS0A34112A6,IL2 receptor_I,P60568,,IL2_HUMAN,curated,"3qaz, PDB"
CPI-CS0A520E71F,a1b1 complex,P02452,,CO1A1_HUMAN,curated,uniprot
CPI-CS0A5400A6A,ACVR_1C2B receptor,P09529,,INHBB_HUMAN,curated,PMID: 22710174 & rndsystem webpage; PMID: 22991378
CPI-CS0A659AAAD,IL28 receptor,Q8IZI9,,IFNL3_HUMAN,curated,"5t5w, PDB"
CPI-CS0A66DB1CA,CD8 receptor,P06239,,LCK_HUMAN,curated,"1q69, PDB partially"
CPI-CS0A67D0042,a10b1 complex,Q99715,,COCA1_HUMAN,curated,uniprot
CPI-CS0A6AB5149,IL36 receptor,Q9NZH7,,IL36B_HUMAN,curated,uniprot
CPI-CS0A6ABD92A,a4b1 complex,P14555,,PA2GA_HUMAN,curated,uniprot
CPI-CS0A71F2AAD,NKG2D II receptor,Q6H3X3,,RET1G_HUMAN,curated,Induces NK Cell Activation. Reviewed in PMID: 24223577
CPI-CS0A7E59889,a2b1 complex,P11047,,LAMC1_HUMAN,curated,uniprot
CPI-CS0A84374FF,a10b1 complex,P53420,,CO4A4_HUMAN,curated,uniprot
CPI-CS0A8A0A053,IL22 receptor,Q9GZX6,,IL22_HUMAN,curated,"3dgc, PDB"
CPI-CS0A9D23000,NKG2D II receptor,Q29980,,MICB_HUMAN,curated,Induces NK Cell Activation. Reviewed in PMID: 24223577
CPI-CS0AA4083E0,a11b1 complex,Q14993,,COJA1_HUMAN,curated,uniprot
CPI-CS0AB365861,IL20 receptor Type I,Q9NYY1,,IL20_HUMAN,curated,uniprot
CPI-CS0AB9C7139,IL7 receptor,P13232,,IL7_HUMAN,curated,"3di2, PDB partially"
CPI-CS0AC5142FA,IL1 receptor inhibitor,P01583,,IL1A_HUMAN,curated,"low affinity, uniprot"
CPI-CS0AD1B2230,a1b1 complex,Q9UMD9,,COHA1_HUMAN,curated,uniprot
CPI-CS0AD401B3B,a11b1 complex,P12109,,CO6A1_HUMAN,curated,uniprot
CPI-CS0ADD714AE,a11b1 complex,A8TX70,,CO6A5_HUMAN,curated,uniprot
CPI-CS0AF9D1B32,aVb1 complex,P02751,,FINC_HUMAN,curated,uniprot
CPI-CS0B0136049,a11b1 complex,P20908,,CO5A1_HUMAN,curated,uniprot
CPI-CS0B0B35928,CNTF-1R,P26441,,CNTF_HUMAN,curated,uniprot
CPI-CS0B0BBB2BB,TGFbeta receptor1,P10600,,TGFB3_HUMAN,curated,uniprot
CPI-CS0B31C2B03,a10b1 complex,P12107,,COBA1_HUMAN,curated,uniprot
CPI-CS0B324D9A5,a1b1 complex,Q17RW2,,COOA1_HUMAN,curated,uniprot
CPI-CS0B4BD17EC,a1b1 complex,P39059,,COFA1_HUMAN,curated,uniprot
CPI-CS0B4E149AB,a2b1 complex,Q07092,,COGA1_HUMAN,curated,uniprot
CPI-CS0B5B14DA5,aMb2 complex,P01024,,CO3_HUMAN,curated,uniprot
CPI-CS0B5B4F3A4,aMb2 complex,P05362,,ICAM1_HUMAN,curated,uniprot
CPI-CS0B61BEA96,TGFbeta receptor2,P10600,,TGFB3_HUMAN,curated,uniprot
CPI-CS0B79F5D68,ACVR_1C2B receptor,P08476,,INHBA_HUMAN,curated,PMID: 22710174 & rndsystem webpage; PMID: 22991378
CPI-CS0B7B96ABE,a9b1 complex,P10451,,OSTP_HUMAN,curated,"PMID: 1830891, PMID: 8970045"
CPI-CS0B8ACEA1B,a10b1 complex,Q5TAT6,,CODA1_HUMAN,curated,uniprot
CPI-CS0BA342294,IL17 receptor AE,Q9P0M4,,IL17C_HUMAN,curated,uniprot
CPI-CS0BAB33159,a11b1 complex,P53420,,CO4A4_HUMAN,curated,uniprot
CPI-CS0BAF6FFF5,a2b1 complex,Q9P218,,COKA1_HUMAN,curated,uniprot
CPI-CS0BAF97962,PDGFR complex,Q9GZP0,,PDGFD_HUMAN,curated,uniprot
CPI-CS0BB351348,a2Bb3 complex,P00747,,PLMN_HUMAN,curated,uniprot
CPI-CS0BD5B906C,a10b1 complex,P02458,,CO2A1_HUMAN,curated,uniprot
CPI-CS0BD61C784,aVb6 complex,P01137,,TGFB1_HUMAN,curated,"5ffo, PDB"
CPI-CS0BDCABA34,aVb5 complex,P02751,,FINC_HUMAN,curated,uniprot
CPI-CS0BE9C0135,a1b1 complex,P25940,,CO5A3_HUMAN,curated,uniprot
CPI-CS0BEBEDAD1,a10b1 complex,Q03692,,COAA1_HUMAN,curated,uniprot
CPI-CS0C159B54D,ACVR_1B2B receptor,P08476,,INHBA_HUMAN,curated,PMID: 22710174 & rndsystem webpage; PMID: 22991378
CPI-CS0C2D8F73F,a11b1 complex,P12111,,CO6A3_HUMAN,curated,uniprot
CPI-CS0C323518C,a11b1 complex,P12110,,CO6A2_HUMAN,curated,uniprot
CPI-CS0C432D807,a9b1 complex,P19320,,VCAM1_HUMAN,curated,uniprot
CPI-CS0C550C565,a2b1 complex,Q8NFW1,,COMA1_HUMAN,curated,uniprot
CPI-CS0C58D4424,a10b1 complex,P02751,,FINC_HUMAN,curated,uniprot
CPI-CS0C59AF029,IL33 receptor,O95760,,IL33_HUMAN,curated,uniprot
CPI-CS0C6332E2B,a7b1 complex,P11047,,LAMC1_HUMAN,curated,uniprot
CPI-CS0C806041C,a2b1 complex,Q9UMD9,,COHA1_HUMAN,curated,uniprot
CPI-CS0C900CDF8,aVb6 complex,P24821,,TENA_HUMAN,curated,uniprot
CPI-CS0C90BE49B,a1b1 complex,P12107,,COBA1_HUMAN,curated,uniprot
CPI-CS0C9459DA1,a1b1 complex,Q9P218,,COKA1_HUMAN,curated,uniprot
CPI-CS0C971AE24,a11b1 complex,Q96A83,,COQA1_HUMAN,curated,uniprot
CPI-CS0C97FF5BB,TSLPR,Q969D9,,TSLP_HUMAN,curated,"5j11, PDB"
CPI-CS0C9EE65C2,FcRn complex,P02768,,ALBU_HUMAN,curated,"4n0u, PDB & 4k71, PDB"
CPI-CS0CA892219,a10b1 complex,A8TX70,,CO6A5_HUMAN,curated,uniprot
CPI-CS0CAF8C9A6,a11b1 complex,Q05707,,COEA1_HUMAN,curated,uniprot
CPI-CS0CB8C52C7,a11b1 complex,Q9UMD9,,COHA1_HUMAN,curated,uniprot
CPI-CS0CC30FCA5,a8b1 complex,P24821,,TENA_HUMAN,curated,uniprot
CPI-CS0CDE2E432,a11b1 complex,P02462,,CO4A1_HUMAN,curated,uniprot
CPI-CS0CE4725B0,aMb2 complex,P00742,,FA10_HUMAN,curated,uniprot
CPI-CS0CF0AE9CA,a10b1 complex,Q01955,,CO4A3_HUMAN,curated,uniprot
CPI-CS0CF47221A,IL20 receptor Type II,Q13007,,IL24_HUMAN,curated,uniprot
CPI-CS0CFC2A055,a2b1 complex,P25940,,CO5A3_HUMAN,curated,uniprot
CPI-CS0D164AF9C,a2b1 complex,Q96P44,,COLA1_HUMAN,curated,uniprot
CPI-CS0D3A5EF39,a10b1 complex,P39060,,COIA1_HUMAN,curated,uniprot
CPI-CS0D48BE017,IL2 receptor_HA,P60568,,IL2_HUMAN,curated,"2b5i, PDB"
CPI-CS0D502E46A,a2b1 complex,A6NMZ7,,CO6A6_HUMAN,curated,uniprot
CPI-CS0D5775EA2,a11b1 complex,P05997,,CO5A2_HUMAN,curated,uniprot
CPI-CS0D5E8EC32,a1b1 complex,Q2UY09,,COSA1_HUMAN,curated,uniprot
CPI-CS0D6E21143,a2b1 complex,Q01955,,CO4A3_HUMAN,curated,uniprot
CPI-CS0D753BC92,a10b1 complex,P02452,,CO1A1_HUMAN,curated,uniprot
CPI-CS0D84192A3,a1b1 complex,P13942,,COBA2_HUMAN,curated,uniprot
CPI-CS0D9B5AB86,IL36 receptor,Q9NZH8,,IL36G_HUMAN,curated,uniprot
CPI-CS0DB33AA7A,a10b1 complex,Q96A83,,COQA1_HUMAN,curated,uniprot
CPI-CS0DC217258,a2b1 complex,Q2UY09,,COSA1_HUMAN,curated,uniprot
CPI-CS0DCFE9DA5,a10b1 complex,P25940,,CO5A3_HUMAN,curated,uniprot
CPI-CS0DD23C021,a2b1 complex,P12107,,COBA1_HUMAN,curated,uniprot
CPI-CS0DDF935C1,a1b1 complex,P05997,,CO5A2_HUMAN,curated,uniprot
CPI-CS0DDFD82E7,IL11 receptor,P20809,,IL11_HUMAN,curated,uniprot
CPI-CS0DE2F54C9,TGFbeta receptor1,P01137,,TGFB1_HUMAN,curated,uniprot
CPI-CS0DEBE7B69,IL1 receptor,P18510,,IL1RA_HUMAN,curated,"1ira, PDB partially"
CPI-CS0DFC31AD1,a10b1 complex,P02462,,CO4A1_HUMAN,curated,uniprot
CPI-CS0E1074283,a2Bb3 complex,P07996,,TSP1_HUMAN,curated,uniprot
CPI-CS0E11E1C0A,a4b1 complex,P10451,,OSTP_HUMAN,curated,"PMID: 1830891, PMID: 8970045"
CPI-CS0E12590CC,a2b1 complex,P02751,,FINC_HUMAN,curated,uniprot
CPI-CS0E29519C7,a10b1 complex,Q17RW2,,COOA1_HUMAN,curated,uniprot
CPI-CS0E37E6B34,a10b1 complex,P20849,,CO9A1_HUMAN,curated,uniprot
CPI-CS0E553C7D6,a1b1 complex,A8TX70,,CO6A5_HUMAN,curated,uniprot
CPI-CS0E623E651,aEb7 complex,P12830,,CADH1_HUMAN,curated,uniprot
CPI-CS0E661878B,LIFR,P13725,,ONCM_HUMAN,curated,uniprot
CPI-CS0E70C6A94,a2b1 complex,Q14050,,CO9A3_HUMAN,curated,uniprot
CPI-CS0E781A324,a6b4 complex,P05019,,IGF1_HUMAN,curated,uniprot
CPI-CS0E7DD78FA,a5b1 complex,P14555,,PA2GA_HUMAN,curated,uniprot
CPI-CS0E7E52E21,a10b1 complex,Q9UMD9,,COHA1_HUMAN,curated,uniprot
CPI-CS0E80B08E2,IL21 receptor,Q9HBE4,,IL21_HUMAN,curated,"3tgx, PDB partially, uniprot"
CPI-CS0E8ADC968,IL20 receptor Type II,Q9NYY1,,IL20_HUMAN,curated,uniprot
CPI-CS0E99927FE,aVb3 complex,P24821,,TENA_HUMAN,curated,uniprot
CPI-CS0EA96A64E,a3b1 complex,Q6UVK1,,CSPG4_HUMAN,curated,uniprot
CPI-CS0EB5F7B6F,CNTF-1R,Q9UBD9,,CLCF1_HUMAN,curated,uniprot
CPI-CS0ECB43C82,a11b1 complex,Q96P44,,COLA1_HUMAN,curated,uniprot
CPI-CS0EDC9FD97,a1b1 complex,Q01955,,CO4A3_HUMAN,curated,uniprot
CPI-CS0EDEB5ED3,a11b1 complex,P02461,,CO3A1_HUMAN,curated,uniprot
CPI-CS0EE8AEA34,IL13 receptor,P35225,,IL13_HUMAN,curated,"3bpo, PDB"
CPI-CS0EEEC14D1,a2b1 complex,Q5TAT6,,CODA1_HUMAN,curated,uniprot
CPI-CS0EF80F577,a2b1 complex,P20849,,CO9A1_HUMAN,curated,uniprot
CPI-CS0F22F32BA,a1b1 complex,P12111,,CO6A3_HUMAN,curated,uniprot
CPI-CS0F25E6DB5,a2b1 complex,P27658,,CO8A1_HUMAN,curated,uniprot
CPI-CS0F27BD288,a2b1 complex,P39060,,COIA1_HUMAN,curated,uniprot
CPI-CS0F4339EDF,a11b1 complex,P39060,,COIA1_HUMAN,curated,uniprot
CPI-CS0F5869817,a11b1 complex,Q9P218,,COKA1_HUMAN,curated,uniprot
CPI-CS0F6472748,IL36 receptor,Q9UHA7,,IL36A_HUMAN,curated,uniprot
CPI-CS0F72157E2,a11b1 complex,Q8IZC6,,CORA1_HUMAN,curated,uniprot
CPI-CS0FA891A57,a11b1 complex,P39059,,COFA1_HUMAN,curated,uniprot
CPI-CS0FB8775FC,IL5 receptor,P05113,,IL5_HUMAN,curated,"3qt2, PDB partially"
CPI-CS0FBBCDD66,IL4 receptor,P05112,,IL4_HUMAN,curated,"3qb7, PDB"
CPI-CS0FCF3050E,a10b1 complex,Q02388,,CO7A1_HUMAN,curated,uniprot
CPI-CS0FD625DFF,aLb2 complex,Q9Y624,,JAM1_HUMAN,curated,"(PubMed:11812992, PubMed:15528364)"
CPI-CS0FD6D52C6,a11b1 complex,P20849,,CO9A1_HUMAN,curated,uniprot
CPI-CS0FE4E40D1,a10b1 complex,P20908,,CO5A1_HUMAN,curated,uniprot
CPI-CS0FF0FD317,a2b1 complex,Q03692,,COAA1_HUMAN,curated,uniprot
CPI-CS0FF4E9E1E,a8b1 complex,P02751,,FINC_HUMAN,curated,uniprot
CPI-CS0FF7211BE,aVb1 complex,P04004,,VTNC_HUMAN,curated,uniprot
CPI-CS0FF86C0CF,aVb3 complex,P00734,,THRB_HUMAN,curated,uniprot
CPI-SC000E41217,Q7Z5Y6,ACVR_1A2B receptor,BMP8A_HUMAN,,curated,PMID: 22710174
CPI-SC001669E22,O95390,TGFR_AVR2A,GDF11_HUMAN,,curated,PMID: 22710174
CPI-SC001AFA16D,Q99748,RET receptor 2,NRTN_HUMAN,,curated,uniprot
CPI-SC00694A66B,Q6KF10,BMR1A_ACR2A,GDF6_HUMAN,,curated,PMID: 22710174
CPI-SC00756BB93,P04216,aVb3 complex,THY1_HUMAN,,curated,"https://www.ncbi.nlm.nih.gov/pubmed/29212879,https://www.ncbi.nlm.nih.gov/pubmed/18346467/,https://www.ncbi.nlm.nih.gov/"
CPI-SC0079A1C11,Q7Z5Y6,BMR1B_AVR2A,BMP8A_HUMAN,,curated,PMID: 22710174
CPI-SC00ACA947E,P39905,RET receptor 1,GDNF_HUMAN,,curated,uniprot
CPI-SC00CF68ED3,P22003,BMR1B_AVR2A,BMP5_HUMAN,,curated,PMID: 22710174
CPI-SC00D19A858,P22004,BMPR1A_BMPR2,BMP6_HUMAN,,curated,PMID: 22710174
CPI-SC00DB2B867,P12644,BMR1B_AVR2A,BMP4_HUMAN,,curated,PMID: 22710174
CPI-SC00DF87C38,P22004,ACVR1_BMPR2,BMP6_HUMAN,,curated,PMID: 22710174
CPI-SC011C55B71,P43026,BMR1B_AVR2A,GDF5_HUMAN,,curated,PMID: 22710174
CPI-SC0139F30ED,O95390,ACVR_1B2A receptor,GDF11_HUMAN,,curated,PMID: 22710174
CPI-SC017215F7F,O95390,TGFR_AVR2B,GDF11_HUMAN,,curated,PMID: 22710174
CPI-SC019D0A439,Q14563,PlexinA2_complex1,SEM3A_HUMAN,,curated,PMID: 22325954
CPI-SC01C6EA11C,P12644,BMR1B_AVR2B,BMP4_HUMAN,,curated,PMID: 22710174
CPI-SC01D95B14C,P12644,BMR1A_AVR2B,BMP4_HUMAN,,curated,PMID: 22710174
CPI-SC023986FB9,O14793,TGFR_AVR2A,GDF8_HUMAN,,curated,PMID: 22710174
CPI-SC0268F9B92,P55107,ACVR_1B2B receptor,GDF10_HUMAN,,curated,PMID: 22710174
CPI-SC0273E24EB,Q5T4W7,RET receptor 3,ARTN_HUMAN,,curated,uniprot
CPI-SC028CAD37D,P18075,ACVR_1A2A receptor,BMP7_HUMAN,,curated,PMID: 22710174
CPI-SC02AACC81C,P43026,BMR1A_AVR2B,GDF5_HUMAN,,curated,PMID: 22710174
CPI-SC02AFDCE1F,Q7Z5Y6,BMPR1A_BMPR2,BMP8A_HUMAN,,curated,PMID: 22710174
CPI-SC02B778C0B,Q7Z4P5,BMR1A_AVR2B,GDF7_HUMAN,,curated,PMID: 22710174
CPI-SC02CDFD48B,P03971,MIS receptor 3,MIS_HUMAN,,curated,PMID: 22710174
CPI-SC03446A95E,P06734,aXb2 complex,FCER2_HUMAN,,curated,https://www.ncbi.nlm.nih.gov/pubmed/7621072
CPI-SC039AFE4AD,Q7Z4P5,BMPR1B_BMPR2,GDF7_HUMAN,,curated,PMID: 22710174
CPI-SC03CCAAB4B,Q8NFY4,PlexinA1_complex1,SEM6D_HUMAN,,curated,PMID: 22325954
CPI-SC04266947A,P12643,BMR1A_AVR2B,BMP2_HUMAN,,curated,PMID: 22710174
CPI-SC0446E01DF,P22004,ACVR_1A2B receptor,BMP6_HUMAN,,curated,PMID: 22710174
CPI-SC044E3F9B6,P09038,aVb3 complex,FGF2_HUMAN,,curated,uniprot
CPI-SC0464F1C6E,P12643,BMR1A_ACR2A,BMP2_HUMAN,,curated,PMID: 22710174
CPI-SC04771EF53,P18075,ACVR1_BMPR2,BMP7_HUMAN,,curated,PMID: 22710174
CPI-SC049520B40,P18075,BMR1A_AVR2B,BMP7_HUMAN,,curated,PMID: 22710174
CPI-SC052486D3E,P12644,BMR1A_ACR2A,BMP4_HUMAN,,curated,PMID: 22710174
CPI-SC053DF3067,P03971,MIS receptor 2,MIS_HUMAN,,curated,PMID: 22710174
CPI-SC054964DD8,P43026,BMPR1A_BMPR2,GDF5_HUMAN,,curated,PMID: 22710174
CPI-SC056627215,P22004,ACVR_1A2A receptor,BMP6_HUMAN,,curated,PMID: 22710174
CPI-SC05824EDF4,P18075,BMR1B_AVR2B,BMP7_HUMAN,,curated,PMID: 22710174
CPI-SC058533A46,O95972,BMPR1B_BMPR2,BMP15_HUMAN,,curated,PMID: 22710174
CPI-SC0592EC3D0,P32004,a5b1 complex,L1CAM_HUMAN,,curated,https://www.ncbi.nlm.nih.gov/pmc/articles/PMC2120661/
CPI-SC05A209BEC,P06734,aVb3 complex,FCER2_HUMAN,,curated,https://www.ncbi.nlm.nih.gov/pubmed/10037797/
CPI-SC05B4B8690,Q9UK05,ACVL1_BMPR2,GDF2_HUMAN,,curated,PMID: 22710174
CPI-SC05F339947,Q14563,PlexinA3_complex1,SEM3A_HUMAN,,curated,PMID: 22325954
CPI-SC05FF723A3,P12643,BMR1B_AVR2A,BMP2_HUMAN,,curated,PMID: 22710174
CPI-SC061191F76,P43026,BMR1A_ACR2A,GDF5_HUMAN,,curated,PMID: 22710174
CPI-SC064937925,P01562,Type I IFNR,IFNA1_HUMAN,,curated,PMID: 9208871
CPI-SC06525B099,P32004,aVb3 complex,L1CAM_HUMAN,,curated,"https://www.ncbi.nlm.nih.gov/pmc/articles/PMC2132622/"""
CPI-SC06C46F1A9,Q7Z4P5,BMR1B_AVR2B,GDF7_HUMAN,,curated,PMID: 22710174
CPI-SC070B9F112,P12643,BMPR1A_BMPR2,BMP2_HUMAN,,curated,PMID: 22710174
CPI-SC070D5A96F,P57087,a4b1 complex,JAM2_HUMAN,,curated,https://www.ncbi.nlm.nih.gov/pubmed/12070135/
CPI-SC0722594B0,Q7Z5Y6,BMR1B_AVR2B,BMP8A_HUMAN,,curated,PMID: 22710174
CPI-SC072C1E938,P27539,ACVR_1B2B receptor,GDF1_HUMAN,,curated,PMID: 22710174
CPI-SC07312BD5C,P06734,aMb2 complex,FCER2_HUMAN,,curated,"https://www.ncbi.nlm.nih.gov/pubmed/7621072,https://www.ncbi.nlm.nih.gov/pmc/articles/PMC2143337/"
CPI-SC077B6280E,Q8IZJ0,Type III IFNR,IFNL2_HUMAN,,curated,PMID: 9208871
CPI-SC077EB8064,P01566,Type I IFNR,IFN10_HUMAN,,curated,uniprot
CPI-SC07A2679B1,P01571,Type I IFNR,IFN17_HUMAN,,curated,uniprot
CPI-SC07B4ED8C9,Q8IU54,Type III IFNR,IFNL1_HUMAN,,curated,PMID: 9208871
CPI-SC07C452E3D,O95393,ACVL1_BMPR2,BMP10_HUMAN,,curated,PMID: 22710174
CPI-SC07F8BC578,P12644,BMPR1B_BMPR2,BMP4_HUMAN,,curated,PMID: 22710174
CPI-SC0819046AF,Q7Z4P5,BMR1B_AVR2A,GDF7_HUMAN,,curated,PMID: 22710174
CPI-SC085698C59,P22003,BMPR1A_BMPR2,BMP5_HUMAN,,curated,PMID: 22710174
CPI-SC0859FAC25,Q86WN2,Type I IFNR,IFNE_HUMAN,,curated,PMID: 9208871
CPI-SC089058CD0,Q6KF10,BMR1B_AVR2B,GDF6_HUMAN,,curated,PMID: 22710174
CPI-SC08968AFE6,O14793,TGFR_AVR2B,GDF8_HUMAN,,curated,PMID: 22710174
CPI-SC0896DFC46,O14793,ACVR_1B2A receptor,GDF8_HUMAN,,curated,PMID: 22710174
CPI-SC08AB23320,P22003,BMPR1B_BMPR2,BMP5_HUMAN,,curated,PMID: 22710174
CPI-SC08C740EAA,P22003,ACVR_1A2A receptor,BMP5_HUMAN,,curated,PMID: 22710174
CPI-SC08FDDEC16,Q7Z4P5,BMR1A_ACR2A,GDF7_HUMAN,,curated,PMID: 22710174
CPI-SC090BF166F,Q6KF10,BMPR1B_BMPR2,GDF6_HUMAN,,curated,PMID: 22710174
CPI-SC0915DDE22,P12644,BMPR1A_BMPR2,BMP4_HUMAN,,curated,PMID: 22710174
CPI-SC091AF9623,Q96S42,NODAL receptor,NODAL_HUMAN,,curated,PMID: 22710174
CPI-SC091D10DFA,P01574,Type I IFNR,IFNB_HUMAN,,curated,PMID: 9208871
CPI-SC09458C6C0,P01569,Type I IFNR,IFNA5_HUMAN,,curated,uniprot
CPI-SC095A2C115,Q03405,aVb3 complex,UPAR_HUMAN,,curated,"https://www.ncbi.nlm.nih.gov/pubmed/11053440,https://www.ncbi.nlm.nih.gov/pubmed/15863511"
CPI-SC096905331,Q14563,PlexinA4_complex1,SEM3A_HUMAN,,curated,PMID: 22325954
CPI-SC0974B60B7,P29965,a2Bb3 complex,CD40L_HUMAN,,curated,https://www.ncbi.nlm.nih.gov/pubmed/11875495
CPI-SC09AF1889C,P32881,Type I IFNR,IFNA8_HUMAN,,curated,uniprot
CPI-SC09AFF0384,P43026,BMR1B_AVR2B,GDF5_HUMAN,,curated,PMID: 22710174
CPI-SC09E264612,P22003,BMR1A_AVR2B,BMP5_HUMAN,,curated,PMID: 22710174
CPI-SC09E5431A2,P01579,Type II IFNR,IFNG_HUMAN,,curated,PMID: 9208871
CPI-SC09FC5131F,P22003,BMR1A_ACR2A,BMP5_HUMAN,,curated,PMID: 22710174
CPI-SC0A05D3880,P04216,aMb2 complex,THY1_HUMAN,,curated,https://www.ncbi.nlm.nih.gov/pubmed/15850796
CPI-SC0A1278CD8,Q7Z4P5,BMPR1A_BMPR2,GDF7_HUMAN,,curated,PMID: 22710174
CPI-SC0A4134C6C,Q6KF10,BMR1A_AVR2B,GDF6_HUMAN,,curated,PMID: 22710174
CPI-SC0A6BE23E9,Q7Z5Y6,BMR1A_AVR2B,BMP8A_HUMAN,,curated,PMID: 22710174
CPI-SC0A76B562F,P43026,BMPR1B_BMPR2,GDF5_HUMAN,,curated,PMID: 22710174
CPI-SC0A8A78670,P01568,Type I IFNR,IFN21_HUMAN,,curated,uniprot
CPI-SC0A9458008,P05362,aXb2 complex,ICAM1_HUMAN,,curated,https://www.ncbi.nlm.nih.gov/pubmed/16252253
CPI-SC0A9EB628A,P19320,a4b1 complex,VCAM1_HUMAN,,curated,https://www.ncbi.nlm.nih.gov/pmc/articles/PMC4368157/
CPI-SC0AD8A8881,O95390,ACVR_1B2B receptor,GDF11_HUMAN,,curated,PMID: 22710174
CPI-SC0AF90F422,P01570,Type I IFNR,IFN14_HUMAN,,curated,uniprot
CPI-SC0B0AFEFF1,P05015,Type I IFNR,IFN16_HUMAN,,curated,uniprot
CPI-SC0B118E8DA,Q6KF10,BMPR1A_BMPR2,GDF6_HUMAN,,curated,PMID: 22710174
CPI-SC0B1EBCCC6,P18075,BMPR1A_BMPR2,BMP7_HUMAN,,curated,PMID: 22710174
CPI-SC0B292AEE6,P07359,aMb2 complex,GP1BA_HUMAN,,curated,https://www.ncbi.nlm.nih.gov/pmc/articles/PMC2194217/
CPI-SC0B4A7BE20,Q7Z5Y6,ACVR_1A2A receptor,BMP8A_HUMAN,,curated,PMID: 22710174
CPI-SC0B6162857,P01567,Type I IFNR,IFNA7_HUMAN,,curated,uniprot
CPI-SC0BACF0481,P18075,BMR1A_ACR2A,BMP7_HUMAN,,curated,PMID: 22710174
CPI-SC0BD23E626,Q7Z5Y6,ACVR1_BMPR2,BMP8A_HUMAN,,curated,PMID: 22710174
CPI-SC0BD56F4CB,O60542,RET receptor 4,PSPN_HUMAN,,curated,uniprot
CPI-SC0C1B5BAA1,P05013,Type I IFNR,IFNA6_HUMAN,,curated,uniprot
CPI-SC0C403F032,P12643,BMPR1B_BMPR2,BMP2_HUMAN,,curated,PMID: 22710174
CPI-SC0C44F0E54,P22003,ACVR_1A2B receptor,BMP5_HUMAN,,curated,PMID: 22710174
CPI-SC0C676F3BE,P22004,BMR1B_AVR2A,BMP6_HUMAN,,curated,PMID: 22710174
CPI-SC0C6B54D7A,P04216,aXb2 complex,THY1_HUMAN,,curated,https://www.ncbi.nlm.nih.gov/pubmed/15850796
CPI-SC0C8A5C197,Q14563,PlexinA1_complex3,SEM3A_HUMAN,,curated,PMID: 22325954
CPI-SC0C8B4C056,P29965,a5b1 complex,CD40L_HUMAN,,curated,https://www.ncbi.nlm.nih.gov/pmc/articles/PMC3365732/
CPI-SC0C97FACEA,P22004,BMR1A_ACR2A,BMP6_HUMAN,,curated,PMID: 22710174
CPI-SC0D05B755E,P22004,BMR1A_AVR2B,BMP6_HUMAN,,curated,PMID: 22710174
CPI-SC0D0822443,P22003,ACVR1_BMPR2,BMP5_HUMAN,,curated,PMID: 22710174
CPI-SC0D089F0A9,Q9P0W0,Type I IFNR,IFNK_HUMAN,,curated,PMID: 9208871
CPI-SC0D389E644,P18075,BMR1B_AVR2A,BMP7_HUMAN,,curated,PMID: 22710174
CPI-SC0D6D4E48B,P22003,BMR1B_AVR2B,BMP5_HUMAN,,curated,PMID: 22710174
CPI-SC0D9B795CC,P12830,a2b1 complex,CADH1_HUMAN,,curated,https://www.ncbi.nlm.nih.gov/pubmed/12392763
CPI-SC0DA028FF9,P18075,BMPR1B_BMPR2,BMP7_HUMAN,,curated,PMID: 22710174
CPI-SC0DDF53DDB,P22004,BMPR1B_BMPR2,BMP6_HUMAN,,curated,PMID: 22710174
CPI-SC0E16B866E,P05000,Type I IFNR,IFNW1_HUMAN,,curated,PMID: 9208871
CPI-SC0E2D0DC4B,P05230,aVb3 complex,FGF1_HUMAN,,curated,uniprot
CPI-SC0E3C606DB,Q8NFY4,PlexinA1_complex2,SEM6D_HUMAN,,curated,PMID: 22325954
CPI-SC0E5E4119C,Q6KF10,BMR1B_AVR2A,GDF6_HUMAN,,curated,PMID: 22710174
CPI-SC0E866CD7F,Q7Z5Y6,BMPR1B_BMPR2,BMP8A_HUMAN,,curated,PMID: 22710174
CPI-SC0E9C058EB,Q03405,a4b1 complex,UPAR_HUMAN,,curated,https://www.ncbi.nlm.nih.gov/pubmed/11053440
CPI-SC0EAF80261,O75326,a1b1 complex,SEM7A_HUMAN,,curated,PMID: 22325954
CPI-SC0EB9D030F,Q5T4W7,RET receptor 1,ARTN_HUMAN,,curated,uniprot
CPI-SC0EC4B9BBD,P05014,Type I IFNR,IFNA4_HUMAN,,curated,uniprot
CPI-SC0F360841D,O14793,ACVR_1B2B receptor,GDF8_HUMAN,,curated,PMID: 22710174
CPI-SC0F486460D,Q8IZI9,Type III IFNR,IFNL3_HUMAN,,curated,PMID: 9208871
CPI-SC0F5A1D137,Q7Z5Y6,BMR1A_ACR2A,BMP8A_HUMAN,,curated,PMID: 22710174
CPI-SC0F6C8C336,P22004,BMR1B_AVR2B,BMP6_HUMAN,,curated,PMID: 22710174
CPI-SC0F9DD28F3,Q9BX67,aMb2 complex,JAM3_HUMAN,,curated,"https://www.ncbi.nlm.nih.gov/pubmed/16118203,https://www.ncbi.nlm.nih.gov/pmc/articles/PMC2194005/"
CPI-SC0FA6F1D9A,P12645,ACVR_1B2A receptor,BMP3_HUMAN,,curated,PMID: 22710174
CPI-SC0FB40175C,P12643,BMR1B_AVR2B,BMP2_HUMAN,,curated,PMID: 22710174
CPI-SC0FD1DE897,P18075,ACVR_1A2B receptor,BMP7_HUMAN,,curated,PMID: 22710174
CPI-SC0FD4A1277,P03971,MIS receptor 1,MIS_HUMAN,,curated,PMID: 22710174
CPI-SC0FD9DD4C7,Q9NR23,ACVR_1B2B receptor,GDF3_HUMAN,,curated,PMID: 22710174
CPI-SC0FDB4B6D9,O60383,TGFR_BMPR2,GDF9_HUMAN,,curated,PMID: 22710174
CPI-SS000568A0E,P06734,P20023,FCER2_HUMAN,CR2_HUMAN,curated,"https://www.ncbi.nlm.nih.gov/pubmed/16785534,https://www.ncbi.nlm.nih.gov/pmc/articles/PMC2212946/"
CPI-SS0008137B6,P52798,P54756,EFNA4_HUMAN,EPHA5_HUMAN,curated,PMID: 15114347
CPI-SS00086659A,O95407,P48023,TNF6B_HUMAN,TNFL6_HUMAN,curated,uniprot
CPI-SS00150FB64,P30511,Q8NHL6,HLAF_HUMAN,LIRB1_HUMAN,curated,https://www.ncbi.nlm.nih.gov/pubmed/11169396
CPI-SS001865B32,P50591,O14763,TNF10_HUMAN,TR10B_HUMAN,curated,uniprot
CPI-SS002673EFE,P41221,Q9NPG1,WNT5A_HUMAN,FZD3_HUMAN,curated,PMID: 24032637
CPI-SS00270ECE6,P42830,P25025,CXCL5_HUMAN,CXCR2_HUMAN,curated,PMID: 24218476
CPI-SS004A073E1,P04629,P20783,NTRK1_HUMAN,NTF3_HUMAN,curated,uniprot
CPI-SS004B1EBD1,Q16627,O00590,CCL14_HUMAN,ACKR2_HUMAN,curated,PMID: 24218476
CPI-SS004C23DCE,O14944,P00533,EREG_HUMAN,EGFR_HUMAN,curated,uniprot
CPI-SS0053057ED,P43626,HLAC,KI2L1_HUMAN,HLAC,curated,PMID: 28484462
CPI-SS005572B52,P49767,P35916,VEGFC_HUMAN,VGFR3_HUMAN,curated,uniprot
CPI-SS0079E2156,P78556,P51684,CCL20_HUMAN,CCR6_HUMAN,curated,PMID: 24218476
CPI-SS007AA9FDE,P80370,Q9UM47,DLK1_HUMAN,NOTC3_HUMAN,curated,PMID: 22353464
CPI-SS007DA8C89,Q15375,P52803,EPHA7_HUMAN,EFNA5_HUMAN,curated,PMID: 15114347
CPI-SS008CEEAB9,P80098,P51677,CCL7_HUMAN,CCR3_HUMAN,curated,PMID: 24218476
CPI-SS008FB916C,P09038,P22455,FGF2_HUMAN,FGFR4_HUMAN,curated,uniprot
CPI-SS00AEC3818,Q99731,Q9NPB9,CCL19_HUMAN,ACKR4_HUMAN,curated,PMID: 24218476
CPI-SS00B88B087,Q9H2X3,P32942,CLC4M_HUMAN,ICAM3_HUMAN,curated,https://www.ncbi.nlm.nih.gov/pubmed/15795245
CPI-SS01036C1ED,Q92692,Q15762,PVRL2_HUMAN,CD226_HUMAN,curated,"activating interaction PMID: 15607800, NK cell cytotoxicity. PMID: 24440149"
CPI-SS0109D5B6A,Q14126,Q08554,DSG2_HUMAN,DSC1_HUMAN,curated,https://www.ncbi.nlm.nih.gov/pubmed/27298358
CPI-SS0109FE6AE,P14210,P08581,HGF_HUMAN,MET_HUMAN,curated,uniprot
CPI-SS0110361CB,P01374,Q92956,TNFB_HUMAN,TNR14_HUMAN,curated,uniprot
CPI-SS011931B0F,Q9NTN9,O15031,SEM4G_HUMAN,PLXB2_HUMAN,curated,uniprot
CPI-SS012AFC842,P21741,Q9UM73,MK_HUMAN,ALK_HUMAN,curated,uniprot
CPI-SS012F60F11,Q92854,O15031,SEM4D_HUMAN,PLXB2_HUMAN,curated,PMID: 22325954
CPI-SS013E6EBC3,P28906,P16109,CD34_HUMAN,LYAM3_HUMAN,curated,https://www.ncbi.nlm.nih.gov/pubmed/18606703
CPI-SS01469637C,Q93097,Q9ULV1,WNT2B_HUMAN,FZD4_HUMAN,curated,PMID: 24032637
CPI-SS015162AFC,Q6ZMJ4,P07333,IL34_HUMAN,CSF1R_HUMAN,curated,uniprot
CPI-SS01560CA22,P14209,Q9UKJ1,CD99_HUMAN,PILRA_HUMAN,curated,https://www.ncbi.nlm.nih.gov/pubmed/18234675
CPI-SS015B87133,P78504,P15529,JAG1_HUMAN,MCP_HUMAN,curated,https://www.ncbi.nlm.nih.gov/pubmed/23086448
CPI-SS0178F5C45,P61812,Q03167,TGFB2_HUMAN,TGBR3_HUMAN,curated,uniprot
CPI-SS017B6A707,P32246,P16619,CCR1_HUMAN,CL3L1_HUMAN,curated,PMID: 24218476
CPI-SS018FE2F97,Q9Y275,Q02223,TN13B_HUMAN,TNR17_HUMAN,curated,uniprot
CPI-SS019381277,P80075,P41597,CCL8_HUMAN,CCR2_HUMAN,curated,PMID: 24218476
CPI-SS01999882C,P32970,P26842,CD70_HUMAN,CD27_HUMAN,curated,activating interaction for NK and T cells. uniprot & PMID: 26697006
CPI-SS01BBAD475,Q15768,P54753,EFNB3_HUMAN,EPHB3_HUMAN,curated,PMID: 15114347
CPI-SS01C2BA5C8,P41221,Q14332,WNT5A_HUMAN,FZD2_HUMAN,curated,PMID: 24032637
CPI-SS01CA9A0A6,P25024,P02775,CXCR1_HUMAN,CXCL7_HUMAN,curated,PMID: 24218476
CPI-SS01CBCD4BF,Q16627,P32246,CCL14_HUMAN,CCR1_HUMAN,curated,PMID: 24218476
CPI-SS01ECFDA18,O14798,P50591,TR10C_HUMAN,TNF10_HUMAN,curated,uniprot
CPI-SS01F67987A,P09038,P11362,FGF2_HUMAN,FGFR1_HUMAN,curated,uniprot
CPI-SS01FCCEBB9,Q9Y258,P51677,CCL26_HUMAN,CCR3_HUMAN,curated,PMID: 24218476
CPI-SS0222DF7B4,P52797,P21709,EFNA3_HUMAN,EPHA1_HUMAN,curated,PMID: 15114347
CPI-SS0223F2B31,Q16663,P51677,CCL15_HUMAN,CCR3_HUMAN,curated,uniprot
CPI-SS02318B112,P31997,P13688,CEAM8_HUMAN,CEAM1_HUMAN,curated,https://www.ncbi.nlm.nih.gov/pubmed/24743304
CPI-SS0241A1F57,O60462,Q99985,NRP2_HUMAN,SEM3C_HUMAN,curated,uniprot
CPI-SS025C8F785,Q92478,Q9NZS2,CLC2B_HUMAN,KLRF1_HUMAN,curated,Induces NK Cell Activation. Reviewed in PMID: 24223577
CPI-SS0263EFDDF,Q9Y219,Q9UM47,JAG2_HUMAN,NOTC3_HUMAN,curated,PMID: 22353464
CPI-SS02647DD07,Q99616,P41597,CCL13_HUMAN,CCR2_HUMAN,curated,PMID: 24218476
CPI-SS026C7F8A2,P49961,P30542,ENTP1_HUMAN,AA1R_HUMAN,curated,uniprot
CPI-SS0273C9AED,P35968,P49767,VGFR2_HUMAN,VEGFC_HUMAN,curated,uniprot
CPI-SS0276D5C7E,P49961,P0DMS8,ENTP1_HUMAN,AA3R_HUMAN,curated,uniprot
CPI-SS027AFFC0E,O14931,P46379,NCTR3_HUMAN,BAG6_HUMAN,curated,activating interaction from uniprot
CPI-SS029C16DCA,P19256,P06729,LFA3_HUMAN,CD2_HUMAN,curated,Reviewed in PMID: 23602662
CPI-SS02A170A99,P16150,Q9BZZ2,LEUK_HUMAN,SN_HUMAN,curated,https://www.ncbi.nlm.nih.gov/pubmed/11238599
CPI-SS02B567BC7,O60486,O75326,PLXC1_HUMAN,SEM7A_HUMAN,curated,PMID: 22325954
CPI-SS02B7540B0,P16109,Q14242,LYAM3_HUMAN,SELPL_HUMAN,curated,"https://www.ncbi.nlm.nih.gov/pubmed/19118202,https://www.ncbi.nlm.nih.gov/pubmed/9829984,https://www.ncbi.nlm.nih.gov/pubmed/12393589"
CPI-SS02B906C26,Q02297,P21860,NRG1_HUMAN,ERBB3_HUMAN,curated,uniprot
CPI-SS02C418D99,P09544,Q14332,WNT2_HUMAN,FZD2_HUMAN,curated,PMID: 24032637
CPI-SS02C509183,Q06643,P36941,TNFC_HUMAN,TNR3_HUMAN,curated,uniprot
CPI-SS02CC53E89,P80098,P32246,CCL7_HUMAN,CCR1_HUMAN,curated,PMID: 24218476
CPI-SS02EF3E1BA,O43508,Q9NP84,TNF12_HUMAN,TNR12_HUMAN,curated,uniprot
CPI-SS02FBD007E,Q92692,Q9NQS3,PVRL2_HUMAN,PVRL3_HUMAN,curated,"https://www.ncbi.nlm.nih.gov/pubmed/19011627,https://www.ncbi.nlm.nih.gov/pubmed/12740392/"
CPI-SS030BB46BB,P04083,P25090,ANXA1_HUMAN,FPR2_HUMAN,curated,PMID: 22610094
CPI-SS0315F51DD,P10145,P25025,IL8_HUMAN,CXCR2_HUMAN,curated,PMID: 24218476
CPI-SS03165AD8C,O00590,P13500,ACKR2_HUMAN,CCL2_HUMAN,curated,PMID: 24218476
CPI-SS03188FD02,P51685,P55774,CCR8_HUMAN,CCL18_HUMAN,curated,PMID: 24218476
CPI-SS0322F3EA0,Q03167,P01137,TGBR3_HUMAN,TGFB1_HUMAN,curated,uniprot
CPI-SS03339363E,P13747,P26718,HLAE_HUMAN,NKG2D_HUMAN,curated,Induces NK Cell Activation. Reviewed in PMID: 24223577
CPI-SS0339AE950,P78324,Q08722,SHPS1_HUMAN,CD47_HUMAN,curated,Reviewed in PMID: 23602662
CPI-SS033A27302,O00292,P13385,LFTY2_HUMAN,TDGF1_HUMAN,curated,PMID: 22710174
CPI-SS033E6DE7E,O14786,P49765,NRP1_HUMAN,VEGFB_HUMAN,curated,uniprot
CPI-SS033F53E30,P43630,HLAB,KI3L2_HUMAN,HLAB,curated,uniprot
CPI-SS0342A0F8F,P49682,P02776,CXCR3_HUMAN,PLF4_HUMAN,curated,PMID: 24218476
CPI-SS03446CB39,P98172,P54764,EFNB1_HUMAN,EPHA4_HUMAN,curated,PMID: 15114347
CPI-SS035E5A708,Q9NYJ7,Q9UM47,DLL3_HUMAN,NOTC3_HUMAN,curated,PMID: 22353464
CPI-SS037E6BEDF,P20827,P29322,EFNA1_HUMAN,EPHA8_HUMAN,curated,PMID: 15114347
CPI-SS03818E1DD,P80162,P25024,CXCL6_HUMAN,CXCR1_HUMAN,curated,PMID: 24218476
CPI-SS03859E16F,Q495A1,Q9NQS3,TIGIT_HUMAN,PVRL3_HUMAN,curated,PMID: 1313846
CPI-SS0388C9C86,P78423,P49238,X3CL1_HUMAN,CX3C1_HUMAN,curated,PMID: 24218476
CPI-SS038E5B8D9,P25063,P16109,CD24_HUMAN,LYAM3_HUMAN,curated,https://www.ncbi.nlm.nih.gov/pubmed/9129046
CPI-SS039799099,P11362,P13591,FGFR1_HUMAN,NCAM1_HUMAN,curated,https://www.ncbi.nlm.nih.gov/pubmed/12791257
CPI-SS039863E62,O15444,P51686,CCL25_HUMAN,CCR9_HUMAN,curated,PMID: 24218476
CPI-SS03B99978F,P23471,P21741,PTPRZ_HUMAN,MK_HUMAN,curated,PMID: 10212223
CPI-SS03C7D1520,P98172,P54762,EFNB1_HUMAN,EPHB1_HUMAN,curated,PMID: 15114347
CPI-SS03E450F99,P20827,Q15375,EFNA1_HUMAN,EPHA7_HUMAN,curated,PMID: 15114347
CPI-SS03E94A792,P51677,P16619,CCR3_HUMAN,CL3L1_HUMAN,curated,PMID: 24218476
CPI-SS03EACE0E0,P26927,Q04912,HGFL_HUMAN,RON_HUMAN,curated,PMID: 23792360
CPI-SS03EBC1233,P51681,P13236,CCR5_HUMAN,CCL4_HUMAN,curated,uniprot
CPI-SS03EF699C7,P13747,P26715,HLAE_HUMAN,NKG2A_HUMAN,curated,Induces NK Cell Inhibition. Reviewed in PMID: 24223577
CPI-SS03F821467,P40200,Q15223,TACT_HUMAN,PVRL1_HUMAN,curated,PMID: 17971293
CPI-SS040D3C47C,P98172,O15197,EFNB1_HUMAN,EPHB6_HUMAN,curated,PMID: 15114347
CPI-SS04256AA73,Q13740,P30203,CD166_HUMAN,CD6_HUMAN,curated,Reviewed in PMID: 23602662
CPI-SS04293B7DA,P30511,Q14943,HLAF_HUMAN,KI3S1_HUMAN,curated,https://www.ncbi.nlm.nih.gov/pubmed/27455421
CPI-SS042A6F835,P01344,P11717,IGF2_HUMAN,MPRI_HUMAN,curated,uniprot
CPI-SS0431D2256,P41273,Q07011,TNFL9_HUMAN,TNR9_HUMAN,curated,uniprot
CPI-SS043D33875,P35968,P15692,VGFR2_HUMAN,VEGFA_HUMAN,curated,uniprot
CPI-SS04456F441,P23510,P43489,TNFL4_HUMAN,TNR4_HUMAN,curated,uniprot
CPI-SS044C72D0D,Q9H3S1,Q9Y4D7,SEM4A_HUMAN,PLXD1_HUMAN,curated,PMID: 22325954
CPI-SS046F6F0C1,P20827,P29317,EFNA1_HUMAN,EPHA2_HUMAN,curated,PMID: 15114347
CPI-SS047232C64,O00548,Q9UM47,DLL1_HUMAN,NOTC3_HUMAN,curated,PMID: 22353464
CPI-SS0475BE8ED,P52798,P29317,EFNA4_HUMAN,EPHA2_HUMAN,curated,PMID: 15114347
CPI-SS048242083,P30511,P43629,HLAF_HUMAN,KI3L1_HUMAN,curated,https://www.ncbi.nlm.nih.gov/pubmed/27455421
CPI-SS0491EECEA,P51671,P27487,CCL11_HUMAN,DPP4_HUMAN,curated,PMID: 24218476
CPI-SS049DF2278,P55773,P32246,CCL23_HUMAN,CCR1_HUMAN,curated,PMID: 24218476
CPI-SS04A5D6B6F,O00548,P46531,DLL1_HUMAN,NOTC1_HUMAN,curated,PMID: 22353464
CPI-SS04B37190C,P06731,P01732,CEAM5_HUMAN,CD8A_HUMAN,curated,https://www.ncbi.nlm.nih.gov/pubmed/24104458
CPI-SS04B4619D0,P01375,P19438,TNFA_HUMAN,TNR1A_HUMAN,curated,uniprot
CPI-SS04E33D0FB,P52803,P21709,EFNA5_HUMAN,EPHA1_HUMAN,curated,PMID: 15114347
CPI-SS04F90EE0D,P16581,Q92896,LYAM2_HUMAN,GSLG1_HUMAN,curated,https://www.ncbi.nlm.nih.gov/pubmed/11404363/
CPI-SS04FDFE943,P14151,O00592,LYAM1_HUMAN,PODXL_HUMAN,curated,https://www.ncbi.nlm.nih.gov/pubmed/22814396
CPI-SS050195FEB,P23471,P21246,PTPRZ_HUMAN,PTN_HUMAN,curated,PMID: 25644401
CPI-SS05162C56B,P20783,Q16288,NTF3_HUMAN,NTRK3_HUMAN,curated,uniprot
CPI-SS052119104,P15514,P00533,AREG_HUMAN,EGFR_HUMAN,curated,uniprot
CPI-SS052127A00,P01138,P04629,NGF_HUMAN,NTRK1_HUMAN,curated,uniprot
CPI-SS052ADA696,P78504,P46531,JAG1_HUMAN,NOTC1_HUMAN,curated,PMID: 22353464
CPI-SS052B38F1C,O00626,P51679,CCL22_HUMAN,CCR4_HUMAN,curated,PMID: 24218476
CPI-SS053613259,O14511,P21860,NRG2_HUMAN,ERBB3_HUMAN,curated,uniprot
CPI-SS05550A895,O00755,Q13467,WNT7A_HUMAN,FZD5_HUMAN,curated,PMID: 24032637
CPI-SS0558101D1,Q9NR61,Q99466,DLL4_HUMAN,NOTC4_HUMAN,curated,PMID: 22353464
CPI-SS055B305F1,P13688,Q9NNX6,CEAM1_HUMAN,CD209_HUMAN,curated,"https://www.ncbi.nlm.nih.gov/pubmed/16282604,https://www.ncbi.nlm.nih.gov/pubmed/16246332"
CPI-SS0563E51A8,Q16570,P13500,ACKR1_HUMAN,CCL2_HUMAN,curated,PMID: 24218476
CPI-SS056FF4363,P09326,Q9BZW8,CD48_HUMAN,CD244_HUMAN,curated,activating interaction. uniprot & PMID: 26697006
CPI-SS0586F2596,P29323,P52803,EPHB2_HUMAN,EFNA5_HUMAN,curated,PMID:15107857; PMID: 15114347
CPI-SS05A26A1DE,P01127,P09619,PDGFB_HUMAN,PGFRB_HUMAN,curated,uniprot
CPI-SS05A3055C3,P50591,O00300,TNF10_HUMAN,TR11B_HUMAN,curated,uniprot
CPI-SS05A6C9EC5,P35070,P21860,BTC_HUMAN,ERBB3_HUMAN,curated,uniprot
CPI-SS05A94DE17,P09038,P21802,FGF2_HUMAN,FGFR2_HUMAN,curated,uniprot
CPI-SS05ABE6795,P52799,O15197,EFNB2_HUMAN,EPHB6_HUMAN,curated,PMID: 15114347
CPI-SS05B4EB419,P52797,P54764,EFNA3_HUMAN,EPHA4_HUMAN,curated,PMID: 15114347
CPI-SS05BB5902B,P52798,P21709,EFNA4_HUMAN,EPHA1_HUMAN,curated,PMID: 15114347
CPI-SS05D7900BF,P21246,Q9UM73,PTN_HUMAN,ALK_HUMAN,curated,uniprot
CPI-SS0606E97F0,Q92854,O43157,SEM4D_HUMAN,PLXB1_HUMAN,curated,PMID: 22325954
CPI-SS060790CF0,Q6UW88,P00533,EPGN_HUMAN,EGFR_HUMAN,curated,uniprot
CPI-SS060B82BBC,P78504,Q04721,JAG1_HUMAN,NOTC2_HUMAN,curated,PMID: 22353464
CPI-SS060B846D1,Q99075,Q15303,HBEGF_HUMAN,ERBB4_HUMAN,curated,uniprot
CPI-SS0627D0E22,Q8WWG1,Q15303,NRG4_HUMAN,ERBB4_HUMAN,curated,uniprot
CPI-SS063F1C5D1,Q16570,P09341,ACKR1_HUMAN,GROA_HUMAN,curated,PMID: 24218476
CPI-SS0659DBE72,P52798,P54764,EFNA4_HUMAN,EPHA4_HUMAN,curated,PMID: 15114347
CPI-SS065A6EF06,P35968,O43915,VGFR2_HUMAN,VEGFD_HUMAN,curated,uniprot
CPI-SS065B2DBAE,Q9Y219,Q04721,JAG2_HUMAN,NOTC2_HUMAN,curated,PMID: 22353464
CPI-SS066FBE098,P35225,Q14627,IL13_HUMAN,I13R2_HUMAN,curated,PMID: 26471366
CPI-SS066FE05CA,P41159,P48357,LEP_HUMAN,LEPR_HUMAN,curated,uniprot
CPI-SS068BC31E4,Q07325,P27487,CXCL9_HUMAN,DPP4_HUMAN,curated,PMID: 24218476
CPI-SS0698C4DC4,P10145,P25024,IL8_HUMAN,CXCR1_HUMAN,curated,PMID: 24218476
CPI-SS06B649B31,P22607,P09038,FGFR3_HUMAN,FGF2_HUMAN,curated,uniprot
CPI-SS06BA9088E,O75888,O14836,TNF13_HUMAN,TR13B_HUMAN,curated,uniprot
CPI-SS06BBCAC08,Q9NYJ7,Q04721,DLL3_HUMAN,NOTC2_HUMAN,curated,PMID: 22353464
CPI-SS06C0074BD,O00585,P32248,CCL21_HUMAN,CCR7_HUMAN,curated,PMID: 24218476
CPI-SS06C087B42,P41221,O60353,WNT5A_HUMAN,FZD6_HUMAN,curated,PMID: 24032637
CPI-SS06D13FCD3,Q02487,Q14126,DSC2_HUMAN,DSG2_HUMAN,curated,https://www.ncbi.nlm.nih.gov/pubmed/27298358
CPI-SS06DA9B4FE,Q9NRA1,P16234,PDGFC_HUMAN,PGFRA_HUMAN,curated,uniprot
CPI-SS06E797E50,P98172,P29323,EFNB1_HUMAN,EPHB2_HUMAN,curated,PMID: 15114347
CPI-SS073C1B796,P31358,Q96LC7,CD52_HUMAN,SIG10_HUMAN,curated,https://www.ncbi.nlm.nih.gov/pubmed/23685786
CPI-SS0755A26DD,P05230,P11362,FGF1_HUMAN,FGFR1_HUMAN,curated,uniprot
CPI-SS0762B455F,P20827,P54756,EFNA1_HUMAN,EPHA5_HUMAN,curated,PMID: 15114347
CPI-SS077D7365D,P10747,P42081,CD28_HUMAN,CD86_HUMAN,curated,antigen-stimulated T cells become activated. Reviewed in PMID: 23954143
CPI-SS078BEFF4B,O95407,O95150,TNF6B_HUMAN,TNF15_HUMAN,curated,uniprot
CPI-SS079EF5D9C,P52797,P54756,EFNA3_HUMAN,EPHA5_HUMAN,curated,PMID: 15114347
CPI-SS07D36FFB5,Q16627,P51677,CCL14_HUMAN,CCR3_HUMAN,curated,PMID: 24218476
CPI-SS07D9A48A2,P01374,P20333,TNFB_HUMAN,TNR1B_HUMAN,curated,uniprot
CPI-SS07E5C3060,P01135,P00533,TGFA_HUMAN,EGFR_HUMAN,curated,uniprot
CPI-SS07EF9679E,P47992,P46094,XCL1_HUMAN,XCR1_HUMAN,curated,PMID: 24218476
CPI-SS07FEEF0C3,Q9Y275,O14836,TN13B_HUMAN,TR13B_HUMAN,curated,uniprot
CPI-SS080683E15,P02778,P49682,CXL10_HUMAN,CXCR3_HUMAN,curated,PMID: 24218476
CPI-SS08083B141,O14786,Q14563,NRP1_HUMAN,SEM3A_HUMAN,curated,uniprot
CPI-SS080C81D37,P05067,P04233,A4_HUMAN,HG2A_HUMAN,curated,https://www.ncbi.nlm.nih.gov/pubmed/19849849
CPI-SS08102DC9E,P09341,P25025,GROA_HUMAN,CXCR2_HUMAN,curated,PMID: 24218476
CPI-SS0812B2E9F,P40199,P31997,CEAM6_HUMAN,CEAM8_HUMAN,curated,https://www.ncbi.nlm.nih.gov/pubmed/11590190
CPI-SS0822AEF5F,P08575,P22897,PTPRC_HUMAN,MRC1_HUMAN,curated,"https://www.ncbi.nlm.nih.gov/pubmed/27601670,https://www.ncbi.nlm.nih.gov/pubmed/10575006"
CPI-SS082ABF1EA,P52799,P54753,EFNB2_HUMAN,EPHB3_HUMAN,curated,PMID: 15114347
CPI-SS0830C7910,O43921,P29322,EFNA2_HUMAN,EPHA8_HUMAN,curated,PMID: 15114347
CPI-SS08376F0E6,P09919,Q99062,CSF3_HUMAN,CSF3R_HUMAN,curated,uniprot
CPI-SS0837E9F59,P78504,Q99466,JAG1_HUMAN,NOTC4_HUMAN,curated,PMID: 22353464
CPI-SS083B5EBAB,O43927,Q9NPB9,CXL13_HUMAN,ACKR4_HUMAN,curated,PMID: 24218476
CPI-SS084306E19,P32971,P28908,TNFL8_HUMAN,TNR8_HUMAN,curated,uniprot
CPI-SS084B1ED25,Q15768,P54764,EFNB3_HUMAN,EPHA4_HUMAN,curated,PMID: 15114347
CPI-SS084BE3E4B,P01374,P19438,TNFB_HUMAN,TNR1A_HUMAN,curated,uniprot
CPI-SS0850FDB3E,Q495A1,P15151,TIGIT_HUMAN,PVR_HUMAN,curated,"PMID: 19815499, Induces NK Cell Inhibition. Reviewed in PMID:24987108"
CPI-SS0854A5B2B,Q96E93,P12830,KLRG1_HUMAN,CADH1_HUMAN,curated,https://www.ncbi.nlm.nih.gov/pmc/articles/PMC3030123/
CPI-SS0855C0353,O14786,P49763,NRP1_HUMAN,PLGF_HUMAN,curated,uniprot
CPI-SS0859C173B,O43557,P36941,TNF14_HUMAN,TNR3_HUMAN,curated,uniprot
CPI-SS085A1A34C,P50591,O00220,TNF10_HUMAN,TR10A_HUMAN,curated,uniprot
CPI-SS085C6A191,Q14242,P16581,SELPL_HUMAN,LYAM2_HUMAN,curated,https://www.ncbi.nlm.nih.gov/pmc/articles/PMC4571854/
CPI-SS087054090,P80075,P32246,CCL8_HUMAN,CCR1_HUMAN,curated,PMID: 24218476
CPI-SS087321EB5,P14151,Q14242,LYAM1_HUMAN,SELPL_HUMAN,curated,"https://www.ncbi.nlm.nih.gov/pmc/articles/PMC2431087/,https://www.ncbi.nlm.nih.gov/pubmed/8892633,https://www.ncbi.nlm.nih.gov/pubmed/8896607"
CPI-SS0879B8E95,O95971,Q92956,BY55_HUMAN,TNR14_HUMAN,curated,https://www.ncbi.nlm.nih.gov/pubmed/21959263
CPI-SS087A17AD6,P01588,P19235,EPO_HUMAN,EPOR_HUMAN,curated,uniprot
CPI-SS087B53ABF,P57087,Q9BX67,JAM2_HUMAN,JAM3_HUMAN,curated,"https://www.ncbi.nlm.nih.gov/pmc/articles/PMC1237098/,https://www.ncbi.nlm.nih.gov/pubmed/11590146"
CPI-SS087BEB1C9,P13236,O00590,CCL4_HUMAN,ACKR2_HUMAN,curated,PMID: 24218476
CPI-SS087E0E3FB,P52799,P54764,EFNB2_HUMAN,EPHA4_HUMAN,curated,PMID: 15114347
CPI-SS0892F3080,Q9C0C4,O15031,SEM4C_HUMAN,PLXB2_HUMAN,curated,uniprot
CPI-SS08A54963F,O43921,P29317,EFNA2_HUMAN,EPHA2_HUMAN,curated,PMID: 15114347
CPI-SS08C884E97,P49961,P29275,ENTP1_HUMAN,AA2BR_HUMAN,curated,uniprot
CPI-SS08D0F9109,P52799,P54760,EFNB2_HUMAN,EPHB4_HUMAN,curated,PMID: 15114347
CPI-SS08DA48A5A,P10147,P32246,CCL3_HUMAN,CCR1_HUMAN,curated,PMID: 24218476
CPI-SS08DF7B12C,Q9BQ51,Q15116,PD1L2_HUMAN,PDCD1_HUMAN,curated,antigen-stimulated T cells become anergic. PMID: 23954143
CPI-SS08E13FAF2,O00590,P51671,ACKR2_HUMAN,CCL11_HUMAN,curated,PMID: 24218476
CPI-SS08E4D6FA9,Q9NR61,Q04721,DLL4_HUMAN,NOTC2_HUMAN,curated,PMID: 22353464
CPI-SS08EC6823D,P33681,P16410,CD80_HUMAN,CTLA4_HUMAN,curated,antigen-stimulated T cells become anergic. Reviewed in PMID: 23954143
CPI-SS09000F32A,Q02413,Q14574,DSG1_HUMAN,DSC3_HUMAN,curated,https://www.ncbi.nlm.nih.gov/pubmed/27298358
CPI-SS0917CBD53,HLAC,P43628,HLAC,KI2L3_HUMAN,curated,PMID: 28484462
CPI-SS09185EA8F,P19876,P25025,CXCL3_HUMAN,CXCR2_HUMAN,curated,PMID: 24218476
CPI-SS09239FB26,Q99731,P32248,CCL19_HUMAN,CCR7_HUMAN,curated,PMID: 24218476
CPI-SS092AA7A93,P16150,P05362,LEUK_HUMAN,ICAM1_HUMAN,curated,https://www.ncbi.nlm.nih.gov/pubmed/1683685
CPI-SS0938C6980,Q9NR61,Q9UM47,DLL4_HUMAN,NOTC3_HUMAN,curated,PMID: 22353464
CPI-SS093922D5A,O15467,P41597,CCL16_HUMAN,CCR2_HUMAN,curated,PMID: 24218476
CPI-SS093B46106,P80162,P25025,CXCL6_HUMAN,CXCR2_HUMAN,curated,PMID: 24218476
CPI-SS0947A8549,P17948,P49765,VGFR1_HUMAN,VEGFB_HUMAN,curated,uniprot
CPI-SS09587DA63,P52803,P29317,EFNA5_HUMAN,EPHA2_HUMAN,curated,PMID: 15114347
CPI-SS095E52E66,P50591,Q9UBN6,TNF10_HUMAN,TR10D_HUMAN,curated,uniprot
CPI-SS096F3E0F2,Q9Y219,Q99466,JAG2_HUMAN,NOTC4_HUMAN,curated,PMID: 22353464
CPI-SS097A2D133,P56705,O60353,WNT4_HUMAN,FZD6_HUMAN,curated,PMID: 24032637
CPI-SS098C2FFC0,Q9NYJ7,Q99466,DLL3_HUMAN,NOTC4_HUMAN,curated,PMID: 22353464
CPI-SS09947DDD9,P01133,P00533,EGF_HUMAN,EGFR_HUMAN,curated,uniprot
CPI-SS099C401F7,P27037,P58166,AVR2A_HUMAN,INHBE_HUMAN,curated,PMID: 22710174
CPI-SS09A1EB4B3,Q07325,P49682,CXCL9_HUMAN,CXCR3_HUMAN,curated,PMID: 24218476
CPI-SS09B2ACA25,Q99075,P00533,HBEGF_HUMAN,EGFR_HUMAN,curated,uniprot
CPI-SS09C16258E,P80098,P51681,CCL7_HUMAN,CCR5_HUMAN,curated,PMID: 24218476
CPI-SS09CA492BA,P20827,P29320,EFNA1_HUMAN,EPHA3_HUMAN,curated,PMID: 15114347
CPI-SS09D4B2070,Q9NZQ7,Q15116,PD1L1_HUMAN,PDCD1_HUMAN,curated,antigen-stimulated T cells become anergic. PMID: 23954143
CPI-SS09D9D6811,P98172,P54760,EFNB1_HUMAN,EPHB4_HUMAN,curated,PMID: 15114347
CPI-SS09DAE86C9,Q99616,P51677,CCL13_HUMAN,CCR3_HUMAN,curated,PMID: 24218476
CPI-SS09DB7D3A1,P08069,P01344,IGF1R_HUMAN,IGF2_HUMAN,curated,PMID: 27102148
CPI-SS09E3F5044,P52803,P54756,EFNA5_HUMAN,EPHA5_HUMAN,curated,PMID: 15114347
CPI-SS09FAC4977,O14625,P49682,CXL11_HUMAN,CXCR3_HUMAN,curated,PMID: 24218476
CPI-SS0A021DB6E,P13501,P32246,CCL5_HUMAN,CCR1_HUMAN,curated,PMID: 24218476
CPI-SS0A1321116,P43629,HLAA,KI3L1_HUMAN,HLAA,curated,uniprot
CPI-SS0A16EDB50,Q15375,O43921,EPHA7_HUMAN,EFNA2_HUMAN,curated,PMID: 15114347
CPI-SS0A28DCA72,P48061,P61073,SDF1_HUMAN,CXCR4_HUMAN,curated,PMID: 24218476
CPI-SS0A39F4895,Q15768,O15197,EFNB3_HUMAN,EPHB6_HUMAN,curated,PMID: 15114347
CPI-SS0A5DF05C0,Q495A1,Q92692,TIGIT_HUMAN,PVRL2_HUMAN,curated,"PMID: 1313846, Induces NK Cell Inhibition. Reviewed in PMID:24987108"
CPI-SS0A612BCEF,P21583,P10721,SCF_HUMAN,KIT_HUMAN,curated,uniprot
CPI-SS0A683CBC1,P56706,Q9ULW2,WNT7B_HUMAN,FZD10_HUMAN,curated,PMID: 24032637
CPI-SS0A72C2360,P42081,P16410,CD86_HUMAN,CTLA4_HUMAN,curated,antigen-stimulated T cells become anergic. Reviewed in PMID: 23954143
CPI-SS0A76A8E97,P30511,Q8N423,HLAF_HUMAN,LIRB2_HUMAN,curated,https://www.ncbi.nlm.nih.gov/pubmed/11169396
CPI-SS0A76E2CE9,Q16663,P32246,CCL15_HUMAN,CCR1_HUMAN,curated,uniprot
CPI-SS0A7DF44A1,Q16570,P13501,ACKR1_HUMAN,CCL5_HUMAN,curated,PMID: 24218476
CPI-SS0A8627ED6,P15151,Q15762,PVR_HUMAN,CD226_HUMAN,curated,"activating interaction PMID: 15607800, NK cell cytotoxicity. PMID: 24440149"
CPI-SS0A9E884E0,P41217,Q8TD46,OX2G_HUMAN,MO2R1_HUMAN,curated,"PMID: 22020332, also called CD200-CD200R"
CPI-SS0AA68C8E5,P52798,P29322,EFNA4_HUMAN,EPHA8_HUMAN,curated,PMID: 15114347
CPI-SS0AA76E0E4,P34130,P08138,NTF4_HUMAN,TNR16_HUMAN,curated,uniprot
CPI-SS0AB1A3A6D,Q8N6Q3,P16284,CD177_HUMAN,PECA1_HUMAN,curated,https://www.ncbi.nlm.nih.gov/pubmed/17580308
CPI-SS0AB1F04A0,P09603,P07333,CSF1_HUMAN,CSF1R_HUMAN,curated,uniprot
CPI-SS0ABFB17ED,P40200,P15151,TACT_HUMAN,PVR_HUMAN,curated,uniprot
CPI-SS0AC66088D,P06731,P15813,CEAM5_HUMAN,CD1D_HUMAN,curated,https://www.ncbi.nlm.nih.gov/pubmed/24104458
CPI-SS0AE4A66E2,P09544,O00144,WNT2_HUMAN,FZD9_HUMAN,curated,PMID: 24032637
CPI-SS0AEAEEECB,P20783,P08138,NTF3_HUMAN,TNR16_HUMAN,curated,uniprot
CPI-SS0AEC33FF1,O00626,P27487,CCL22_HUMAN,DPP4_HUMAN,curated,PMID: 24218476
CPI-SS0AFCA0602,Q9NR61,P46531,DLL4_HUMAN,NOTC1_HUMAN,curated,PMID: 22353464
CPI-SS0B01D306C,P13501,P51681,CCL5_HUMAN,CCR5_HUMAN,curated,PMID: 24218476
CPI-SS0B02B63C2,Q02487,Q02413,DSC2_HUMAN,DSG1_HUMAN,curated,https://www.ncbi.nlm.nih.gov/pubmed/27298358
CPI-SS0B03ACD14,P10147,O00590,CCL3_HUMAN,ACKR2_HUMAN,curated,PMID: 24218476
CPI-SS0B0AC1603,O00175,P51677,CCL24_HUMAN,CCR3_HUMAN,curated,PMID: 24218476
CPI-SS0B1B18F2D,P48061,P27487,SDF1_HUMAN,DPP4_HUMAN,curated,PMID: 24218476
CPI-SS0B34CBA4B,O43921,P21709,EFNA2_HUMAN,EPHA1_HUMAN,curated,PMID: 15114347
CPI-SS0B3C76C9D,Q9GZP0,P09619,PDGFD_HUMAN,PGFRB_HUMAN,curated,uniprot
CPI-SS0B4EEA780,Q03167,P10600,TGBR3_HUMAN,TGFB3_HUMAN,curated,uniprot
CPI-SS0B537DD3F,P06731,P13688,CEAM5_HUMAN,CEAM1_HUMAN,curated,Induces NK Cell Inhibition. Reviewed in PMID:24987108
CPI-SS0B6F0C894,Q14126,Q14574,DSG2_HUMAN,DSC3_HUMAN,curated,https://www.ncbi.nlm.nih.gov/pubmed/27298358
CPI-SS0B70EB09E,P04085,P16234,PDGFA_HUMAN,PGFRA_HUMAN,curated,uniprot
CPI-SS0B784A03E,P22362,P51685,CCL1_HUMAN,CCR8_HUMAN,curated,PMID: 24218476
CPI-SS0B8083B44,P56706,Q9ULV1,WNT7B_HUMAN,FZD4_HUMAN,curated,PMID: 24032637
CPI-SS0B836353B,Q9UP38,P41221,FZD1_HUMAN,WNT5A_HUMAN,curated,PMID: 24032637
CPI-SS0B89DD8C1,O75888,Q02223,TNF13_HUMAN,TNR17_HUMAN,curated,uniprot
CPI-SS0B99F22A2,P78504,Q9UM47,JAG1_HUMAN,NOTC3_HUMAN,curated,PMID: 22353464
CPI-SS0BA601DC4,P23560,Q16620,BDNF_HUMAN,NTRK2_HUMAN,curated,uniprot
CPI-SS0BAB460FF,O15123,Q02763,ANGP2_HUMAN,TIE2_HUMAN,curated,uniprot
CPI-SS0BC034428,P42830,P25024,CXCL5_HUMAN,CXCR1_HUMAN,curated,PMID: 24218476
CPI-SS0BC3D1E5A,Q8NHL6,P17693,LIRB1_HUMAN,HLAG_HUMAN,curated,"uniprot, Induces NK Cell Inhibition. Reviewed in PMID:24987108"
CPI-SS0BC458CF7,P54764,O43921,EPHA4_HUMAN,EFNA2_HUMAN,curated,PMID: 15114347
CPI-SS0BC7F3EB5,Q92854,P21854,SEM4D_HUMAN,CD72_HUMAN,curated,PMID: 22325954
CPI-SS0BD5C2A23,Q02297,Q15303,NRG1_HUMAN,ERBB4_HUMAN,curated,uniprot
CPI-SS0BDC04683,P13688,P16581,CEAM1_HUMAN,LYAM2_HUMAN,curated,https://www.ncbi.nlm.nih.gov/pubmed/1378450
CPI-SS0BDD10277,P30511,P43630,HLAF_HUMAN,KI3L2_HUMAN,curated,https://www.ncbi.nlm.nih.gov/pubmed/27455421
CPI-SS0BE88A4E2,P06213,P01308,INSR_HUMAN,INS_HUMAN,curated,uniprot
CPI-SS0BF0CDB93,P48960,P08174,CD97_HUMAN,DAF_HUMAN,curated,https://www.ncbi.nlm.nih.gov/pubmed/11297558
CPI-SS0BFCF6B11,Q9Y4X3,P46092,CCL27_HUMAN,CCR10_HUMAN,curated,PMID: 24218476
CPI-SS0BFD8E056,P52799,P54762,EFNB2_HUMAN,EPHB1_HUMAN,curated,PMID: 15114347
CPI-SS0C090A257,P10147,P51681,CCL3_HUMAN,CCR5_HUMAN,curated,PMID: 15251452
CPI-SS0C1520B40,Q08554,Q02413,DSC1_HUMAN,DSG1_HUMAN,curated,https://www.ncbi.nlm.nih.gov/pubmed/27298358
CPI-SS0C2003B74,P98172,P54753,EFNB1_HUMAN,EPHB3_HUMAN,curated,PMID: 15114347
CPI-SS0C2437E0D,O43927,P32302,CXL13_HUMAN,CXCR5_HUMAN,curated,PMID: 24218476
CPI-SS0C2561156,P09544,Q9ULV1,WNT2_HUMAN,FZD4_HUMAN,curated,PMID: 24032637
CPI-SS0C2E7931B,Q9Y258,P41597,CCL26_HUMAN,CCR2_HUMAN,curated,PMID: 24218476
CPI-SS0C30EC0DE,P80075,P51681,CCL8_HUMAN,CCR5_HUMAN,curated,PMID: 24218476
CPI-SS0C491A3C1,P02775,P25025,CXCL7_HUMAN,CXCR2_HUMAN,curated,PMID: 24218476
CPI-SS0C5E9FBFB,Q15223,Q9NQS3,PVRL1_HUMAN,PVRL3_HUMAN,curated,https://www.ncbi.nlm.nih.gov/pubmed/12740392/
CPI-SS0C62E5DD8,P09341,P25024,GROA_HUMAN,CXCR1_HUMAN,curated,PMID: 24218476
CPI-SS0C70ADA28,P52803,P29320,EFNA5_HUMAN,EPHA3_HUMAN,curated,PMID: 15114347
CPI-SS0C727601B,P32246,O15467,CCR1_HUMAN,CCL16_HUMAN,curated,PMID: 24218476
CPI-SS0C7732B91,P08069,P05019,IGF1R_HUMAN,IGF1_HUMAN,curated,uniprot
CPI-SS0C875BA24,O43921,P29320,EFNA2_HUMAN,EPHA3_HUMAN,curated,PMID: 15114347
CPI-SS0C8D6BD62,Q8NHJ6,Q6GTX8,LIRB4_HUMAN,LAIR1_HUMAN,curated,https://www.ncbi.nlm.nih.gov/pubmed/19283782/
CPI-SS0C8ED6F41,P52797,P29322,EFNA3_HUMAN,EPHA8_HUMAN,curated,PMID: 15114347
CPI-SS0C8F2C0F6,P17948,P15692,VGFR1_HUMAN,VEGFA_HUMAN,curated,uniprot
CPI-SS0CACDF501,O95407,O43557,TNF6B_HUMAN,TNF14_HUMAN,curated,uniprot
CPI-SS0CBC7840D,P08575,P20273,PTPRC_HUMAN,CD22_HUMAN,curated,https://www.ncbi.nlm.nih.gov/pubmed/12115612/
CPI-SS0CBCBBA83,P52797,P29317,EFNA3_HUMAN,EPHA2_HUMAN,curated,PMID: 15114347
CPI-SS0CC738ABC,O14625,P27487,CXL11_HUMAN,DPP4_HUMAN,curated,PMID: 24218476
CPI-SS0CC966B71,P35070,P00533,BTC_HUMAN,EGFR_HUMAN,curated,uniprot
CPI-SS0CCD89E02,O15444,Q9NPB9,CCL25_HUMAN,ACKR4_HUMAN,curated,PMID: 24218476
CPI-SS0CD8D0164,Q6UVW9,D3W0D1,CLC2A_HUMAN,KLRF2_HUMAN,curated,Induces NK Cell Activation. Reviewed in PMID: 24223577
CPI-SS0CDAC688B,P19875,P27487,CXCL2_HUMAN,DPP4_HUMAN,curated,PMID: 24218476
CPI-SS0CE96B837,Q15768,P54762,EFNB3_HUMAN,EPHB1_HUMAN,curated,PMID: 15114347
CPI-SS0CF0E4DE9,P13500,P41597,CCL2_HUMAN,CCR2_HUMAN,curated,PMID: 24218476
CPI-SS0CF7B434C,Q16620,P20783,NTRK2_HUMAN,NTF3_HUMAN,curated,uniprot
CPI-SS0D00AAD2F,Q13591,Q9ULL4,SEM5A_HUMAN,PLXB3_HUMAN,curated,uniprot
CPI-SS0D168412F,P48023,P25445,TNFL6_HUMAN,TNR6_HUMAN,curated,uniprot
CPI-SS0D16D3FB2,Q16570,P10145,ACKR1_HUMAN,IL8_HUMAN,curated,PMID: 24218476
CPI-SS0D1922FA3,P51677,P10147,CCR3_HUMAN,CCL3_HUMAN,curated,PMID: 24218476
CPI-SS0D1D8FF06,P52798,P29320,EFNA4_HUMAN,EPHA3_HUMAN,curated,PMID: 15114347
CPI-SS0D22A09AD,O60462,P49763,NRP2_HUMAN,PLGF_HUMAN,curated,uniprot
CPI-SS0D3064F3D,Q10589,P59901,BST2_HUMAN,LIRA4_HUMAN,curated,https://www.ncbi.nlm.nih.gov/pubmed/19564354/
CPI-SS0D329BE85,P16581,P16070,LYAM2_HUMAN,CD44_HUMAN,curated,https://www.ncbi.nlm.nih.gov/pmc/articles/PMC4571854/
CPI-SS0D37C7C70,P80370,Q99466,DLK1_HUMAN,NOTC4_HUMAN,curated,PMID: 22353464
CPI-SS0D53B88CC,P27037,P55103,AVR2A_HUMAN,INHBC_HUMAN,curated,PMID: 22710174
CPI-SS0D5DBB634,P52797,Q15375,EFNA3_HUMAN,EPHA7_HUMAN,curated,PMID: 15114347
CPI-SS0D5E30C6C,P56975,Q15303,NRG3_HUMAN,ERBB4_HUMAN,curated,uniprot
CPI-SS0D7DB794A,Q9NZQ7,P33681,PD1L1_HUMAN,CD80_HUMAN,curated,"https://www.ncbi.nlm.nih.gov/pubmed/17629517,https://www.ncbi.nlm.nih.gov/pubmed/18585785,https://www.ncbi.nlm.nih.gov/pmc/articles/PMC3168865/"
CPI-SS0D81C6C1D,P56706,Q9UP38,WNT7B_HUMAN,FZD1_HUMAN,curated,PMID: 24032637
CPI-SS0D81D9F5E,O43921,P54756,EFNA2_HUMAN,EPHA5_HUMAN,curated,PMID: 15114347
CPI-SS0D883FFF1,O43915,P35916,VEGFD_HUMAN,VGFR3_HUMAN,curated,uniprot
CPI-SS0D89F86A7,Q9Y264,Q02763,ANGP4_HUMAN,TIE2_HUMAN,curated,uniprot
CPI-SS0D97E07F8,P49771,P36888,FLT3L_HUMAN,FLT3_HUMAN,curated,uniprot
CPI-SS0D9E45677,P29965,P25942,CD40L_HUMAN,TNR5_HUMAN,curated,Reviewed in PMID: 23602662
CPI-SS0DB3F5A37,Q9Y219,P46531,JAG2_HUMAN,NOTC1_HUMAN,curated,PMID: 22353464
CPI-SS0DBA81CCF,P17693,Q8N423,HLAG_HUMAN,LIRB2_HUMAN,curated,uniprot
CPI-SS0DC2DD9D7,P40225,P40238,TPO_HUMAN,TPOR_HUMAN,curated,uniprot
CPI-SS0DC5ADBF1,P04628,Q9UP38,WNT1_HUMAN,FZD1_HUMAN,curated,PMID: 24032637
CPI-SS0DC98E54D,P33681,P10747,CD80_HUMAN,CD28_HUMAN,curated,antigen-stimulated T cells become activated. Reviewed in PMID: 23954143
CPI-SS0DE0A486F,O14786,P15692,NRP1_HUMAN,VEGFA_HUMAN,curated,uniprot
CPI-SS0DE9B07A8,Q15389,Q02763,ANGP1_HUMAN,TIE2_HUMAN,curated,uniprot
CPI-SS0DEC5095E,Q9Y6W8,O75144,ICOS_HUMAN,ICOSL_HUMAN,curated,important for T follicular helper cells (Tfh) and type 2 T helper cell (Th2) responses. Reviewed in PMID: 23954143
CPI-SS0DECC850D,Q9BY67,O95727,CADM1_HUMAN,CRTAM_HUMAN,curated,uniprot
CPI-SS0DF6991A8,P80075,P51677,CCL8_HUMAN,CCR3_HUMAN,curated,PMID: 24218476
CPI-SS0E00478B4,O60462,P15692,NRP2_HUMAN,VEGFA_HUMAN,curated,uniprot
CPI-SS0E063192D,O14511,Q15303,NRG2_HUMAN,ERBB4_HUMAN,curated,uniprot
CPI-SS0E0DEA7D5,P16284,P28907,PECA1_HUMAN,CD38_HUMAN,curated,"https://www.ncbi.nlm.nih.gov/pubmed/9551996,https://www.ncbi.nlm.nih.gov/pubmed/26407101"
CPI-SS0E1A8414D,P80370,Q04721,DLK1_HUMAN,NOTC2_HUMAN,curated,PMID: 22353464
CPI-SS0E21A90FE,P40199,P13688,CEAM6_HUMAN,CEAM1_HUMAN,curated,https://www.ncbi.nlm.nih.gov/pubmed/21982860
CPI-SS0E23CEB91,O00182,Q8TDQ0,LEG9_HUMAN,HAVR2_HUMAN,curated,Reviewed in PMID: 27192565
CPI-SS0E28FD773,Q13705,P58166,AVR2B_HUMAN,INHBE_HUMAN,curated,PMID: 22710174
CPI-SS0E292C126,Q12918,Q9UHP7,KLRB1_HUMAN,CLC2D_HUMAN,curated,Induces NK Cell Inhibition. Reviewed in PMID: 24223577
CPI-SS0E29693E6,Q9UBD3,P46094,XCL2_HUMAN,XCR1_HUMAN,curated,uniprot
CPI-SS0E32BEF02,P41221,Q13467,WNT5A_HUMAN,FZD5_HUMAN,curated,PMID: 24032637
CPI-SS0E396ACB7,P56703,O75084,WNT3_HUMAN,FZD7_HUMAN,curated,PMID: 24032637
CPI-SS0E4E83C2E,P23560,P08138,BDNF_HUMAN,TNR16_HUMAN,curated,uniprot
CPI-SS0E555F91F,P13501,O00590,CCL5_HUMAN,ACKR2_HUMAN,curated,PMID: 24218476
CPI-SS0E5A6ADB3,Q9NYJ7,P46531,DLL3_HUMAN,NOTC1_HUMAN,curated,PMID: 22353464
CPI-SS0E61DB5DF,P17948,P49763,VGFR1_HUMAN,PLGF_HUMAN,curated,uniprot
CPI-SS0E7D5974D,P01375,P20333,TNFA_HUMAN,TNR1B_HUMAN,curated,uniprot
CPI-SS0E80E17ED,Q13705,P55103,AVR2B_HUMAN,INHBC_HUMAN,curated,PMID: 22710174
CPI-SS0E9015902,Q08722,Q9P1W8,CD47_HUMAN,SIRPG_HUMAN,curated,https://www.ncbi.nlm.nih.gov/pubmed/15294972
CPI-SS0E90C46BC,P49961,P29274,ENTP1_HUMAN,AA2AR_HUMAN,curated,uniprot
CPI-SS0E9A581F8,P05362,P20701,ICAM1_HUMAN,ITAL_HUMAN,curated,Reviewed in PMID: 23602662
CPI-SS0E9F84F1F,O75610,P13385,LFTY1_HUMAN,TDGF1_HUMAN,curated,PMID: 22710174
CPI-SS0EA05941A,P13501,P51679,CCL5_HUMAN,CCR4_HUMAN,curated,PMID: 24218476
CPI-SS0EAB03260,P15813,Q8N423,CD1D_HUMAN,LIRB2_HUMAN,curated,https://www.ncbi.nlm.nih.gov/pubmed/19124746/
CPI-SS0EB5AEC83,P14151,P28906,LYAM1_HUMAN,CD34_HUMAN,curated,"https://www.ncbi.nlm.nih.gov/pubmed/7692600,https://www.ncbi.nlm.nih.gov/pubmed/8977216"
CPI-SS0EBFE1854,P20827,P54764,EFNA1_HUMAN,EPHA4_HUMAN,curated,PMID: 15114347
CPI-SS0ECC9DF3E,P52799,P29323,EFNB2_HUMAN,EPHB2_HUMAN,curated,PMID: 15114347
CPI-SS0ECCB4382,Q15768,P29323,EFNB3_HUMAN,EPHB2_HUMAN,curated,PMID: 15114347
CPI-SS0ECD9BB5E,O00585,Q9NPB9,CCL21_HUMAN,ACKR4_HUMAN,curated,PMID: 24218476
CPI-SS0ED2573CA,O14788,Q9Y6Q6,TNF11_HUMAN,TNR11_HUMAN,curated,uniprot
CPI-SS0EDD38B58,Q92583,P51679,CCL17_HUMAN,CCR4_HUMAN,curated,PMID: 24218476
CPI-SS0EDD4928A,P01138,P08138,NGF_HUMAN,TNR16_HUMAN,curated,uniprot
CPI-SS0EF309375,P52797,P29320,EFNA3_HUMAN,EPHA3_HUMAN,curated,PMID: 15114347
CPI-SS0F06E4B3F,Q9Y258,P32246,CCL26_HUMAN,CCR1_HUMAN,curated,PMID: 24218476
CPI-SS0F0D7F25C,P35070,Q15303,BTC_HUMAN,ERBB4_HUMAN,curated,uniprot
CPI-SS0F15C1AB3,O60462,Q13275,NRP2_HUMAN,SEM3F_HUMAN,curated,uniprot
CPI-SS0F1A060D4,P15151,Q9NQS3,PVR_HUMAN,PVRL3_HUMAN,curated,"https://www.ncbi.nlm.nih.gov/pubmed/19011627,https://www.ncbi.nlm.nih.gov/pubmed/12740392/"
CPI-SS0F20B8633,Q04721,O00548,NOTC2_HUMAN,DLL1_HUMAN,curated,PMID: 22353464
CPI-SS0F26BB901,P09544,Q9NPG1,WNT2_HUMAN,FZD3_HUMAN,curated,PMID: 24032637
CPI-SS0F2E8211C,Q9NNX6,P32942,CD209_HUMAN,ICAM3_HUMAN,curated,https://www.ncbi.nlm.nih.gov/pubmed/15795245
CPI-SS0F33890C0,P51671,P51677,CCL11_HUMAN,CCR3_HUMAN,curated,PMID: 24218476
CPI-SS0F3A089DE,O15041,Q9Y4D7,SEM3E_HUMAN,PLXD1_HUMAN,curated,PMID: 22325954
CPI-SS0F562FEA5,P19875,P25025,CXCL2_HUMAN,CXCR2_HUMAN,curated,PMID: 24218476
CPI-SS0F5AA0D9B,P80098,P41597,CCL7_HUMAN,CCR2_HUMAN,curated,PMID: 24218476
CPI-SS0F60C6D89,Q99616,O00590,CCL13_HUMAN,ACKR2_HUMAN,curated,PMID: 24218476
CPI-SS0F6A01237,P52803,P29322,EFNA5_HUMAN,EPHA8_HUMAN,curated,PMID: 15114347
CPI-SS0F6AA700E,Q15768,P54760,EFNB3_HUMAN,EPHB4_HUMAN,curated,PMID: 15114347
CPI-SS0F6B529A1,P13501,P51677,CCL5_HUMAN,CCR3_HUMAN,curated,PMID: 24218476
CPI-SS0F6F1C29E,P80075,O00590,CCL8_HUMAN,ACKR2_HUMAN,curated,PMID: 24218476
CPI-SS0F81DBF22,P52798,Q15375,EFNA4_HUMAN,EPHA7_HUMAN,curated,PMID: 15114347
CPI-SS0F83BE97B,O14788,O00300,TNF11_HUMAN,TR11B_HUMAN,curated,uniprot
CPI-SS0F94547B2,O14931,Q68D85,NCTR3_HUMAN,NR3L1_HUMAN,curated,activating interaction from uniprot
CPI-SS0FA147015,P26717,P13747,NKG2C_HUMAN,HLAE_HUMAN,curated,activating interaction. uniprot & PMID: 26697006
CPI-SS0FB5FE587,O00548,Q99466,DLL1_HUMAN,NOTC4_HUMAN,curated,PMID: 22353464
CPI-SS0FC01B947,P52803,P54764,EFNA5_HUMAN,EPHA4_HUMAN,curated,PMID: 15114347
CPI-SS0FC42EC80,O14944,Q15303,EREG_HUMAN,ERBB4_HUMAN,curated,uniprot
CPI-SS0FC612D4D,P80370,P46531,DLK1_HUMAN,NOTC1_HUMAN,curated,PMID: 22353464
CPI-SS0FD442A0E,P80098,O00590,CCL7_HUMAN,ACKR2_HUMAN,curated,PMID: 24218476
CPI-SS0FDAB7BA8,P02778,P27487,CXL10_HUMAN,DPP4_HUMAN,curated,PMID: 24218476
CPI-SS0FEEB187C,P01127,P16234,PDGFB_HUMAN,PGFRA_HUMAN,curated,uniprot
CPI-SS0FF49C823,P20827,P21709,EFNA1_HUMAN,EPHA1_HUMAN,curated,PMID: 15114347
CPI-SS0FF51A757,Q9UNG2,Q9Y5U5,TNF18_HUMAN,TNR18_HUMAN,curated,uniprot
,O43557,Q92956,TNF14_HUMAN,TNR14_HUMAN,curated,uniprot
,Q15223,Q96NY8,PVRL1_HUMAN,NECT4_HUMAN,curated,https://www.ncbi.nlm.nih.gov/pubmed/22902367
,P40199,P06731,CEAM6_HUMAN,CEAM5_HUMAN,curated,uniprot
,Q9BY67,Q8N126,CADM1_HUMAN,CADM3_HUMAN,curated,uniprot
,Q9BY67,Q9NQS3,CADM1_HUMAN,NECT3_HUMAN,curated,uniprot
,Q8NFZ8,Q8N126,CADM4_HUMAN,CADM3_HUMAN,curated,uniprot
,Q15223,Q8N126,NECT1_HUMAN,CADM3_HUMAN,curated,uniprot
,Q9NQS3,Q8N126,NECT3_HUMAN,CADM3_HUMAN,curated,uniprot
,Q9H4G0,Q8N126,E41L1_HUMAN,CADM3_HUMAN,curated,uniprot
,Q9BX67,Q9BX67,JAM3_HUMAN,JAM3_HUMAN,curated,https://www.ncbi.nlm.nih.gov/pubmed/16118203
,P32004,P32004,L1CAM_HUMAN,L1CAM_HUMAN,curated,https://www.ncbi.nlm.nih.gov/pubmed/18701456/
,Q96AP7,Q96AP7,ESAM_HUMAN,ESAM_HUMAN,curated,https://www.ncbi.nlm.nih.gov/pubmed/11279107
,P40199,P40199,CEAM6_HUMAN,CEAM6_HUMAN,curated,https://www.ncbi.nlm.nih.gov/pubmed/11590190
,Q9BY67,Q9BY67,CADM1_HUMAN,CADM1_HUMAN,curated,https://www.ncbi.nlm.nih.gov/pubmed/24503895