name,uniprot_1,uniprot_2,uniprot_3,uniprot_4,adhesion,cytoplasm,extracellular,integrin_interaction,other,other_desc,peripheral,receptor,receptor_desc,secreted_desc,secreted_highlight,secretion,transmembrane,transporter,pdb_structure,pdb_id,stoichiometry,comments_complex
contactin complex II,Q12860,Q92823,,,True,False,False,False,False,,False,False,,,False,False,True,False,False,,,NRCAM bind in cis and in trans to contactin-1
FCyR1A,P12314,P30273,,,False,False,False,False,False,,False,True,Human IgG receptor,,False,False,True,False,False,,,Also called CD64. Interacts with FCERG1; forms a functional signaling complex
IL6 receptor,P08887,P40189,,,False,False,False,False,False,,False,True,Cytokine receptor IL6 family,,False,False,True,False,binding,1p9m,IL6;IL6;IL6R;IL6R;IL6ST;IL6ST,Signal activation necessitate an association with IL6ST.
AT8B4CC50B complex,Q8TF62,Q3MIR4,,,False,False,False,False,False,,False,False,,,False,False,True,True,False,,,Interacts with beta subunits TMEM30A and TMEM30B
KCNV1KCNB2 complex,Q6PIU1,Q92953,,,False,False,False,False,False,,False,False,,,False,False,True,True,False,,,Has to be associated with another potassium channel subunit to get inserted in the plasma membrane. Remains intracellular in the absence of KCNB2.
LRFN3LRFN5 complex,Q9BTN0,Q96NI6,,,True,False,False,False,False,,False,False,,,False,False,True,False,False,,,"Can form heteromeric complexes with LRFN1, LRFN2, LRFN4 and LRFN5."
PlexinA4_complex1,O14786,Q9HCM2,,,False,False,False,False,False,,False,True,,,False,False,True,False,False,,,PMID: 22325954
IL36 receptor,Q9HB29,Q9NPH3,,,False,False,False,False,False,,False,True,Cytokine receptor IL1 family,,False,False,True,False,False,,,After binding to interleukin-36 associates with the coreceptor IL1RAP to form the interleukin-36 receptor complex
serotonin receptor 1,A5X5Y0,P46098,,,False,False,False,False,False,,False,True,,,False,False,True,True,False,,,Forms a pentaheteromeric complex with HTR3A.
OSMR,Q99650,P40189,,,False,False,False,False,False,,False,True,Cytokine receptor IL6 family,,False,False,True,False,False,,,Heterodimer composed of OSMR and IL6ST (type II OSM receptor).
PlexinA1_complex1,Q9UIW2,P35968,,,False,False,False,False,False,,False,True,,,False,False,True,False,False,,,PMID: 22325954
a9b1 complex,P05556,Q13797,,,True,False,False,True,False,,False,False,,,False,False,True,False,False,,,Well known integrin combination
NKG2D II receptor,P26718,Q9UBK5,,,False,False,False,False,False,,False,True,hematopoyetic receptor,,False,False,True,False,False,,, Heterohexamer composed of two subunits of KLRK1 and four subunits of HCST/DAP10.
aVb3 complex,P06756,P05106,,,True,False,False,True,False,,False,False,,,False,False,True,False,True,1jv2,ITGAV;ITGB3,Well known integrin combination
IL1 receptor inhibitor,P27930,Q9NPH3,,,False,False,False,False,False,,False,True,Cytokine receptor IL1 family,,False,False,True,False,binding,3o4o,IL1B;IL1R2;IL1RAP,After binding to interleukin-1 associates with the corecptor IL1RAP to form the high affinity interleukin-1 receptor antagonist complex
ERBB2_ERBB3 complex,P04626,P21860,,,False,False,False,False,False,,False,True,,,False,False,True,False,False,,,"Protein tyrosine kinase that is part of several cell surface receptor complexes, but that apparently needs a coreceptor for ligand binding."
FCyR3A,P08637,P30273,,,False,False,False,False,False,,False,True,Human IgG receptor,,False,False,True,False,False,,,Exists as a heterooligomeric receptor complex with Fc epsilon receptor I gamma subunit and / or the CD3 zeta subunit.
FZD4TSN12 complex,Q9ULV1,O95859,,,False,False,False,False,False,,False,True,,,False,False,True,False,False,,,"Component of a complex, at least composed of TSPAN12, FZD4 and norrin (NDP)"
Insulin receptor,P05019,P08069,P06213,,False,False,False,False,False,,False,True,Hormone,,False,False,True,False,True,4xss,IGF1;IGF1R;INSR," Forms a hybrid receptor with IGF1R, the hybrid is a tetramer consisting of 1 alpha chain and 1 beta chain of INSR and 1 alpha chain and 1 beta chain of IGF1R."
LAT1 transporter,Q01650,P08195,,,False,False,False,False,False,,False,False,,,False,False,True,True,False,,,Located to the plasma membrane by SLC3A2/4F2hc
IL17 receptor AE,Q96F46,Q8NFR9,,,False,False,False,False,False,,False,True,Cytokine receptor IL17 family,,False,False,True,False,False,,,Forms heterodimers with IL17RE; the heterodimer binds IL17C
LRFN2LRFN5 complex,Q9ULH4,Q96NI6,,,False,False,False,False,False,,False,False,,,False,False,True,False,False,,,"Forms heteromeric complexes with LRFN1, LRFN3, LRFN4 and LRFN5."
TYROBP complex,A8K4G0,O43914,Q9UBK5,,False,False,False,False,False,,False,True,,,False,False,True,False,False,,,"Interacts with TYROBP, which enhances cell surface expression and activation properties"
a2b1 complex,P05556,P17301,,,True,False,False,True,False,,False,False,,,False,False,True,False,False,,,Well known integrin combination
IL2 receptor_I,P14784,P31785,,,False,False,False,False,False,,False,True,Cytokine receptor IL2 family,,False,False,True,False,binding,3qaz,,
IL35 receptor,P40189,Q99665,,,False,False,False,False,False,,False,True,Cytokine receptor IL1 family,,False,False,True,False,False,,,
NCR3 receptor,O14931,P20963,,,False,False,False,False,True,NK receptor recognition,False,True,,,False,False,True,False,False,,,Interacts with CD3Z
somatostatin receptor,P30874,P32745,,,False,False,False,False,False,,False,True,,,False,False,True,False,False,,,Homodimer and heterodimer with SSTR3 and SSTR5.
Polycistin complex I,P98161,Q13563,,,False,False,False,False,False,,False,False,,,False,False,True,False,False,,,PKD1 localization to the plasma and ciliary membranes requires PKD2
FLT1 complex,P17948,P35968,,,False,False,False,False,True,Migration,False,True,,,False,False,True,False,False,,,Can also form a heterodimer with KDR.
CD1C complex,P29017,P61769,,,False,False,False,False,False,,False,False,,,False,False,True,False,False,,,Heterodimer with B2M (beta-2-microglobulin).
RAMP1 complex,Q16602,O60894,,,False,False,False,False,False,,False,True,,,False,False,True,True,True,3n7p,CALCRL;RAMP1,Heterodimer of CALCRL and RAMP3 (By similarity). Heterodimer of CALCRL and RAMP1 or CALCRL and RAMP2.
a10b1 complex,P05556,O75578,,,True,False,False,True,False,,False,False,,,False,False,True,False,False,,,Well known integrin combination
CNTF-1R,P26992,P42702,P40189,,False,False,False,False,False,,False,True,Cytokine receptor IL6 family,,False,False,True,False,False,,,"Heterotrimer of the alpha subunit, LIFR and IL6ST."
PDGFR complex,P16234,P09619,,,False,False,False,False,False,,False,True,growth factor receptor,,False,False,True,False,False,,,heterodimers formed by PDGFA and PDGFB
PlexinA2_complex1,O14786,O75051,,,False,False,False,False,False,,False,True,,,False,False,True,False,False,,,PMID: 22325954
RAMP2 complex,Q16602,O60895,,,False,False,False,False,False,,False,True,,,False,False,True,True,True,3aqf,CALCRL;RAMP2,Heterodimer of CALCRL and RAMP3 (By similarity). Heterodimer of CALCRL and RAMP1 or CALCRL and RAMP2.
TREM2 receptor,Q9NZC2,O43914,,,False,False,False,False,False,,False,True,,,False,False,True,False,False,,,Interacts with TYROBP/DAP12
5HT3D receptor,Q70Z44,P46098,,,False,False,False,False,False,,False,True,,,False,False,True,True,False,,,Presumably retained within the endoplasmic reticulum unless complexed with HTR3A.
KCNG1KCNB1 complex,Q9UIX4,Q14721,,,False,False,False,False,False,,False,False,,,False,False,True,True,False,,,Colocalizes with KCNB1 at the plasma membrane
UNC5D receptor,Q6UXZ4,P43146,,,False,False,False,False,False,,False,True,,,False,False,True,False,False,,,Interacts with the cytoplasmic part of DCC.
IL22 receptor,Q8N6P7,Q08334,,,False,False,False,False,False,,False,True,"Cytokine receptor IL10 family, IL20 subfamily",,False,False,True,False,binding,3dgc,IL22;IL22RA1,Component of IL22 receptor formed by IL22RA1 and IL10RB
S12A9S12A9 complexes,Q9BXP2,Q13621,,,False,False,False,False,False,,False,False,,,False,False,True,True,False,,,Interacts with SLC12A1.
P2X7 receptor-Pannexin1 complex,Q96RD7,Q99572,,,False,False,False,False,False,,False,True,,,False,False,True,True,False,,,PMID: 18596211
glutamate complex,Q14416,P28223,,,False,False,False,False,False,,False,True,,,False,False,True,False,False,,,mGluR2 and serotonin 2A receptor (5-HT2A) form complexes that mediate alterations in cellular response in the brain
Sodium channel complex,P37088,P51168,P51170,,False,False,False,False,False,,False,False,,,False,False,True,True,False,,,"Heterotrimer containing an alpha/SCNN1A, a beta/SCNN1B and a gamma/SCNN1G subunit."
CD1D complex,P61769,P15813,,,False,False,False,False,False,,False,False,,,False,False,True,False,True,1zt4,B2M;CD1D,Heterodimer with B2M (beta-2-microglobulin). Interacts with MHC II.
FAT4 complex,Q96JQ0,Q6V0I7,,,True,False,False,False,False,,False,False,,,False,False,True,False,False,,,Heterophilic interaction with FAT4; this interaction affects their respective protein levels.
KCNV2 complex,Q8TDN2,Q14721,,,False,False,False,False,False,,False,False,,,False,False,True,True,False,,,Has to be associated with KCNB1 or possibly another partner to get inserted in the plasma membrane. Remains intracellular in the absence of KCNB1.
DUOX1 complex,Q9NRD9,Q1HG43,,,False,False,False,False,False,,False,False,,,False,False,True,False,False,,,May be required for the maturation and the transport from the endoplasmic reticulum to the plasma membrane of functional DUOX1.
potassium complex,P16389,P22459,,,False,False,False,False,False,,False,False,,,False,False,True,True,False,,,Coexpression with KCNA4 or with beta subunits promotes expression at the cell membrane.
SSR complex,P43307,P43308,P51571,Q9UNL2,False,False,False,False,False,,False,False,,,False,False,True,False,False,,,"Heterotetramer of TRAP-alpha, TRAP-beta, TRAP-delta and TRAP-gamma. Interacts with palmitoylated calnexin (CALX)"
IL12,P29459,P29460,,,False,False,True,False,False,,False,False,,"Cytokine receptor IL6 family, IL12 subfamily",True,True,False,False,True,1f45,IL12A;IL12B,
TIE1TEK_receptor,P35590,Q02763,,,False,False,False,False,False,,False,True,,,False,False,True,False,False,,,Heterodimer with TEK/TIE2
potasium complex,O00180,O95069,,,False,False,False,False,False,,False,False,,,False,False,True,True,False,,,The heterodimer with KCNK2 is detected at the astrocyte cell membrane.
BMPR1B_BMPR2,O00238,Q13873,,,False,False,False,False,False,,False,True,TGFBeta_receptor_add,,False,False,True,False,False,,,Serine/threonine kinase heterodimer upon ligand binding
dopamine 1 receptor,P21728,Q6Y2X3,,,False,False,False,False,False,,False,True,,,False,False,True,False,False,,,Transport from the endoplasmic reticulum to the cell surface is regulated by interaction with DNAJC14
somatostatin receptor II,P30874,P35346,,,False,False,False,False,False,,False,True,,,False,False,True,False,False,,,Homodimer and heterodimer with SSTR3 and SSTR5.
aDb2 complex,P05107,Q13349,,,True,False,False,True,False,,False,False,,,False,False,True,False,False,,,Well known integrin combination
CNTN6NCHL1 complex,Q9UQ52,O00533,,,True,False,False,False,False,,False,False,,,False,False,True,False,False,,,CHL1 associates with NB-3/contactin-6 in cis and enhances cell surface expression of NB-3
IL31 receptor,Q8NI17,Q99650,,,False,False,False,False,False,,False,True,Cytokine receptor IL6 family,,False,False,True,False,False,,,Associates with OSMR to form the interleukin-31 receptor
aXb2 complex,P20702,P05107,,,True,False,False,True,False,,False,False,,,False,False,True,False,True,3k6s,ITGAX;ITGB2,Well known integrin combination
ADA12 complex,O43184,P63244,,,True,False,False,False,False,,False,False,,,False,False,True,False,False,,,Interacts with GNB2L1/RACK1; the interaction is required for PKC-dependent translocation of ADAM12 to the cell membrane.
IL18 receptor,Q14116,Q13478,O95256,,False,False,False,False,False,,False,True,Cytokine receptor IL1 family,,False,False,True,False,True,3wo4,IL18;IL18R1;IL18RAP,Cytokine receptor family; Interleukin 18 family
CLM2  receptor,Q496F6,O43914,,,False,False,False,False,False,,False,True,,,False,False,True,False,False,,,Interacts with TYROBP
IL20 receptor Type I,Q9UHF4,Q6UXL0,,,False,False,False,False,False,,False,True,"Cytokine receptor IL10 family, IL20 subfamily",,False,False,True,False,False,,,The IL20RA/IL10RB dimer is a receptor for IL26
contactin complex V,Q02246,P32004,,,True,False,False,False,False,,False,False,,,False,False,True,False,False,,,L1 binds to TAG-1 (contactin 2) in cis
aLb2 complex,P05107,P20701,,,True,False,False,True,False,,False,False,,,False,False,True,False,False,,,Well known integrin combination
aVb8 complex,P26012,P06756,,,True,False,False,True,False,,False,False,,,False,False,True,False,False,,,Well known integrin combination
Agrin complex,O15146,O00468,O75096,Q18PE1,False,False,False,False,False,,False,True,,,False,False,True,False,partial,3ml4,DOK7;DOK7;MUSK;MUSK,MUSK Interacts with LRP4; the heterodimer forms an AGRIN receptor complex that binds AGRIN resulting in activation of MUSK
leucine rich complex,Q6PJG9,Q96NI6,,,False,False,False,False,True,Others,False,False,,,False,False,True,False,False,,,"Can form heteromeric complexes with LRFN1, LRFN2, LRFN3 and LRFN5."
ATPase complex III,P98198,Q3MIR4,,,False,False,False,False,False,,False,False,,,False,False,True,True,False,,,Exit from the endoplasmic reticulum requires the presence of TMEM30A or TMEM30B. Localizes to apical membranes in epithelial cells.
KIRS4,P43632,O43914,,,False,False,False,False,False,,False,True,KIR_add,,False,False,True,False,False,,,
tetraspanin complex,Q9Y653,P60033,P21926,P29992,True,False,False,False,False,,False,True,,,False,False,True,False,False,,,"Part of a GPCR-tetraspanin complex at least consisting of GPR56, CD81, eventually CD9, and GNA11 in which CD81 is enhancing the association of GPR56 with GNA11."
IL1 receptor,P14778,Q9NPH3,,,False,False,False,False,False,,False,True,Cytokine receptor IL1 family,,False,False,True,False,binding,4dep,IL1B;IL1R1;IL1RAP,After binding to interleukin-1 associates with the corecptor IL1RAP to form the high affinity interleukin-1 receptor complex
HHLA2 complex,Q9UM44,Q96BF3,,,False,False,False,False,True,Ligand,False,False,,,False,False,True,False,False,,,Interacts with TMIGD2.
IL10 receptor,Q13651,Q08334,,,False,False,False,False,False,,False,True,Cytokine receptor IL10 family,,False,False,True,False,False,,,Heterodimer of an alpha and a beta subunit.
Polycistin complex III,Q9P0L9,Q7Z443,,,False,False,False,False,False,,False,False,,,False,False,True,False,False,,,Interaction with PKD1 or PKD1L3 is required for localization to the cell membrane.
IL17 receptor AB,Q96F46,Q9NRM6,,,False,False,False,False,False,,False,True,Cytokine receptor IL17 family,,False,False,True,False,False,,,
CLM6 complex,Q08708,O43914,P30273,,False,False,False,False,False,,False,True,,,False,False,True,False,False,,,
IL23 receptor,P42701,Q5VWK5,,,False,False,False,False,False,,False,True,"Cytokine receptor IL6 family, IL12 subfamily",,False,False,True,False,False,,,Associates also with IL23R to form the interleukin-23 receptor which functions in IL23 signal transduction
aminoacid  transporter,Q9UHI5,P08195,,,False,False,False,False,False,,False,False,,,False,False,True,False,False,,,"Localized to the cytoplasm when expressed alone but when coexpressed with SLC3A2/4F2hc, is localized to the plasma membrane"
TSLPR,P16871,Q9HC73,,,False,False,False,False,False,,False,True,"Cytokine receptor IL2 family, IL7 subfamily",,False,False,True,False,binding,5j11,CRLF2;IL7R;TSLP,The TSLP receptor is a heterodimer of CRLF2 and IL7R.
PlexinA1_complex3,O14786,Q9UIW2,,,False,False,False,False,False,,False,True,,,False,False,True,False,False,,,PMID: 22325954
IL4 receptor,P31785,P05112,,,False,False,False,False,False,,False,True,"Cytokine receptor IL2 family, IL4 subfamily",,False,False,True,False,True,3qb7,IL2RG;IL4,"The functional IL4 receptor is formed by initial binding of IL4 to IL4R. Subsequent recruitment to the complex of the common gamma chain, in immune cells"
NCR2 receptor,O95944,O43914,,,False,False,False,False,True,NK receptor recognition,False,True,,,False,False,True,False,False,,,Interacts with TYROBP/DAP12
FcRn complex,P61769,P55899,,,False,False,False,False,True,"transports immunoglobulin G (IgG) across epithelia,",False,True,Human IgG receptor,,False,False,True,False,True,1exu,B2M;FCGRT,"FcRn complex consist of two subunits: p51, and p14 which is equivalent to beta-2-microglobulin. It forms an MHC class I-like heterodimer"
opioid receptor S,P35372,P30874,,,False,False,False,False,False,,False,True,,,False,False,True,False,False,,,"Forms homooligomers and heterooligomers with other GPCRs, such as SSTR2 (probably in dimeric forms)"
aVb1 complex,P05556,P06756,,,True,False,False,True,False,,False,False,,,False,False,True,False,False,,,Well known integrin combination
KCND2KCIP4 complex,Q9NZV8,Q6PIL6,,,False,False,False,False,False,,False,False,,,False,False,True,True,False,,,Modulates KCND2 channel density
opioid receptor CCR5,P35372,P51681,,,False,False,False,False,False,,False,True,,,False,False,True,False,False,,,"Forms homooligomers and heterooligomers with other GPCRs, such as CCR5 (probably in dimeric forms)"
KCNG2KCNB1 complex,Q9UJ96,Q14721,,,False,False,False,False,False,,False,False,,,False,False,True,True,False,,,Heterodimer with KCNB1. Does not form homomultimers.
glucagon receptor,P43220,P48546,,,False,False,False,False,False,,False,True,,,False,False,True,False,False,,,May form homodimers and heterodimers with GIPR
Type I IFNR,P17181,P48551,,,False,False,False,False,False,,False,True,Cytokine receptor family,,False,False,True,False,binding,3se3,IFNA2;IFNAR1;IFNAR2,Heterodimer with IFNAR2
contactin complex I,Q12860,P78357,,,True,False,False,False,False,,False,False,,,False,False,True,False,False,,,Interacts with contactin in cis form. Essential for Caspr sorting from the endoplasmic reticulum to the plasma membrane.
CD4 receptor,P49685,P01730,,,False,False,False,False,False,,False,True,,,False,False,True,False,False,,,Probable chemokine receptor. Alternative coreceptor with CD4 for HIV-1 infection.
LIFR,P42702,P40189,,,False,False,False,False,False,,False,True,Cytokine receptor IL6 family,,False,False,True,False,False,,,Heterodimer composed of LIFR and IL6ST.
KCNS2KCNB1 complex,Q9ULS6,Q14721,,,False,False,False,False,False,,False,False,,,False,False,True,True,False,,,Heterotetramer with KCNB1 and KCNB2
AT8B1 complex I,O43520,Q9NV96,,,False,False,False,False,False,,False,False,,,False,False,True,True,False,,,Exit from the endoplasmic reticulum requires the presence of TMEM30A or TMEM30B. Localizes to apical membranes in epithelial cells.
KCND2KCIP2 complex,Q9NZV8,Q9NS61,,,False,False,False,False,False,,False,False,,,False,False,True,True,False,,,Increases the presence of KCND2 at the cell surface
AT11C complex,Q8NB49,Q9NV96,,,False,False,False,False,False,,False,False,,,False,False,True,True,False,,,"Exit from the endoplasmic reticulum requires the presence of TMEM30A, but not that of TMEM30B."
KIRS2,P43631,O43914,,,False,False,False,False,False,,False,True,KIR_add,,False,False,True,False,False,,,
ATPase complex II,P98198,Q9NV96,,,False,False,False,False,False,,False,False,,,False,False,True,True,False,,,Exit from the endoplasmic reticulum requires the presence of TMEM30A or TMEM30B. Localizes to apical membranes in epithelial cells.
opioid receptor K 1,P35372,P41145,,,False,False,False,False,False,,False,True,,,False,False,True,False,False,,,"Forms homooligomers and heterooligomers with other GPCRs, such as OPRK1 (probably in dimeric forms)"
KCNG4 complex,Q8TDN1,Q14721,,,False,False,False,False,False,,False,False,,,False,False,True,True,False,,,Has to be associated with KCNB1 or possibly another partner to get inserted in the plasma membrane.
a1b1 complex,P05556,P56199,,,True,False,False,True,False,,False,False,,,False,False,True,False,False,,,Well known integrin combination
IL26 receptor,Q9UHF4,Q08334,,,False,False,False,False,False,,False,True,"Cytokine receptor IL10 family, IL20 subfamily",,False,False,True,False,False,,,
AT8B1 complex II,O43520,Q3MIR4,,,False,False,False,False,False,,False,False,,,False,False,True,True,False,,,Exit from the endoplasmic reticulum requires the presence of TMEM30A or TMEM30B. Localizes to apical membranes in epithelial cells.
FZD6 complex,O60353,Q9ULK5,,,False,False,False,False,False,,False,True,,,False,False,True,False,False,,,Required for cell surface localization of FZD3 and FZD6 in the inner ear (By similarity)
CD94:NKG2A,Q13241,P26715,,,False,False,False,False,False,,False,True,,,False,False,True,False,False,,,
potasium transporter complex,P54707,Q9NV96,,,False,False,False,False,False,,False,False,,,False,False,True,True,False,,,"Exit from the endoplasmic reticulum requires the presence of TMEM30A, but not that of TMEM30B."
CD1A complex,P61769,P06126,,,False,False,False,False,True,T cell,False,False,,,False,False,True,False,True,1onq,B2M;CD1A,Heterodimer with B2M (beta-2-microglobulin).
IL7 receptor,P16871,P31785,,,False,False,False,False,False,,False,True,"Cytokine receptor IL2 family, IL7 subfamily",,False,False,True,False,False,,,The IL7 receptor is a heterodimer of IL7R and IL2RG.
KCNG3 complex,Q8TAE7,Q14721,,,False,False,False,False,False,,False,False,,,False,False,True,True,False,,,Has to be associated with KCNB1 or possibly another partner to get inserted in the plasma membrane
IL9 receptor,Q01113,P31785,,,False,False,False,False,False,,False,True,Cytokine receptor IL2 family,,False,False,True,False,False,,,Cytokine receptor family; Interleukin 9 family
ACVR_1B2B receptor,P36896,Q13705,,,False,False,False,False,False,,False,True,TGFBeta_receptor_add,,False,False,True,False,False,,,Transmembrane serine/threonine kinase activin type-1 receptor forming an activin receptor complex with activin receptor type-2 (ACVR2A or ACVR2B).
FCeR1,P12319,Q01362,P30273,,False,False,False,False,False,,False,True,Fc receptor family,,False,False,True,False,False,,,"Fc receptor family; Tetramer of an alpha chain, a beta chain, and two disulfide linked gamma chains."
fibrinogen,P02671,P02679,P02675,,True,False,False,False,False,,True,False,,,False,False,False,False,False,,,
Polycistin complex II,Q9P0L9,P98161,,,False,False,False,False,False,,False,False,,,False,False,True,False,False,,,Interaction with PKD1 or PKD1L3 is required for localization to the cell membrane.
IL17 receptor AC,Q96F46,Q8NAC3,,,False,False,False,False,False,,False,True,Cytokine receptor IL17 family,,False,False,True,False,False,,,NA; the heterodimer binds IL17AF
ACVR_1B2A receptor,P36896,P27037,,,False,False,False,False,False,,False,True,TGFBeta_receptor_add,,False,False,True,False,False,,,Transmembrane serine/threonine kinase activin type-1 receptor forming an activin receptor complex with activin receptor type-2 (ACVR2A or ACVR2B).
TREM1 receptor,Q9NP99,O43914,,,False,False,False,False,False,,False,True,,,False,False,True,False,False,,,Interacts with TYROBP/DAP12
ERBB3_ERBB4 complex,P21860,Q15303,,,False,False,False,False,False,,False,True,,,False,False,True,False,False,,,Heterodimer of an alpha chain and a beta chain (beta-2-microglobulin)
AT10A complex,O60312,Q9NV96,,,False,False,False,False,False,,False,False,,,False,False,True,True,False,,,"Exit from the endoplasmic reticulum requires the presence of TMEM30A, but not that of TMEM30B"
IL20 receptor Type II,Q8N6P7,Q6UXL0,,,False,False,False,False,False,,False,True,"Cytokine receptor IL10 family, IL20 subfamily",,False,False,True,False,False,,,Component of IL22 receptor formed by IL22RA1 and IL10RB
ADR complex,Q96A54,Q86V24,,,False,False,False,False,False,,False,True,,,False,False,True,False,False,,,May form homooligomers and heterooligomers with ADIPOR2.
SLC16A3 complex,P35613,O15427,,,False,False,False,False,True,,False,False,,,False,False,True,True,False,,,"Plays an important role in targeting the monocarboxylate transporters SLC16A1, SLC16A3 and SLC16A8 to the plasma membrane."
SIRB1 complex,O00241,O43914,,,False,False,False,False,False,,False,True,,,False,False,True,False,False,,,Homodimer; disulfide-linked. Interacts with TYROBP. This interaction results in the recruitment of SYK.
a8b1 complex,P05556,P53708,,,True,False,False,True,False,,False,False,,,False,False,True,False,False,,,Well known integrin combination
CD94:NKG2C,Q13241,P26717,,,False,False,False,False,False,,False,True,,,False,False,True,False,False,,,
dopamine 2 receptor,P14416,P21917,,,False,False,False,False,False,,False,True,,,False,False,True,False,False,,,Forms homo- and heterooligomers with DRD4.
bradykinin  receptor,P30411,P16284,,,False,False,False,False,False,,False,False,,,False,False,True,False,False,,,Interacts with PECAM1.
IL37 receptor,Q13478,Q6IA17,,,False,False,False,False,False,,False,True,Cytokine receptor IL1 family,,False,False,True,False,False,,,"See paper Nold-Petry et al., 2015. Also called IL37"
LRFN2LRFN4 complex,Q9ULH4,Q6PJG9,,,False,False,False,False,False,,False,False,,,False,False,True,False,False,,,"Forms heteromeric complexes with LRFN1, LRFN3, LRFN4 and LRFN5."
PK1L1PKD2 complex,Q8TDX9,Q13563,,,False,False,False,False,False,,False,False,,,False,False,True,False,False,,,forms a complex with PKD2 in cilia to facilitate flow detection in left/right patterning.
IL13 receptor,P78552,P24394,,,False,False,False,False,False,,False,True,"Cytokine receptor IL2 family, IL4 subfamily",,False,False,True,False,binding,3bpo,IL13;IL13RA1;IL4R,Together with IL4RA can form a functional receptor for IL13
aVb6 complex,P06756,P18564,,,True,False,False,True,False,,False,False,,,False,False,True,False,True,4um8,ITGAV;ITGB6,Well known integrin combination
IL11 receptor,Q14626,P40189,,,False,False,False,False,False,,False,True,Cytokine receptor IL6 family,,False,False,True,False,False,,,"On ligand binding, forms a multimer complex with IL6ST/gp130."
UPK3A complex,O75631,O75841,,,False,False,False,False,False,,False,False,,,False,False,True,False,False,,,Heterodimer formation with UPK1B is a prerequisite to exit out of the endoplasmic reticulum (ER).
IL21 receptor,Q9HBE5,P31785,,,False,False,False,False,False,,False,True,Cytokine receptor IL2 family,,False,False,True,False,False,,,Heterodimer with the common gamma subunit.
UPK3B complex,Q9BT76,O75841,,,False,False,False,False,False,,False,False,,,False,False,True,False,False,,,Heterodimer formation with UPK1B is a prerequisite to exit out of the endoplasmic reticulum (ER).
IL33 receptor,Q01638,Q9NPH3,,,False,False,False,False,False,,False,True,Cytokine receptor IL1 family,,False,False,True,False,False,,,
DCC complex,Q8IZJ1,P43146,,,False,False,False,False,False,,False,True,,,False,False,True,False,False,,,Interacts with the cytoplasmic part of DCC.
serotonin rceptor 2,P08908,Q99527,,,False,False,False,False,False,,False,True,,,False,False,True,True,False,,,Heterodimer; heterodimerizes with GPER1.
contactin complex III,Q12860,P18433,,,True,False,False,False,False,,False,False,,,False,False,True,False,False,,,Contactin-1 associates with protein tyrosine phosphatase a (PTPa) in cis
CY24 complex,P04839,P13498,,,False,False,False,False,False,,False,False,,,False,False,True,False,False,,,Composed of a heavy chain (beta) and a light chain (alpha)
KCNE3KCNB1 complex,Q9Y6H6,Q14721,,,False,False,False,False,False,,False,False,,,False,False,True,False,False,,,Colocalizes with KCNB1 at high-density somatodendritic clusters on the surface of hippocampal neurons
MR1 complex,P61769,P61769,Q95460,,False,False,False,False,False,,False,True,,,False,False,True,False,True,4gup,B2M;MR1,"Heterodimerizes with B2M, this interaction is required for surface expression."
IL28 receptor,Q8IU57,Q08334,,,False,False,False,False,False,,False,True,Cytokine receptor family,,False,False,True,False,binding,5t5w,IFNL3;IFNLR1;IL10RB,IFNLR1/IL10RB dimer is a receptor
opioid receptor N,P35372,Q9Y5X5,,,False,False,False,False,False,,False,True,,,False,False,True,False,False,,,"Forms homooligomers and heterooligomers with other GPCRs, such as NPFFR2 (probably in dimeric forms)"
KCND2KCIP1 complex,Q9NZV8,Q9NZI2,,,False,False,False,False,False,,False,False,,,False,False,True,True,False,,,"Interaction with KCNIP1, KCNIP2, KCNIP3 or KCNIP4 promotes expression at the cell membrane"
PlexinA1_complex2,Q9UIW2,Q9NZC2,O43914,,False,False,False,False,False,,False,True,,,False,False,True,False,False,,,PMID: 22325954
AT8A2 complex,Q9NTI2,Q9NV96,,,False,False,False,False,False,,False,False,,,False,False,True,True,False,,,Interacts with TMEM30A to form a flippase complex.
IL27 receptor,Q6UWB1,P40189,,,False,False,False,False,False,,False,True,Cytokine receptor IL6 family,,False,False,True,False,False,,,Requires IL6ST/gp130 to mediate signal transduction in response to IL27.
SLC16A1 complex,P35613,P53985,,,False,False,False,False,False,,False,False,,,False,False,True,True,False,,,Interacts with BSG; this is required for expression at the cell membrane.
aEb7 complex,P26010,P38570,,,True,False,False,True,False,,False,False,,,False,False,True,False,False,,,Well known integrin combination
UNC5C complex,O95185,P43146,,,False,False,False,False,False,,False,False,,,False,False,True,False,False,,,Interacts with the cytoplasmic part of DCC.
a4b1 complex,P05556,P13612,,,True,False,False,True,False,,False,False,,,False,False,True,False,False,,,Well known integrin combination
aVb5 complex,P18084,P06756,,,True,False,False,True,False,,False,False,,,False,False,True,False,False,,,Well known integrin combination
ABCG5ABCG8 complex,Q9H222,Q9H221,,,False,False,False,False,False,,False,False,,,False,False,True,True,True,5do7,ABCG5;ABCG8,May form heterodimers with ABCG8 or be tightly coupled to ABCG8
DSCAM complex,O60469,P43146,,,True,False,False,False,False,,False,False,,,False,False,True,False,False,,,Interacts with DCC; the interaction is abolished in response to NTN1 (By similarity).
KCND2CSEN complex,Q9NZV8,Q9Y2W7,,,False,False,False,False,False,,False,False,,,False,False,True,True,False,,,Involved in KCND2 and KCND3 trafficking to the cell surface.
GABBR1_2 complex,Q9UBS5,O75899,,,False,False,False,False,False,,False,True,,,False,False,True,True,True,4mqe,GABBR1;GABBR2,Coexpression of GABBR1 and GABBR2 is required for GABBR1 maturation and transport to the plasma membrane.
a2Bb3 complex,P08514,P05106,,,True,False,False,True,False,,False,False,,,False,False,True,False,True,1kup,ITGA2B;ITGB3,Well known integrin combination
CD8 receptor,P01732,P10966,,,False,False,False,False,False,,False,True,T cell receptor add,,False,False,True,False,False,,,In general heterodimer of an alpha and a beta chain linked by two disulfide bonds. Can also form homodimers.
KCNS1KCNB2 complex,Q96KK3,Q92953,,,False,False,False,False,False,,False,False,,,False,False,True,True,False,,,May not reach the plasma membrane but remain in an intracellular compartment in the absence of KCNB1 or KCNB2
CD277 complex,O00481,P78410,,,False,False,False,False,True,Possible_receptor,False,False,,,False,False,True,False,False,,,Collaborater suggestion
KCNS1KCNB1 complex,Q96KK3,Q14721,,,False,False,False,False,False,,False,False,,,False,False,True,True,False,,,May not reach the plasma membrane but remain in an intracellular compartment in the absence of KCNB1 or KCNB2
contactin complex IV,Q02246,Q9UHC6,,,True,False,False,False,False,,False,False,,,False,False,True,False,False,,,Interacts with contactin in cis form.
CNTF-2R,O75462,P26992,P42702,P40189,False,False,False,False,False,,False,True,Cytokine receptor IL6 family,,False,False,True,False,False,,,Cytokine receptor family; Interleukin 6 family
estrogen receptor,Q99527,P78352,,,False,False,False,False,False,,False,True,estrogen receptor add,,False,False,True,False,False,,,Interacts (via C-terminus tail motif) with DLG4 (via N-terminus tandem pair of PDZ domains); the interaction is direct and induces the increase of GPER1 protein levels residing at the plasma membrane surface in a estradiol-independent manner (By similarity)
IL12 receptor,P42701,Q99665,,,False,False,False,False,False,,False,True,"Cytokine receptor IL6 family, IL12 subfamily",,False,False,True,False,False,,,"Associated with IL12RB2 it forms a functional, high affinity receptor for IL12"
IL17 AF,Q16552,Q96PD4,,,False,False,True,False,False,,False,False,,Cytokine,True,True,False,False,False,,,
ACVR_1A2A receptor,Q04771,P27037,,,False,False,False,False,False,,False,True,TGFBeta_receptor_add,,False,False,True,False,False,,,Transmembrane serine/threonine kinase activin type-1 receptor forming an activin receptor complex with activin receptor type-2 (ACVR2A or ACVR2B).
opioid receptor C,P35372,P21554,,,False,False,False,False,False,,False,True,,,False,False,True,False,False,,,"Forms homooligomers and heterooligomers with other GPCRs, such as CNR1 (probably in dimeric forms)"
LRC52 complex,Q8N7C0,A8MYU2,,,False,False,False,False,False,,False,True,,,False,False,True,False,False,,,Expression at the cell surface may require the presence of KCNU1.
ADRA1 receptor,P35348,P35368,,,False,False,False,False,False,,False,True,,,False,False,True,False,False,,,Homo- and heterooligomer. Heterooligomerizes with ADRA1B homooligomers in cardiac myocytes.
GPER1 receptor,P34998,Q99527,,,False,False,False,False,False,,False,True,hormone receptor,,False,False,True,False,False,,,Heterodimer; heterodimerizes with GPER1 (By similarity).
a5b1 complex,P05556,P08648,,,True,False,False,True,False,,False,False,,,False,False,True,False,False,,,Well known integrin combination
AT8B4CC50A complex,Q8TF62,Q9NV96,,,False,False,False,False,False,,False,False,,,False,False,True,True,False,,,Interacts with beta subunits TMEM30A and TMEM30B
aMb2 complex,P05107,P11215,,,True,False,False,True,False,,False,False,,,False,False,True,False,False,,,Well known integrin combination
TYRP complex,P17643,P40126,,,False,False,False,False,False,,False,False,,,False,False,True,False,False,,,"Tyrosinase, TYRP1 and DCT/TYRP2 may form a multienzyme complex."
CD3 receptor EG,P07766,P09693,,,False,False,False,False,False,,False,True,T cell receptor add,,False,False,True,False,False,,,One part of CD3 complex
RAMP3 complex 2,Q16602,O60896,,,False,False,False,False,False,,False,True,,,False,False,True,True,False,,,Heterodimer of CALCRL and RAMP3 (By similarity). Heterodimer of CALCRL and RAMP1 or CALCRL and RAMP2.
SCN complex,P51172,P51168,P51170,,False,False,False,False,False,,False,False,,,False,False,True,True,False,,,"Heterotrimer containing a delta/SCNN1D, a beta/SCNN1B and a gamma/SCNN1G subunit."
PCDH15 complex,Q96QU1,Q8TAF8,,,True,False,False,False,False,,False,False,,,False,False,True,False,False,,,Efficient localization to the plasma membrane requires the presence of LHFPL5
CD79_IGHM receptor,P11912,P40259,P01871,,False,False,False,False,False,,False,True,,,False,False,True,False,False,,,Membrane-bound IgM molecules are non-covalently associated with heterodimer of CD79A and CD79B
IL2 receptor_HA,P01589,P14784,P31785,,False,False,False,False,False,,False,True,Cytokine receptor IL2 family,,False,False,True,False,binding,2b5i,IL2;IL2RA;IL2RB;IL2RG,"A high affinity dimer, an intermediate affinity monomer (beta subunit). The high and intermediate affinity forms also associate with a gamma subunit."
IL27,Q14213,Q8NEV9,,,False,False,True,False,False,,False,False,,Cytokine receptor IL6 family,True,True,False,False,False,,,
a6b4 complex,P16144,P23229,,,True,False,False,True,False,,False,False,,,False,False,True,False,False,,,Well known integrin combination
GPVI complex,Q9HCN6,P30273,,,False,False,False,False,False,,False,True,,,False,False,True,False,False,,,Associated with Fc receptor gamma chain. The GPVI-FcRgamma complex is associated with the Src kinase family Fyn and Lyn.
TGFbeta receptor1,P36897,P37173,,,False,False,False,False,False,,False,True,TGFBeta_receptor_add,,False,False,True,False,False,,,"Heterohexamer; TGFB1, TGFB2 and TGFB3 homodimeric ligands assemble a functional receptor composed of two TGFBR1 and TGFBR2 heterodimers to form a ligand-receptor heterohexamer."
IL23,P29460,Q9NPF7,,,False,False,True,False,False,,False,False,,"Cytokine receptor IL6 family, IL12 subfamily",True,True,False,False,True,3d87,IL12B;IL12B;IL23A;IL23A,
AT8A1 complex,Q9Y2Q0,Q9NV96,,,False,False,False,False,False,,False,False,,,False,False,True,True,False,,,"Exit from the endoplasmic reticulum requires the presence of TMEM30A, but not TMEM30B. "
opioid receptor A,P35372,P08913,,,False,False,False,False,False,,False,True,,,False,False,True,False,False,,,"Forms homooligomers and heterooligomers with other GPCRs, such as ADRA2A (probably in dimeric forms)"
BMPR1A_BMPR2,P36894,Q13873,,,False,False,False,False,False,,False,True,,,False,False,True,False,False,,,"On ligand binding, forms a receptor complex consisting of two type II and two type I transmembrane serine/threonine kinases."
CD94:NKG2E,Q13241,Q07444,,,False,False,False,False,False,,False,True,,,False,False,True,False,False,,,
Type II IFNR,P15260,P38484,,,False,False,False,False,False,,False,True,Cytokine receptor family,,False,False,True,False,binding,1fg9,IFNG;IFNG;IFNGR1;IFNGR1;IFNGR1,Associates with IFNGR2 to form a receptor for the cytokine interferon gamma (IFNG)
LRFN3LRFN4 complex,Q9BTN0,Q6PJG9,,,True,False,False,False,False,,False,False,,,False,False,True,False,False,,,"Can form heteromeric complexes with LRFN1, LRFN2, LRFN4 and LRFN5."
CD1B complex,P61769,P29016,,,False,False,False,False,False,,False,False,,,False,False,True,False,True,1gzp,B2M;CD1B,Heterodimer with B2M (beta-2-microglobulin). Interacts with MHC II.
serotonine receptor2,P28335,O75970,,,False,False,False,False,False,,False,True,,,False,False,True,True,False,,,The encoded protein is known to interact with the HTR2C receptor and may cause it to clump at the cell surface.
PlexinA3_complex1,O14786,P51805,,,False,False,False,False,False,,False,True,,,False,False,True,False,False,,,PMID: 22325954
5HT3C5HT3A complex,Q8WXA8,P46098,,,False,False,False,False,False,,False,True,,,False,False,True,True,False,,,Note: Presumably retained within the endoplasmic reticulum unless complexed with HTR3A.
IL5 receptor,P32927,Q01344,,,False,False,False,False,False,,False,True,Cytokine receptor IL3 family,,False,False,True,False,False,,,Heterodimer of an alpha and a beta subunit.
a4b7 complex,P26010,P13612,,,True,False,False,True,False,,False,False,,,False,False,True,False,False,,,Well known integrin combination
RAMP3 complex,O60896,Q16602,Q99527,,False,False,False,False,False,,False,True,,,False,False,True,True,False,,,Transports the calcitonin gene-related peptide type 1 receptor (CALCRL) and GPER1 to the plasma membrane.
a3b1 complex,P05556,P26006,,,True,False,False,True,False,,False,False,,,False,False,True,False,False,,,Well known integrin combination
PK1L1PK2L1 complex,Q8TDX9,Q9P0L9,,,False,False,False,False,False,,False,False,,,False,False,True,False,False,,,Forms a heterodimer with PKD2L1 in primary cilia and forms a calcium-permeant ciliary channel
ERBB2_ERBB4 complex,P04626,Q15303,,,False,False,False,False,False,,False,True,,,False,False,True,False,False,,,"Protein tyrosine kinase that is part of several cell surface receptor complexes, but that apparently needs a coreceptor for ligand binding."
KCNS3 complex,Q9BQ31,Q14721,,,False,False,False,False,False,,False,False,,,False,False,True,True,False,,,May not reach the plasma membrane but remain in an intracellular compartment in the absence of KCNB1
TGFbeta receptor2,P37173,Q04771,,,False,False,False,False,False,,False,True,TGFBeta_receptor_add,,False,False,True,False,False,,,
sodium channel complex,Q9Y5Y9,P60903,,,False,False,False,False,False,,False,False,,,False,False,True,True,False,,,It can be translocated to the extracellular membrane through association with S100A10.
KCND3CSEN complex,Q9UK17,Q9Y2W7,,,False,False,False,False,False,,False,False,,,False,False,True,True,False,,,Involved in KCND2 and KCND3 trafficking to the cell surface.
NCR1 receptor,O76036,P20963,P30273,,False,False,False,False,True,NK receptor recognition,False,True,,,False,False,True,False,False,,,Interacts with CD247 and FCER1G.
ATPase complex,P98196,Q9NV96,,,False,False,False,False,False,,False,False,,,False,False,True,True,False,,,"Exit from the endoplasmic reticulum requires the presence of TMEM30A, but not that of TMEM30B."
Type III IFNR,Q08334,Q8IU57,,,False,False,False,False,False,,False,True,,,False,False,True,False,False,,,
CD180 complex,Q99467,O95711,,,False,False,False,False,False,,False,True,,,False,False,True,False,True,3b2d,CD180;CD180;LY86;LY86,M-shaped tetramer of two CD180-LY86 heterodimers.
serotonine receptor1,P28222,P28221,,,False,False,False,False,False,,False,True,,,False,False,True,True,False,,,Homodimer. Heterodimer with HTR1D.
KCNS2KCNB2 complex,Q9ULS6,Q92953,,,False,False,False,False,False,,False,False,,,False,False,True,True,False,,,Heterotetramer with KCNB1 and KCNB2
CLM4 receptor,Q6UXZ3,O43914,P30273,,False,False,False,False,False,,False,True,,,False,False,True,False,False,,,Cell surface localization requires the ITAM-bearing Fc receptor FCER1G to overcome ER retention.
opioid receptor D 1,P35372,P41143,Q96DX8,,False,False,False,False,False,,False,True,,,False,False,True,False,False,,, Interacts with RTP4; the interaction promotes cell surface localization of the OPRD1-OPRM1 heterodimer (By similarity).
IL35,Q14213,P29459,,,False,False,True,False,False,,False,False,,Cytokine receptor,True,True,False,False,False,,,
opioid receptor GMP6A,P35372,P51674,,,False,False,False,False,False,,False,True,,,False,False,True,False,False,,,Interacts with OPRM1.
opioid receptor L 1,P35372,P41146,,,False,False,False,False,False,,False,True,,,False,False,True,False,False,,,"Forms homooligomers and heterooligomers with other GPCRs, such as OPRL1 (probably in dimeric forms)"
VANG complex,Q8TAA9,Q9ULK5,,,False,False,False,False,False,,False,False,,,False,False,True,False,False,,,Heterodimer with VANGL2.
ACVR_1C2A receptor,Q8NER5,P27037,,,False,False,False,False,False,,False,True,,,False,False,True,False,False,,,
a11b1 complex,P05556,Q9UKX5,,,True,False,False,True,False,,False,False,,,False,False,True,False,False,,,Well known integrin combination
LRFN2LRFN3 complex,Q9ULH4,Q9BTN0,,,False,False,False,False,False,,False,False,,,False,False,True,False,False,,,"Forms heteromeric complexes with LRFN1, LRFN3, LRFN4 and LRFN5."
UNC5A receptor,Q6ZN44,P43146,,,False,False,False,False,False,,False,True,,,False,False,True,False,False,,,Interacts with the cytoplasmic part of DCC.
Glycoprotein Ib  complex,P07359,P13224,,,True,False,False,False,False,,False,True,,,False,False,True,False,False,,,Two GP-Ib beta are disulfide-linked to one GP-Ib alpha.
SLC16A8 complex,P35613,O95907,,,False,False,False,False,True,,False,False,,,False,False,True,True,False,,,"Plays an important role in targeting the monocarboxylate transporters SLC16A1, SLC16A3 and SLC16A8 to the plasma membrane."
IL3 receptor,P32927,P26951,,,False,False,False,False,False,,False,True,Cytokine receptor IL3 family,,False,False,True,False,False,,,Heterodimer of an alpha and a beta subunit.
CD79 receptor,P11912,P40259,,,False,False,False,False,False,,False,True,,,False,False,True,False,False,,,Heterodimer of alpha and beta chains; disulfide-linked.
ACVR_1C2B receptor,Q8NER5,Q13705,,,False,False,False,False,False,,False,True,,,False,False,True,False,False,,,
FCyR3A II,P08637,P20963,,,False,False,False,False,False,,False,True,Human IgG receptor,,False,False,True,False,False,,,Exists as a heterooligomeric receptor complex with Fc epsilon receptor I gamma subunit and / or the CD3 zeta subunit.
a7b1 complex,P05556,Q13683,,,True,False,False,True,False,,False,False,,,False,False,True,False,False,,,Well known integrin combination
ACVR_1A2B receptor,Q04771,Q13705,,,False,False,False,False,False,,False,True,TGFBeta_receptor_add,,False,False,True,False,False,,,Transmembrane serine/threonine kinase activin type-1 receptor forming an activin receptor complex with activin receptor type-2 (ACVR2A or ACVR2B).
a6b1 complex,P05556,P23229,,,True,False,False,True,False,,False,False,,,False,False,True,False,False,,,Well known integrin combination
PODXL complex,O00592,O14745,,,True,False,False,False,True,Migration,False,False,,,False,False,True,False,False,,,Interacts (via the PDZ 1 domain) with PODXL (via the C-terminal PDZ-binding motif DTHL); the interaction take place early in the secretory pathway and is necessary for its apical membrane sorting (By similarity).
GMCSFR,P32927,P15509,,,False,False,False,False,False,,False,True,Cytokine receptor IL3 family,,False,False,True,False,binding,4nkq,CSF2;CSF2RA;CSF2RB,Heterodimer of an alpha and a beta subunit.
CNTN6PTPRA complex,Q9UQ52,P18433,,,True,False,False,False,False,,False,False,,,False,False,True,False,False,,,NB-3 (contactin 6) also interacts with PTPa to regulate apical dendrite orientation in the visual cortex
IL15 receptor,P14784,P31785,,,False,False,False,False,False,,False,True,Cytokine receptor IL2 family,,False,False,True,False,True,4gs7,IL15;IL15RA;IL2RB;IL2RG,"The interleukin-15 receptor IL15R is a heterotrimer of IL15RA, IL2RB and IL2RG."
Activin ligand ab,P08476,P09529,,,False,False,True,False,False,,False,False,,TGFb,True,True,False,False,False,,,
ACVR1_BMPR2,Q04771,Q13873,,,False,False,False,False,False,,False,True,,,False,False,True,False,False,,,
ACVL1_BMPR2,P37023,Q13873,,,False,False,False,False,False,,False,True,,,False,False,True,False,False,,,
BMR1A_ACR2A,P36894,P27037,,,False,False,False,False,False,,False,True,,,False,False,True,False,False,,,
BMR1A_AVR2B,P36894,Q13705,,,False,False,False,False,False,,False,True,,,False,False,True,False,False,,,
BMR1B_AVR2A,O00238,P27037,,,False,False,False,False,False,,False,True,,,False,False,True,False,False,,,
BMR1B_AVR2B,O00238,Q13705,,,False,False,False,False,False,,False,True,,,False,False,True,False,False,,,
TGFR_BMPR2,P36897,Q13873,,,False,False,False,False,False,,False,True,,,False,False,True,False,False,,,
TGFR_AVR2A,P36897,P27037,,,False,False,False,False,False,,False,True,,,False,False,True,False,False,,,
TGFR_AVR2B,P36897,Q13705,,,False,False,False,False,False,,False,True,,,False,False,True,False,False,,,
MIS receptor 1,Q16671,P36894,,,False,False,False,False,False,,False,True,,,False,False,True,False,False,,,
MIS receptor 2,Q16671,O00238,,,False,False,False,False,False,,False,True,,,False,False,True,False,False,,,
MIS receptor 3,Q16671,Q04771,,,False,False,False,False,False,,False,True,,,False,False,True,False,False,,,
NODAL receptor,P36896,Q13705,P13385,,False,False,False,False,False,,False,True,,,False,False,True,False,False,,,
RET receptor 1,P07949,P56159,,,False,False,False,False,False,,False,True,,,False,False,True,False,False,,,
RET receptor 2,P07949,O00451,,,False,False,False,False,False,,False,True,,,False,False,True,False,False,,,
RET receptor 3,P07949,O60609,,,False,False,False,False,False,,False,True,,,False,False,True,False,False,,,
RET receptor 4,P07949,Q9GZZ7,,,False,False,False,False,False,,False,True,,,False,False,True,False,False,,,