partner_a,partner_b,protein_name_a,protein_name_b,annotation_strategy,source
A4D1S0,O96014,,,InnateDB-All,
A4D1S0,P41273,,,InnateDB-All,
A4D1S0,Q9H1J7,,,InnateDB-All,
A6NMZ7,a10b1 complex,,CO6A6_HUMAN,curated,uniprot
A6NMZ7,a11b1 complex,,CO6A6_HUMAN,curated,uniprot
A6NMZ7,a1b1 complex,,CO6A6_HUMAN,curated,uniprot
A6NMZ7,a2b1 complex,,CO6A6_HUMAN,curated,uniprot
A8TX70,a10b1 complex,,CO6A5_HUMAN,curated,uniprot
A8TX70,a11b1 complex,,CO6A5_HUMAN,curated,uniprot
A8TX70,a1b1 complex,,CO6A5_HUMAN,curated,uniprot
A8TX70,a2b1 complex,,CO6A5_HUMAN,curated,uniprot
ACVL1_BMPR2,O95393,BMP10_HUMAN,,curated,PMID: 22710174
ACVL1_BMPR2,Q9UK05,GDF2_HUMAN,,curated,PMID: 22710174
ACVR1_BMPR2,P18075,BMP7_HUMAN,,curated,PMID: 22710174
ACVR1_BMPR2,P22003,BMP5_HUMAN,,curated,PMID: 22710174
ACVR1_BMPR2,P22004,BMP6_HUMAN,,curated,PMID: 22710174
ACVR1_BMPR2,Q7Z5Y6,BMP8A_HUMAN,,curated,PMID: 22710174
ACVR_1A2A receptor,Activin ligand ab,,,curated,less common binding; PMID: 22710174; PMID: 22991378  & rndsystem webpage
ACVR_1A2A receptor,P08476,,INHBA_HUMAN,curated,less common binding; PMID: 22710174; PMID: 22991378  & rndsystem webpage
ACVR_1A2A receptor,P09529,,INHBB_HUMAN,curated,less common binding; PMID: 22710174; PMID: 22991378  & rndsystem webpage
ACVR_1A2A receptor,P18075,BMP7_HUMAN,,curated,PMID: 22710174
ACVR_1A2A receptor,P22003,BMP5_HUMAN,,curated,PMID: 22710174
ACVR_1A2A receptor,P22004,BMP6_HUMAN,,curated,PMID: 22710174
ACVR_1A2A receptor,Q7Z5Y6,BMP8A_HUMAN,,curated,PMID: 22710174
ACVR_1A2B receptor,Activin ligand ab,,,curated,less common binding; PMID: 22710174; PMID: 22991378  & rndsystem webpage
ACVR_1A2B receptor,P08476,,INHBA_HUMAN,curated,less common binding; PMID: 22710174; PMID: 22991378  & rndsystem webpage
ACVR_1A2B receptor,P09529,,INHBB_HUMAN,curated,less common binding; PMID: 22710174; PMID: 22991378  & rndsystem webpage
ACVR_1A2B receptor,P18075,BMP7_HUMAN,,curated,PMID: 22710174
ACVR_1A2B receptor,P22003,BMP5_HUMAN,,curated,PMID: 22710174
ACVR_1A2B receptor,P22004,BMP6_HUMAN,,curated,PMID: 22710174
ACVR_1A2B receptor,Q7Z5Y6,BMP8A_HUMAN,,curated,PMID: 22710174
ACVR_1B2A receptor,Activin ligand ab,,,curated,PMID: 22710174 & rndsystem webpage; PMID: 22991378
ACVR_1B2A receptor,O14793,GDF8_HUMAN,,curated,PMID: 22710174
ACVR_1B2A receptor,O95390,GDF11_HUMAN,,curated,PMID: 22710174
ACVR_1B2A receptor,P08476,,INHBA_HUMAN,curated,PMID: 22710174 & rndsystem webpage; PMID: 22991378
ACVR_1B2A receptor,P09529,,INHBB_HUMAN,curated,PMID: 22710174 & rndsystem webpage; PMID: 22991378
ACVR_1B2A receptor,P12645,BMP3_HUMAN,,curated,PMID: 22710174
ACVR_1B2B receptor,Activin ligand ab,,,curated,PMID: 22710174 & rndsystem webpage; PMID: 22991378
ACVR_1B2B receptor,O14793,GDF8_HUMAN,,curated,PMID: 22710174
ACVR_1B2B receptor,O95390,GDF11_HUMAN,,curated,PMID: 22710174
ACVR_1B2B receptor,P08476,,INHBA_HUMAN,curated,PMID: 22710174 & rndsystem webpage; PMID: 22991378
ACVR_1B2B receptor,P09529,,INHBB_HUMAN,curated,PMID: 22710174 & rndsystem webpage; PMID: 22991378
ACVR_1B2B receptor,P27539,GDF1_HUMAN,,curated,PMID: 22710174
ACVR_1B2B receptor,P55107,GDF10_HUMAN,,curated,PMID: 22710174
ACVR_1B2B receptor,Q9NR23,GDF3_HUMAN,,curated,PMID: 22710174
ACVR_1C2A receptor,Activin ligand ab,,,curated,PMID: 22710174 & rndsystem webpage; PMID: 22991378
ACVR_1C2A receptor,P08476,,INHBA_HUMAN,curated,PMID: 22710174 & rndsystem webpage; PMID: 22991378
ACVR_1C2A receptor,P09529,,INHBB_HUMAN,curated,PMID: 22710174 & rndsystem webpage; PMID: 22991378
ACVR_1C2B receptor,Activin ligand ab,,,curated,PMID: 22710174 & rndsystem webpage; PMID: 22991378
ACVR_1C2B receptor,P08476,,INHBA_HUMAN,curated,PMID: 22710174 & rndsystem webpage; PMID: 22991378
ACVR_1C2B receptor,P09529,,INHBB_HUMAN,curated,PMID: 22710174 & rndsystem webpage; PMID: 22991378
BMPR1A_BMPR2,P12643,BMP2_HUMAN,,curated,PMID: 22710174
BMPR1A_BMPR2,P12644,BMP4_HUMAN,,curated,PMID: 22710174
BMPR1A_BMPR2,P18075,BMP7_HUMAN,,curated,PMID: 22710174
BMPR1A_BMPR2,P22003,BMP5_HUMAN,,curated,PMID: 22710174
BMPR1A_BMPR2,P22004,BMP6_HUMAN,,curated,PMID: 22710174
BMPR1A_BMPR2,P43026,GDF5_HUMAN,,curated,PMID: 22710174
BMPR1A_BMPR2,Q6KF10,GDF6_HUMAN,,curated,PMID: 22710174
BMPR1A_BMPR2,Q7Z4P5,GDF7_HUMAN,,curated,PMID: 22710174
BMPR1A_BMPR2,Q7Z5Y6,BMP8A_HUMAN,,curated,PMID: 22710174
BMPR1B_BMPR2,O95972,BMP15_HUMAN,,curated,PMID: 22710174
BMPR1B_BMPR2,P12643,BMP2_HUMAN,,curated,PMID: 22710174
BMPR1B_BMPR2,P12644,BMP4_HUMAN,,curated,PMID: 22710174
BMPR1B_BMPR2,P18075,BMP7_HUMAN,,curated,PMID: 22710174
BMPR1B_BMPR2,P22003,BMP5_HUMAN,,curated,PMID: 22710174
BMPR1B_BMPR2,P22004,BMP6_HUMAN,,curated,PMID: 22710174
BMPR1B_BMPR2,P36894,,BMR1A_HUMAN,curated,"3evs,  PDB complex higher affinity"
BMPR1B_BMPR2,P43026,GDF5_HUMAN,,curated,PMID: 22710174
BMPR1B_BMPR2,Q6KF10,GDF6_HUMAN,,curated,PMID: 22710174
BMPR1B_BMPR2,Q7Z4P5,GDF7_HUMAN,,curated,PMID: 22710174
BMPR1B_BMPR2,Q7Z5Y6,BMP8A_HUMAN,,curated,PMID: 22710174
BMR1A_ACR2A,P12643,BMP2_HUMAN,,curated,PMID: 22710174
BMR1A_ACR2A,P12644,BMP4_HUMAN,,curated,PMID: 22710174
BMR1A_ACR2A,P18075,BMP7_HUMAN,,curated,PMID: 22710174
BMR1A_ACR2A,P22003,BMP5_HUMAN,,curated,PMID: 22710174
BMR1A_ACR2A,P22004,BMP6_HUMAN,,curated,PMID: 22710174
BMR1A_ACR2A,P43026,GDF5_HUMAN,,curated,PMID: 22710174
BMR1A_ACR2A,Q6KF10,GDF6_HUMAN,,curated,PMID: 22710174
BMR1A_ACR2A,Q7Z4P5,GDF7_HUMAN,,curated,PMID: 22710174
BMR1A_ACR2A,Q7Z5Y6,BMP8A_HUMAN,,curated,PMID: 22710174
BMR1A_AVR2B,P12643,BMP2_HUMAN,,curated,PMID: 22710174
BMR1A_AVR2B,P12644,BMP4_HUMAN,,curated,PMID: 22710174
BMR1A_AVR2B,P18075,BMP7_HUMAN,,curated,PMID: 22710174
BMR1A_AVR2B,P22003,BMP5_HUMAN,,curated,PMID: 22710174
BMR1A_AVR2B,P22004,BMP6_HUMAN,,curated,PMID: 22710174
BMR1A_AVR2B,P43026,GDF5_HUMAN,,curated,PMID: 22710174
BMR1A_AVR2B,Q6KF10,GDF6_HUMAN,,curated,PMID: 22710174
BMR1A_AVR2B,Q7Z4P5,GDF7_HUMAN,,curated,PMID: 22710174
BMR1A_AVR2B,Q7Z5Y6,BMP8A_HUMAN,,curated,PMID: 22710174
BMR1B_AVR2A,P12643,BMP2_HUMAN,,curated,PMID: 22710174
BMR1B_AVR2A,P12644,BMP4_HUMAN,,curated,PMID: 22710174
BMR1B_AVR2A,P18075,BMP7_HUMAN,,curated,PMID: 22710174
BMR1B_AVR2A,P22003,BMP5_HUMAN,,curated,PMID: 22710174
BMR1B_AVR2A,P22004,BMP6_HUMAN,,curated,PMID: 22710174
BMR1B_AVR2A,P43026,GDF5_HUMAN,,curated,PMID: 22710174
BMR1B_AVR2A,Q6KF10,GDF6_HUMAN,,curated,PMID: 22710174
BMR1B_AVR2A,Q7Z4P5,GDF7_HUMAN,,curated,PMID: 22710174
BMR1B_AVR2A,Q7Z5Y6,BMP8A_HUMAN,,curated,PMID: 22710174
BMR1B_AVR2B,P12643,BMP2_HUMAN,,curated,PMID: 22710174
BMR1B_AVR2B,P12644,BMP4_HUMAN,,curated,PMID: 22710174
BMR1B_AVR2B,P18075,BMP7_HUMAN,,curated,PMID: 22710174
BMR1B_AVR2B,P22003,BMP5_HUMAN,,curated,PMID: 22710174
BMR1B_AVR2B,P22004,BMP6_HUMAN,,curated,PMID: 22710174
BMR1B_AVR2B,P43026,GDF5_HUMAN,,curated,PMID: 22710174
BMR1B_AVR2B,Q6KF10,GDF6_HUMAN,,curated,PMID: 22710174
BMR1B_AVR2B,Q7Z4P5,GDF7_HUMAN,,curated,PMID: 22710174
BMR1B_AVR2B,Q7Z5Y6,BMP8A_HUMAN,,curated,PMID: 22710174
CD8 receptor,P06239,,LCK_HUMAN,curated,"1q69, PDB partially"
CD94:NKG2A,P13747,,HLAE_HUMAN,curated,PMID: 28484462
CD94:NKG2C,P13747,,HLAE_HUMAN,curated,PMID: 28484462
CD94:NKG2E,P13747,,HLAE_HUMAN,curated,PMID: 28484462
CNTF-1R,P26441,,CNTF_HUMAN,curated,uniprot
CNTF-1R,Q9UBD9,,CLCF1_HUMAN,curated,uniprot
D3W0D1,Q6UVW9,CLC2A_HUMAN,KLRF2_HUMAN,curated,Induces NK Cell Activation. Reviewed in PMID: 24223577
FLT1 complex,P15692,,VEGFA_HUMAN,curated,uniprot
FLT1 complex,P49763,,PLGF_HUMAN,curated,uniprot
FLT1 complex,P49765,,VEGFB_HUMAN,curated,uniprot
FcRn complex,P02768,,ALBU_HUMAN,curated,"4n0u, PDB & 4k71, PDB"
GMCSFR,P04141,,CSF2_HUMAN,curated,"4nkq, PDB"
Glycoprotein Ib  complex,P00734,,THRB_HUMAN,curated,"1hyr, PDB partially"
Glycoprotein Ib  complex,P04275,,VWF_HUMAN,curated,"1m10, PDB partially . Platets needed for its activation."
HLAA,P43629,KI3L1_HUMAN,HLAA,curated,uniprot
HLAB,P43630,KI3L2_HUMAN,HLAB,curated,uniprot
HLAC,P01222,,,InnateDB-All,
HLAC,P43626,KI2L1_HUMAN,HLAC,curated,PMID: 28484462
HLAC,P43628,HLAC,KI2L3_HUMAN,curated,PMID: 28484462
HLAC,Q92520,,,InnateDB-All,
HLADPA1,P22466,,,InnateDB-All,
HLADPA1,P41273,,,InnateDB-All,
HLADPB1,Q02297,,,InnateDB-All,
HLADPB1,Q9Y275,,,InnateDB-All,
HLADQB2,P01236,,,InnateDB-All,
HLADRB1,P20774,,,InnateDB-All,
IL1 receptor,P01583,,IL1A_HUMAN,curated,uniprot
IL1 receptor,P01584,,IL1B_HUMAN,curated,"4dep, PDB"
IL1 receptor,P18510,,IL1RA_HUMAN,curated,"1ira, PDB partially"
IL1 receptor inhibitor,P01583,,IL1A_HUMAN,curated,"low affinity, uniprot"
IL1 receptor inhibitor,P01584,,IL1B_HUMAN,curated,"3o4o, PDB"
IL1 receptor inhibitor,P18510,,IL1RA_HUMAN,curated,low affinity
IL10 receptor,P22301,,IL10_HUMAN,curated,"1j7v, PDB partially"
IL11 receptor,P20809,,IL11_HUMAN,curated,uniprot
IL12,IL12 receptor,,,curated,uniprot
IL13 receptor,P05112,,IL4_HUMAN,curated,"3bpn, PDB"
IL13 receptor,P35225,,IL13_HUMAN,curated,"3bpo, PDB"
IL15 receptor,P40933,,IL15_HUMAN,curated,"Need expression of IL15RA (Q13261) in other cells. 2z3q, PDB partially"
IL17 AF,IL17 receptor AC,,,curated,uniprot
IL17 receptor AB,Q9H293,,IL25_HUMAN,curated,NA IL17E called IL25
IL17 receptor AC,Q16552,,IL17_HUMAN,curated,uniprot
IL17 receptor AC,Q96PD4,,IL17F_HUMAN,curated,uniprot
IL17 receptor AE,Q9P0M4,,IL17C_HUMAN,curated,uniprot
IL18 receptor,Q14116,,IL18_HUMAN,curated,"3wo3, PDB partially"
IL2 receptor_HA,P60568,,IL2_HUMAN,curated,"2b5i, PDB"
IL2 receptor_I,P60568,,IL2_HUMAN,curated,"3qaz, PDB"
IL20 receptor Type I,Q13007,,IL24_HUMAN,curated,uniprot
IL20 receptor Type I,Q9NYY1,,IL20_HUMAN,curated,uniprot
IL20 receptor Type I,Q9UHD0,,IL19_HUMAN,curated,uniprot
IL20 receptor Type II,Q13007,,IL24_HUMAN,curated,uniprot
IL20 receptor Type II,Q9NYY1,,IL20_HUMAN,curated,uniprot
IL21 receptor,Q9HBE4,,IL21_HUMAN,curated,"3tgx, PDB partially, uniprot"
IL22 receptor,Q9GZX6,,IL22_HUMAN,curated,"3dgc, PDB"
IL23,IL23 receptor,,,curated,uniprot
IL26 receptor,Q9NPH9,,IL26_HUMAN,curated,"Rutz et al., Nat Rev. 2014"
IL27,IL27 receptor,,,curated,uniprot
IL28 receptor,Q8IZI9,,IFNL3_HUMAN,curated,"5t5w, PDB"
IL3 receptor,P08700,,IL3_HUMAN,curated,uniprot
IL33 receptor,O95760,,IL33_HUMAN,curated,uniprot
IL35,IL35 receptor,,,curated,uniprot
IL36 receptor,Q8WWZ1,,IL1FA_HUMAN,curated,to check
IL36 receptor,Q9NZH7,,IL36B_HUMAN,curated,uniprot
IL36 receptor,Q9NZH8,,IL36G_HUMAN,curated,uniprot
IL36 receptor,Q9UBH0,,I36RA_HUMAN,curated,uniprot
IL36 receptor,Q9UHA7,,IL36A_HUMAN,curated,uniprot
IL37 receptor,Q9NZH6,,IL37_HUMAN,curated,"See paper Nold-Petry et al., 2015"
IL4 receptor,P05112,,IL4_HUMAN,curated,"3qb7, PDB"
IL5 receptor,P05113,,IL5_HUMAN,curated,"3qt2, PDB partially"
IL6 receptor,P05231,,IL6_HUMAN,curated,"1p9m, PDB"
IL7 receptor,P13232,,IL7_HUMAN,curated,"3di2, PDB partially"
IL9 receptor,P15248,,IL9_HUMAN,curated,uniprot
LIFR,P13725,,ONCM_HUMAN,curated,uniprot
LIFR,P15018,,LIF_HUMAN,curated,"1pvh, PDB partially"
MIS receptor 1,P03971,MIS_HUMAN,,curated,PMID: 22710174
MIS receptor 2,P03971,MIS_HUMAN,,curated,PMID: 22710174
MIS receptor 3,P03971,MIS_HUMAN,,curated,PMID: 22710174
NKG2D II receptor,Q29980,,MICB_HUMAN,curated,Induces NK Cell Activation. Reviewed in PMID: 24223577
NKG2D II receptor,Q29983,,MICA_HUMAN,curated,"1hyr, PDB partially, Induces NK Cell Activation. Reviewed in PMID: 24223577"
NKG2D II receptor,Q5VY80,,RET1L_HUMAN,curated,"Induces NK Cell Activation. Reviewed in PMID: 24223577. 4s0u, PDB partially"
NKG2D II receptor,Q6H3X3,,RET1G_HUMAN,curated,Induces NK Cell Activation. Reviewed in PMID: 24223577
NKG2D II receptor,Q8TD07,,N2DL4_HUMAN,curated,Induces NK Cell Activation. Reviewed in PMID: 24223577
NKG2D II receptor,Q9BZM4,,N2DL3_HUMAN,curated,"Induces NK Cell Activation. Reviewed in PMID: 24223577. 1kcg, PDB partially"
NKG2D II receptor,Q9BZM5,,N2DL2_HUMAN,curated,Induces NK Cell Activation. Reviewed in PMID: 24223577
NKG2D II receptor,Q9BZM6,,N2DL1_HUMAN,curated,Induces NK Cell Activation. Reviewed in PMID: 24223577
NODAL receptor,Q96S42,NODAL_HUMAN,,curated,PMID: 22710174
O00144,O00755,,,I2D,
O00144,P04628,,,I2D,
O00144,P09544,WNT2_HUMAN,FZD9_HUMAN,curated,PMID: 24032637
O00155,Q9HD89,,,"IMEx,IntAct",
O00175,P41597,,,guidetopharmacology.org,
O00175,P51677,CCL24_HUMAN,CCR3_HUMAN,curated,PMID: 24218476
O00182,P08581,,,InnateDB-All,
O00182,P16070,,,InnateDB,
O00182,Q07954,,,InnateDB-All,
O00182,Q08722,,,InnateDB-All,
O00182,Q14118,,,InnateDB-All,
O00182,Q15262,,,InnateDB-All,
O00182,Q15758,,,"I2D,InnateDB-All",
O00182,Q5KU26,,,InnateDB-All,
O00182,Q8TDQ0,LEG9_HUMAN,HAVR2_HUMAN,curated,Reviewed in PMID: 27192565
O00182,Q92673,,,InnateDB-All,
O00182,Q9UBG0,,,InnateDB-All,
O00220,P22455,,,InnateDB-All,
O00220,P50591,TNF10_HUMAN,TR10A_HUMAN,curated,uniprot
O00230,P30872,,,guidetopharmacology.org,
O00230,P31391,,,guidetopharmacology.org,
O00230,Q92847,,,I2D,
O00230,Q96LB1,,,I2D,
O00253,P32245,,,guidetopharmacology.org,
O00253,P33032,,,guidetopharmacology.org,
O00253,P41968,,,guidetopharmacology.org,
O00292,P13385,LFTY2_HUMAN,TDGF1_HUMAN,curated,PMID: 22710174
O00300,O14788,TNF11_HUMAN,TR11B_HUMAN,curated,uniprot
O00300,P50591,TNF10_HUMAN,TR11B_HUMAN,curated,uniprot
O00421,Q99731,,,guidetopharmacology.org,
O00548,P46531,DLL1_HUMAN,NOTC1_HUMAN,curated,PMID: 22353464
O00548,Q04721,NOTC2_HUMAN,DLL1_HUMAN,curated,PMID: 22353464
O00548,Q99466,DLL1_HUMAN,NOTC4_HUMAN,curated,PMID: 22353464
O00548,Q9UM47,DLL1_HUMAN,NOTC3_HUMAN,curated,PMID: 22353464
O00574,Q9H2A7,,,guidetopharmacology.org,
O00585,P32248,CCL21_HUMAN,CCR7_HUMAN,curated,PMID: 24218476
O00585,Q9NPB9,CCL21_HUMAN,ACKR4_HUMAN,curated,PMID: 24218476
O00590,P10147,CCL3_HUMAN,ACKR2_HUMAN,curated,PMID: 24218476
O00590,P13236,CCL4_HUMAN,ACKR2_HUMAN,curated,PMID: 24218476
O00590,P13500,ACKR2_HUMAN,CCL2_HUMAN,curated,PMID: 24218476
O00590,P13501,CCL5_HUMAN,ACKR2_HUMAN,curated,PMID: 24218476
O00590,P16619,,,I2D,
O00590,P51671,ACKR2_HUMAN,CCL11_HUMAN,curated,PMID: 24218476
O00590,P80075,CCL8_HUMAN,ACKR2_HUMAN,curated,PMID: 24218476
O00590,P80098,CCL7_HUMAN,ACKR2_HUMAN,curated,PMID: 24218476
O00590,Q16627,CCL14_HUMAN,ACKR2_HUMAN,curated,PMID: 24218476
O00590,Q99616,CCL13_HUMAN,ACKR2_HUMAN,curated,PMID: 24218476
O00590,Q9NRJ3,,,I2D,
O00590,Q9Y4X3,,,I2D,
O00592,P14151,LYAM1_HUMAN,PODXL_HUMAN,curated,https://www.ncbi.nlm.nih.gov/pubmed/22814396
O00626,P27487,CCL22_HUMAN,DPP4_HUMAN,curated,PMID: 24218476
O00626,P51679,CCL22_HUMAN,CCR4_HUMAN,curated,PMID: 24218476
O00755,P01130,,,InnateDB-All,
O00755,Q13467,WNT7A_HUMAN,FZD5_HUMAN,curated,PMID: 24032637
O14511,P21860,NRG2_HUMAN,ERBB3_HUMAN,curated,uniprot
O14511,Q15303,NRG2_HUMAN,ERBB4_HUMAN,curated,uniprot
O14625,P25106,,,guidetopharmacology.org,
O14625,P27487,CXL11_HUMAN,DPP4_HUMAN,curated,PMID: 24218476
O14625,P49682,CXL11_HUMAN,CXCR3_HUMAN,curated,PMID: 24218476
O14763,P48023,,,"I2D,InnateDB-All",
O14763,P50591,TNF10_HUMAN,TR10B_HUMAN,curated,uniprot
O14786,P15692,NRP1_HUMAN,VEGFA_HUMAN,curated,uniprot
O14786,P49763,NRP1_HUMAN,PLGF_HUMAN,curated,uniprot
O14786,P49765,NRP1_HUMAN,VEGFB_HUMAN,curated,uniprot
O14786,Q14563,NRP1_HUMAN,SEM3A_HUMAN,curated,uniprot
O14788,Q9Y6Q6,TNF11_HUMAN,TNR11_HUMAN,curated,uniprot
O14793,TGFR_AVR2A,GDF8_HUMAN,,curated,PMID: 22710174
O14793,TGFR_AVR2B,GDF8_HUMAN,,curated,PMID: 22710174
O14798,P50591,TR10C_HUMAN,TNF10_HUMAN,curated,uniprot
O14836,O75888,TNF13_HUMAN,TR13B_HUMAN,curated,uniprot
O14836,P32970,,,InnateDB-All,
O14836,Q9Y275,TN13B_HUMAN,TR13B_HUMAN,curated,uniprot
O14931,P46379,NCTR3_HUMAN,BAG6_HUMAN,curated,activating interaction from uniprot
O14931,Q68D85,NCTR3_HUMAN,NR3L1_HUMAN,curated,activating interaction from uniprot
O14939,P84077,,,guidetopharmacology.org,
O14944,P00533,EREG_HUMAN,EGFR_HUMAN,curated,uniprot
O14944,Q15303,EREG_HUMAN,ERBB4_HUMAN,curated,uniprot
O15031,P21246,,,"I2D,IMEx,InnateDB-All,IntAct",
O15031,Q92854,SEM4D_HUMAN,PLXB2_HUMAN,curated,PMID: 22325954
O15031,Q9C0C4,SEM4C_HUMAN,PLXB2_HUMAN,curated,uniprot
O15031,Q9NTN9,SEM4G_HUMAN,PLXB2_HUMAN,curated,uniprot
O15041,Q9Y4D7,SEM3E_HUMAN,PLXD1_HUMAN,curated,PMID: 22325954
O15123,Q02763,ANGP2_HUMAN,TIE2_HUMAN,curated,uniprot
O15173,Q8NHW4,,,"IMEx,IntAct",
O15197,P52799,EFNB2_HUMAN,EPHB6_HUMAN,curated,PMID: 15114347
O15197,P98172,EFNB1_HUMAN,EPHB6_HUMAN,curated,PMID: 15114347
O15197,Q15768,EFNB3_HUMAN,EPHB6_HUMAN,curated,PMID: 15114347
O15240,P04629,,,InnateDB-All,
O15354,P07602,,,guidetopharmacology.org,
O15399,Q14005,,,I2D,
O15444,P51686,CCL25_HUMAN,CCR9_HUMAN,curated,PMID: 24218476
O15444,Q9NPB9,CCL25_HUMAN,ACKR4_HUMAN,curated,PMID: 24218476
O15467,P32246,CCR1_HUMAN,CCL16_HUMAN,curated,PMID: 24218476
O15467,P41597,CCL16_HUMAN,CCR2_HUMAN,curated,PMID: 24218476
O15467,P51685,,,I2D,
O15467,Q9H3N8,,,guidetopharmacology.org,
O15520,P11362,,,InnateDB-All,
O15520,P21802,,,"I2D,IMEx,InnateDB-All,IntAct",
O15529,Q15848,,,"IMEx,IntAct",
O15529,Q8NHW4,,,"IMEx,IntAct",
O15529,Q92520,,,"IMEx,IntAct",
O15552,O95393,,,"IMEx,IntAct",
O15552,P01375,,,"IMEx,IntAct",
O15552,Q8NHW4,,,"IMEx,IntAct",
O15552,Q92520,,,"IMEx,IntAct",
O43157,Q92854,SEM4D_HUMAN,PLXB1_HUMAN,curated,PMID: 22325954
O43193,P12872,,,I2D,
O43193,Q9UBU3,,,"I2D,InnateDB-All",
O43508,Q93038,,,I2D,
O43508,Q9NP84,TNF12_HUMAN,TNR12_HUMAN,curated,uniprot
O43555,P30968,,,guidetopharmacology.org,
O43557,O95407,TNF6B_HUMAN,TNF14_HUMAN,curated,uniprot
O43557,P36941,TNF14_HUMAN,TNR3_HUMAN,curated,uniprot
O43557,Q92956,TNF14_HUMAN,TNR14_HUMAN,curated,uniprot
O43603,P22466,,,guidetopharmacology.org,
O43603,Q9UBC7,,,guidetopharmacology.org,
O43612,O43613,,,guidetopharmacology.org,
O43612,O43614,,,guidetopharmacology.org,
O43915,P35916,VEGFD_HUMAN,VGFR3_HUMAN,curated,uniprot
O43915,P35968,VGFR2_HUMAN,VEGFD_HUMAN,curated,uniprot
O43921,P21709,EFNA2_HUMAN,EPHA1_HUMAN,curated,PMID: 15114347
O43921,P29317,EFNA2_HUMAN,EPHA2_HUMAN,curated,PMID: 15114347
O43921,P29320,EFNA2_HUMAN,EPHA3_HUMAN,curated,PMID: 15114347
O43921,P29322,EFNA2_HUMAN,EPHA8_HUMAN,curated,PMID: 15114347
O43921,P54756,EFNA2_HUMAN,EPHA5_HUMAN,curated,PMID: 15114347
O43921,P54764,EPHA4_HUMAN,EFNA2_HUMAN,curated,PMID: 15114347
O43921,Q15375,EPHA7_HUMAN,EFNA2_HUMAN,curated,PMID: 15114347
O43927,P32302,CXL13_HUMAN,CXCR5_HUMAN,curated,PMID: 24218476
O43927,Q9NPB9,CXL13_HUMAN,ACKR4_HUMAN,curated,PMID: 24218476
O60258,P11362,,,"I2D,InnateDB-All",
O60258,P21802,,,"I2D,InnateDB-All",
O60258,P22455,,,I2D,
O60258,P22607,,,I2D,
O60353,P41221,WNT5A_HUMAN,FZD6_HUMAN,curated,PMID: 24032637
O60353,P56705,WNT4_HUMAN,FZD6_HUMAN,curated,PMID: 24032637
O60383,TGFR_BMPR2,GDF9_HUMAN,,curated,PMID: 22710174
O60462,P15692,NRP2_HUMAN,VEGFA_HUMAN,curated,uniprot
O60462,P49763,NRP2_HUMAN,PLGF_HUMAN,curated,uniprot
O60462,Q13275,NRP2_HUMAN,SEM3F_HUMAN,curated,uniprot
O60462,Q99985,NRP2_HUMAN,SEM3C_HUMAN,curated,uniprot
O60486,O75326,PLXC1_HUMAN,SEM7A_HUMAN,curated,PMID: 22325954
O60542,RET receptor 4,PSPN_HUMAN,,curated,uniprot
O60755,P22466,,,guidetopharmacology.org,
O60755,Q9UBC7,,,guidetopharmacology.org,
O60883,P07602,,,guidetopharmacology.org,
O75084,P56703,WNT3_HUMAN,FZD7_HUMAN,curated,PMID: 24032637
O75144,Q9Y6W8,ICOS_HUMAN,ICOSL_HUMAN,curated,important for T follicular helper cells (Tfh) and type 2 T helper cell (Th2) responses. Reviewed in PMID: 23954143
O75197,P58499,,,InnateDB-All,
O75326,a1b1 complex,SEM7A_HUMAN,,curated,PMID: 22325954
O75473,Q2I0M5,,,guidetopharmacology.org,
O75473,Q2MKA7,,,guidetopharmacology.org,
O75473,Q6UXX9,,,guidetopharmacology.org,
O75473,Q9BXY4,,,guidetopharmacology.org,
O75581,Q9UBR5,,,"IMEx,IntAct",
O75610,P13385,LFTY1_HUMAN,TDGF1_HUMAN,curated,PMID: 22710174
O75888,P19438,,,"I2D,InnateDB-All",
O75888,P25445,,,"I2D,InnateDB-All",
O75888,Q02223,TNF13_HUMAN,TNR17_HUMAN,curated,uniprot
O75888,Q92956,,,"I2D,InnateDB-All",
O76093,P11362,,,I2D,
O76093,P21802,,,I2D,
O76093,P22455,,,I2D,
O76093,P22607,,,I2D,
O94910,Q02297,,,InnateDB-All,
O95150,O95407,TNF6B_HUMAN,TNF15_HUMAN,curated,uniprot
O95150,Q93038,,,guidetopharmacology.org,
O95389,Q92673,,,InnateDB-All,
O95390,Q9H6X2,,,InnateDB-All,
O95390,TGFR_AVR2A,GDF11_HUMAN,,curated,PMID: 22710174
O95390,TGFR_AVR2B,GDF11_HUMAN,,curated,PMID: 22710174
O95393,P43628,,,"IMEx,IntAct",
O95393,P43629,,,"IMEx,IntAct",
O95393,Q14943,,,"IMEx,IntAct",
O95393,Q8TDT2,,,"IMEx,IntAct",
O95393,Q9H7M9,,,"IMEx,IntAct",
O95399,Q9UKP6,,,guidetopharmacology.org,
O95407,P48023,TNF6B_HUMAN,TNFL6_HUMAN,curated,uniprot
O95727,Q9BY67,CADM1_HUMAN,CRTAM_HUMAN,curated,uniprot
O95750,P11362,,,"IMEx,InnateDB-All",
O95750,P22455,,,"I2D,IMEx,InnateDB-All",
O95800,P13501,,,guidetopharmacology.org,
O95813,Q9UBG0,,,InnateDB-All,
O95838,P01275,,,guidetopharmacology.org,
O95971,Q92956,BY55_HUMAN,TNR14_HUMAN,curated,https://www.ncbi.nlm.nih.gov/pubmed/21959263
OSMR,P13725,,ONCM_HUMAN,curated,uniprot
P00533,P01133,EGF_HUMAN,EGFR_HUMAN,curated,uniprot
P00533,P01135,TGFA_HUMAN,EGFR_HUMAN,curated,uniprot
P00533,P01137,,,"IMEx,InnateDB-All,MINT",
P00533,P14174,,,"IMEx,InnateDB-All",
P00533,P15514,AREG_HUMAN,EGFR_HUMAN,curated,uniprot
P00533,P26441,,,InnateDB-All,
P00533,P28799,,,InnateDB-All,
P00533,P35070,BTC_HUMAN,EGFR_HUMAN,curated,uniprot
P00533,P53621,,,InnateDB-All,
P00533,Q02297,,,"I2D,IMEx,InnateDB-All,IntAct",
P00533,Q6UW88,EPGN_HUMAN,EGFR_HUMAN,curated,uniprot
P00533,Q99075,HBEGF_HUMAN,EGFR_HUMAN,curated,uniprot
P00734,a2Bb3 complex,,THRB_HUMAN,curated,uniprot
P00734,aVb3 complex,,THRB_HUMAN,curated,uniprot
P00742,aMb2 complex,,FA10_HUMAN,curated,uniprot
P00747,a2Bb3 complex,,PLMN_HUMAN,curated,uniprot
P01019,P30556,,,guidetopharmacology.org,
P01019,P50052,,,guidetopharmacology.org,
P01024,Q16581,,,guidetopharmacology.org,
P01024,aMb2 complex,,CO3_HUMAN,curated,uniprot
P01031,P21730,,,guidetopharmacology.org,
P01031,Q9P296,,,guidetopharmacology.org,
P01033,P21802,,,InnateDB-All,
P01042,P46663,,,guidetopharmacology.org,
P01127,P09619,PDGFB_HUMAN,PGFRB_HUMAN,curated,uniprot
P01127,P16234,PDGFB_HUMAN,PGFRA_HUMAN,curated,uniprot
P01127,PDGFR complex,,PDGFB_HUMAN,curated,uniprot
P01127,Q07954,,,"I2D,InnateDB-All",
P01127,Q8WXG9,,,InnateDB-All,
P01133,Q02297,,,I2D,
P01137,Q03167,TGBR3_HUMAN,TGFB1_HUMAN,curated,uniprot
P01137,TGFbeta receptor1,,TGFB1_HUMAN,curated,uniprot
P01137,TGFbeta receptor2,,TGFB1_HUMAN,curated,uniprot
P01137,aVb6 complex,,TGFB1_HUMAN,curated,"5ffo, PDB"
P01138,P04629,NGF_HUMAN,NTRK1_HUMAN,curated,uniprot
P01138,P08138,NGF_HUMAN,TNR16_HUMAN,curated,uniprot
P01148,P30968,,,I2D,
P01160,P16066,,,guidetopharmacology.org,
P01160,P17342,,,"I2D,InnateDB-All",
P01160,P20594,,,"I2D,InnateDB-All",
P01178,P30559,,,I2D,
P01185,P30518,,,"I2D,InnateDB-All",
P01185,P30559,,,I2D,
P01185,P37288,,,"I2D,IMEx,IntAct",
P01185,P47901,,,I2D,
P01189,P32245,,,guidetopharmacology.org,
P01189,P33032,,,guidetopharmacology.org,
P01189,P41968,,,guidetopharmacology.org,
P01189,Q01718,,,I2D,
P01189,Q01726,,,guidetopharmacology.org,
P01210,Q96LB2,,,guidetopharmacology.org,
P01215,P22888,,,"I2D,InnateDB-All",
P01215,P23945,,,"I2D,InnateDB-All",
P01222,P16473,,,I2D,
P01225,P23945,,,"I2D,IMEx,InnateDB-All,IntAct",
P01229,P22888,,,I2D,
P01236,P16471,,,"I2D,IMEx,InnateDB,IntAct",
P01241,P10912,,,guidetopharmacology.org,
P01241,P16471,,,"I2D,InnateDB-All,IntAct",
P01242,P10912,,,guidetopharmacology.org,
P01258,P30988,,,guidetopharmacology.org,
P01266,P07306,,,I2D,
P01270,P49190,,,"I2D,InnateDB-All",
P01270,Q03431,,,"I2D,IMEx,InnateDB-All,IntAct",
P01275,P14735,,,IMEx,
P01275,P27487,,,"InnateDB-All,MINT",
P01275,P47871,,,I2D,
P01282,P27487,,,"InnateDB-All,MINT",
P01282,P32241,,,guidetopharmacology.org,
P01282,P37288,,,"IMEx,IntAct",
P01282,P41587,,,I2D,
P01286,P32241,,,guidetopharmacology.org,
P01286,Q02643,,,guidetopharmacology.org,
P01298,P50391,,,guidetopharmacology.org,
P01298,Q15761,,,guidetopharmacology.org,
P01308,P06213,INSR_HUMAN,INS_HUMAN,curated,uniprot
P01308,P14735,,,"I2D,IMEx",
P01308,Q8N423,,,"IMEx,IntAct",
P01308,Q8NHL6,,,"IMEx,IntAct",
P01344,P08069,IGF1R_HUMAN,IGF2_HUMAN,curated,PMID: 27102148
P01344,P11717,IGF2_HUMAN,MPRI_HUMAN,curated,uniprot
P01344,P14735,,,"I2D,InnateDB-All",
P01344,Q8TDT2,,,"IMEx,IntAct",
P01350,P32239,,,guidetopharmacology.org,
P01350,P43628,,,"IMEx,IntAct",
P01350,Q8TDT2,,,"IMEx,IntAct",
P01374,P19438,TNFB_HUMAN,TNR1A_HUMAN,curated,uniprot
P01374,P20333,TNFB_HUMAN,TNR1B_HUMAN,curated,uniprot
P01374,P36941,,,I2D,
P01374,Q13546,,,"IMEx,InnateDB-All,MINT",
P01374,Q92956,TNFB_HUMAN,TNR14_HUMAN,curated,uniprot
P01375,P19438,TNFA_HUMAN,TNR1A_HUMAN,curated,uniprot
P01375,P20333,TNFA_HUMAN,TNR1B_HUMAN,curated,uniprot
P01375,P25445,,,InnateDB-All,
P01375,P35916,,,InnateDB-All,
P01375,P46531,,,I2D,
P01375,Q13332,,,InnateDB-All,
P01375,Q13546,,,"I2D,IMEx,InnateDB,InnateDB-All,IntAct,MINT",
P01375,Q14118,,,InnateDB-All,
P01375,Q9C0C4,,,InnateDB-All,
P01375,Q9H7M9,,,"IMEx,IntAct",
P01375,Q9HCU4,,,InnateDB-All,
P01375,Q9Y6W8,,,InnateDB-All,
P01562,P20023,,,"I2D,InnateDB,InnateDB-All",
P01562,Type I IFNR,IFNA1_HUMAN,,curated,PMID: 9208871
P01563,Type I IFNR,,IFNA2_HUMAN,curated,"3se3, PDB"
P01566,Type I IFNR,IFN10_HUMAN,,curated,uniprot
P01567,Type I IFNR,IFNA7_HUMAN,,curated,uniprot
P01568,Type I IFNR,IFN21_HUMAN,,curated,uniprot
P01569,Type I IFNR,IFNA5_HUMAN,,curated,uniprot
P01570,Type I IFNR,IFN14_HUMAN,,curated,uniprot
P01571,Type I IFNR,IFN17_HUMAN,,curated,uniprot
P01574,Type I IFNR,IFNB_HUMAN,,curated,PMID: 9208871
P01579,Type II IFNR,IFNG_HUMAN,,curated,PMID: 9208871
P01584,P07550,,,I2D,
P01588,P19235,EPO_HUMAN,EPOR_HUMAN,curated,uniprot
P01588,P52799,,,"IMEx,IntAct",
P01588,P54760,,,"IMEx,InnateDB-All,IntAct",
P01732,P06731,CEAM5_HUMAN,CD8A_HUMAN,curated,https://www.ncbi.nlm.nih.gov/pubmed/24104458
P02452,a10b1 complex,,CO1A1_HUMAN,curated,uniprot
P02452,a11b1 complex,,CO1A1_HUMAN,curated,uniprot
P02452,a1b1 complex,,CO1A1_HUMAN,curated,uniprot
P02452,a2b1 complex,,CO1A1_HUMAN,curated,uniprot
P02458,a10b1 complex,,CO2A1_HUMAN,curated,uniprot
P02458,a11b1 complex,,CO2A1_HUMAN,curated,uniprot
P02458,a1b1 complex,,CO2A1_HUMAN,curated,uniprot
P02458,a2b1 complex,,CO2A1_HUMAN,curated,uniprot
P02461,a10b1 complex,,CO3A1_HUMAN,curated,uniprot
P02461,a11b1 complex,,CO3A1_HUMAN,curated,uniprot
P02461,a1b1 complex,,CO3A1_HUMAN,curated,uniprot
P02461,a2b1 complex,,CO3A1_HUMAN,curated,uniprot
P02462,a10b1 complex,,CO4A1_HUMAN,curated,uniprot
P02462,a11b1 complex,,CO4A1_HUMAN,curated,uniprot
P02462,a1b1 complex,,CO4A1_HUMAN,curated,uniprot
P02462,a2b1 complex,,CO4A1_HUMAN,curated,uniprot
P02751,a10b1 complex,,FINC_HUMAN,curated,uniprot
P02751,a11b1 complex,,FINC_HUMAN,curated,uniprot
P02751,a2Bb3 complex,,FINC_HUMAN,curated,uniprot
P02751,a2b1 complex,,FINC_HUMAN,curated,uniprot
P02751,a3b1 complex,,FINC_HUMAN,curated,uniprot
P02751,a4b1 complex,,FINC_HUMAN,curated,uniprot
P02751,a4b7 complex,,FINC_HUMAN,curated,uniprot
P02751,a5b1 complex,,FINC_HUMAN,curated,uniprot
P02751,a8b1 complex,,FINC_HUMAN,curated,uniprot
P02751,aVb1 complex,,FINC_HUMAN,curated,uniprot
P02751,aVb3 complex,,FINC_HUMAN,curated,uniprot
P02751,aVb5 complex,,FINC_HUMAN,curated,uniprot
P02766,P08138,,,"IMEx,InnateDB-All,MINT",
P02766,Q08345,,,"I2D,IMEx,InnateDB-All,IntAct",
P02766,Q15109,,,"I2D,IMEx,InnateDB-All,MINT",
P02775,P25024,CXCR1_HUMAN,CXCL7_HUMAN,curated,PMID: 24218476
P02775,P25025,CXCL7_HUMAN,CXCR2_HUMAN,curated,PMID: 24218476
P02776,P49682,CXCR3_HUMAN,PLF4_HUMAN,curated,PMID: 24218476
P02776,Q16570,,,"I2D,InnateDB",
P02778,P27487,CXL10_HUMAN,DPP4_HUMAN,curated,PMID: 24218476
P02778,P49682,CXL10_HUMAN,CXCR3_HUMAN,curated,PMID: 24218476
P02786,Q9Y275,,,"IMEx,IntAct",
P04004,a2Bb3 complex,,VTNC_HUMAN,curated,uniprot
P04004,aVb1 complex,,VTNC_HUMAN,curated,uniprot
P04004,aVb3 complex,,VTNC_HUMAN,curated,uniprot
P04083,P21462,,,guidetopharmacology.org,
P04083,P25089,,,guidetopharmacology.org,
P04083,P25090,ANXA1_HUMAN,FPR2_HUMAN,curated,PMID: 22610094
P04085,P16234,PDGFA_HUMAN,PGFRA_HUMAN,curated,uniprot
P04090,Q8WXD0,,,guidetopharmacology.org,
P04090,Q9HBX9,,,guidetopharmacology.org,
P04090,Q9NSD7,,,guidetopharmacology.org,
P04141,P07333,,,guidetopharmacology.org,
P04155,P21802,,,"IMEx,InnateDB-All,MINT",
P04155,Q96PJ5,,,"IMEx,InnateDB-All,IntAct",
P04216,aMb2 complex,THY1_HUMAN,,curated,https://www.ncbi.nlm.nih.gov/pubmed/15850796
P04216,aVb3 complex,THY1_HUMAN,,curated,"https://www.ncbi.nlm.nih.gov/pubmed/29212879,https://www.ncbi.nlm.nih.gov/pubmed/18346467/,https://www.ncbi.nlm.nih.gov/"
P04216,aXb2 complex,THY1_HUMAN,,curated,https://www.ncbi.nlm.nih.gov/pubmed/15850796
P04233,P05067,A4_HUMAN,HG2A_HUMAN,curated,https://www.ncbi.nlm.nih.gov/pubmed/19849849
P04233,P14174,,,"I2D,InnateDB-All",
P04233,P53621,,,"IMEx,IntAct",
P04275,aVb3 complex,,VWF_HUMAN,curated,uniprot
P04628,P16671,,,InnateDB,
P04628,P34925,,,I2D,
P04628,Q01974,,,InnateDB-All,
P04628,Q9H461,,,"I2D,InnateDB-All",
P04628,Q9NPG1,,,I2D,
P04628,Q9UP38,WNT1_HUMAN,FZD1_HUMAN,curated,PMID: 24032637
P04629,P06744,,,InnateDB-All,
P04629,P20783,NTRK1_HUMAN,NTF3_HUMAN,curated,uniprot
P04629,P28799,,,InnateDB-All,
P04629,P43490,,,InnateDB-All,
P04629,P53621,,,InnateDB-All,
P04629,Q12904,,,InnateDB-All,
P04808,Q8WXD0,,,guidetopharmacology.org,
P04808,Q9HBX9,,,guidetopharmacology.org,
P05000,Type I IFNR,IFNW1_HUMAN,,curated,PMID: 9208871
P05013,Type I IFNR,IFNA6_HUMAN,,curated,uniprot
P05014,Type I IFNR,IFNA4_HUMAN,,curated,uniprot
P05015,Type I IFNR,IFN16_HUMAN,,curated,uniprot
P05019,P08069,IGF1R_HUMAN,IGF1_HUMAN,curated,uniprot
P05019,a6b4 complex,,IGF1_HUMAN,curated,uniprot
P05067,P25090,,,guidetopharmacology.org,
P05111,Q03167,,,I2D,
P05112,Q14627,,,I2D,
P05230,P11362,FGF1_HUMAN,FGFR1_HUMAN,curated,uniprot
P05230,P21802,,,"I2D,IMEx,InnateDB-All,IntAct,MINT",
P05230,P22455,,,"I2D,IMEx,InnateDB-All,IntAct",
P05230,P22607,,,"I2D,IMEx,InnateDB-All,IntAct",
P05230,Q03167,,,InnateDB-All,
P05230,aVb3 complex,FGF1_HUMAN,,curated,uniprot
P05231,P35367,,,"IMEx,InnateDB-All,IntAct",
P05362,P15514,,,InnateDB-All,
P05362,P16150,LEUK_HUMAN,ICAM1_HUMAN,curated,https://www.ncbi.nlm.nih.gov/pubmed/1683685
P05362,P20701,ICAM1_HUMAN,ITAL_HUMAN,curated,Reviewed in PMID: 23602662
P05362,aLb2 complex,,ICAM1_HUMAN,curated,uniprot
P05362,aMb2 complex,,ICAM1_HUMAN,curated,uniprot
P05362,aXb2 complex,ICAM1_HUMAN,,curated,https://www.ncbi.nlm.nih.gov/pubmed/16252253
P05997,a10b1 complex,,CO5A2_HUMAN,curated,uniprot
P05997,a11b1 complex,,CO5A2_HUMAN,curated,uniprot
P05997,a1b1 complex,,CO5A2_HUMAN,curated,uniprot
P05997,a2b1 complex,,CO5A2_HUMAN,curated,uniprot
P06307,P32238,,,guidetopharmacology.org,
P06307,P32239,,,guidetopharmacology.org,
P06729,P19256,LFA3_HUMAN,CD2_HUMAN,curated,Reviewed in PMID: 23602662
P06731,P13688,CEAM5_HUMAN,CEAM1_HUMAN,curated,Induces NK Cell Inhibition. Reviewed in PMID:24987108
P06731,P15813,CEAM5_HUMAN,CD1D_HUMAN,curated,https://www.ncbi.nlm.nih.gov/pubmed/24104458
P06731,P40199,CEAM6_HUMAN,CEAM5_HUMAN,curated,uniprot
P06734,P20023,FCER2_HUMAN,CR2_HUMAN,curated,"https://www.ncbi.nlm.nih.gov/pubmed/16785534,https://www.ncbi.nlm.nih.gov/pmc/articles/PMC2212946/"
P06734,aMb2 complex,FCER2_HUMAN,,curated,"https://www.ncbi.nlm.nih.gov/pubmed/7621072,https://www.ncbi.nlm.nih.gov/pmc/articles/PMC2143337/"
P06734,aVb3 complex,FCER2_HUMAN,,curated,https://www.ncbi.nlm.nih.gov/pubmed/10037797/
P06734,aXb2 complex,FCER2_HUMAN,,curated,https://www.ncbi.nlm.nih.gov/pubmed/7621072
P06850,Q13324,,,"I2D,InnateDB-All",
P06881,P30988,,,guidetopharmacology.org,
P07225,P30530,,,guidetopharmacology.org,
P07225,Q06418,,,guidetopharmacology.org,
P07307,Q15848,,,"IMEx,IntAct",
P07333,P09603,CSF1_HUMAN,CSF1R_HUMAN,curated,uniprot
P07333,P09919,,,guidetopharmacology.org,
P07333,Q6ZMJ4,IL34_HUMAN,CSF1R_HUMAN,curated,uniprot
P07359,aMb2 complex,GP1BA_HUMAN,,curated,https://www.ncbi.nlm.nih.gov/pmc/articles/PMC2194217/
P07492,P30550,,,guidetopharmacology.org,
P07550,P49765,,,InnateDB-All,
P07996,a2Bb3 complex,,TSP1_HUMAN,curated,uniprot
P07996,a3b1 complex,,TSP1_HUMAN,curated,uniprot
P07996,aVb3 complex,,TSP1_HUMAN,curated,uniprot
P08123,a10b1 complex,,CO1A2_HUMAN,curated,uniprot
P08123,a11b1 complex,,CO1A2_HUMAN,curated,uniprot
P08123,a1b1 complex,,CO1A2_HUMAN,curated,uniprot
P08123,a2b1 complex,,CO1A2_HUMAN,curated,uniprot
P08138,P20783,NTF3_HUMAN,TNR16_HUMAN,curated,uniprot
P08138,P23560,BDNF_HUMAN,TNR16_HUMAN,curated,uniprot
P08138,P34130,NTF4_HUMAN,TNR16_HUMAN,curated,uniprot
P08138,P60568,,,I2D,
P08174,P48960,CD97_HUMAN,DAF_HUMAN,curated,https://www.ncbi.nlm.nih.gov/pubmed/11297558
P08253,aVb3 complex,,MMP2_HUMAN,curated,uniprot
P08572,a10b1 complex,,CO4A2_HUMAN,curated,uniprot
P08572,a11b1 complex,,CO4A2_HUMAN,curated,uniprot
P08572,a1b1 complex,,CO4A2_HUMAN,curated,uniprot
P08572,a2b1 complex,,CO4A2_HUMAN,curated,uniprot
P08575,P20273,PTPRC_HUMAN,CD22_HUMAN,curated,https://www.ncbi.nlm.nih.gov/pubmed/12115612/
P08575,P22897,PTPRC_HUMAN,MRC1_HUMAN,curated,"https://www.ncbi.nlm.nih.gov/pubmed/27601670,https://www.ncbi.nlm.nih.gov/pubmed/10575006"
P08581,P14210,HGF_HUMAN,MET_HUMAN,curated,uniprot
P08620,P11362,,,I2D,
P08620,P21802,,,I2D,
P08620,P22455,,,I2D,
P08620,P22607,,,I2D,
P08922,P21802,,,I2D,
P09038,P11362,FGF2_HUMAN,FGFR1_HUMAN,curated,uniprot
P09038,P16070,,,"I2D,InnateDB-All",
P09038,P21802,FGF2_HUMAN,FGFR2_HUMAN,curated,uniprot
P09038,P22455,FGF2_HUMAN,FGFR4_HUMAN,curated,uniprot
P09038,P22607,FGFR3_HUMAN,FGF2_HUMAN,curated,uniprot
P09038,Q8N441,,,I2D,
P09038,aVb3 complex,FGF2_HUMAN,,curated,uniprot
P09326,Q9BZW8,CD48_HUMAN,CD244_HUMAN,curated,activating interaction. uniprot & PMID: 26697006
P09341,P25024,GROA_HUMAN,CXCR1_HUMAN,curated,PMID: 24218476
P09341,P25025,GROA_HUMAN,CXCR2_HUMAN,curated,PMID: 24218476
P09341,Q16570,ACKR1_HUMAN,GROA_HUMAN,curated,PMID: 24218476
P09544,Q14332,WNT2_HUMAN,FZD2_HUMAN,curated,PMID: 24032637
P09544,Q9NPG1,WNT2_HUMAN,FZD3_HUMAN,curated,PMID: 24032637
P09544,Q9ULV1,WNT2_HUMAN,FZD4_HUMAN,curated,PMID: 24032637
P09544,Q9UP38,,,I2D,
P09603,P30825,,,I2D,
P09603,P78324,,,I2D,
P09603,Q9NYQ7,,,I2D,
P09619,Q9GZP0,PDGFD_HUMAN,PGFRB_HUMAN,curated,uniprot
P09681,P27487,,,"InnateDB-All,MINT",
P09683,P32241,,,"I2D,InnateDB-All",
P09683,P47872,,,guidetopharmacology.org,
P09917,P20292,,,guidetopharmacology.org,
P09919,Q99062,CSF3_HUMAN,CSF3R_HUMAN,curated,uniprot
P0C0P6,Q6W5P4,,,guidetopharmacology.org,
P0DJI8,P25090,,,guidetopharmacology.org,
P0DMC3,P35414,,,guidetopharmacology.org,
P0DMS8,P49961,ENTP1_HUMAN,AA3R_HUMAN,curated,uniprot
P10082,P25929,,,guidetopharmacology.org,
P10082,P27487,,,"InnateDB-All,MINT",
P10082,P49146,,,guidetopharmacology.org,
P10082,P50391,,,guidetopharmacology.org,
P10082,Q15761,,,I2D,
P10092,P30988,,,guidetopharmacology.org,
P10145,P25024,IL8_HUMAN,CXCR1_HUMAN,curated,PMID: 24218476
P10145,P25025,IL8_HUMAN,CXCR2_HUMAN,curated,PMID: 24218476
P10145,Q16570,ACKR1_HUMAN,IL8_HUMAN,curated,PMID: 24218476
P10147,P14735,,,"IMEx,InnateDB-All,MINT",
P10147,P32246,CCL3_HUMAN,CCR1_HUMAN,curated,PMID: 24218476
P10147,P51677,CCR3_HUMAN,CCL3_HUMAN,curated,PMID: 24218476
P10147,P51681,CCL3_HUMAN,CCR5_HUMAN,curated,PMID: 15251452
P10451,P16070,,,"I2D,IMEx,InnateDB-All,IntAct",
P10451,P35408,,,"IMEx,MINT",
P10451,P51685,,,"IMEx,MINT",
P10451,a4b1 complex,,OSTP_HUMAN,curated,"PMID: 1830891, PMID: 8970045"
P10451,a9b1 complex,,OSTP_HUMAN,curated,"PMID: 1830891, PMID: 8970045"
P10451,aVb3 complex,,OSTP_HUMAN,curated,PMID: 24442579
P10600,Q03167,TGBR3_HUMAN,TGFB3_HUMAN,curated,uniprot
P10600,TGFbeta receptor1,,TGFB3_HUMAN,curated,uniprot
P10600,TGFbeta receptor2,,TGFB3_HUMAN,curated,uniprot
P10721,P21583,SCF_HUMAN,KIT_HUMAN,curated,uniprot
P10747,P33681,CD80_HUMAN,CD28_HUMAN,curated,antigen-stimulated T cells become activated. Reviewed in PMID: 23954143
P10747,P42081,CD28_HUMAN,CD86_HUMAN,curated,antigen-stimulated T cells become activated. Reviewed in PMID: 23954143
P10767,P11362,,,"I2D,InnateDB-All",
P10767,P21802,,,"I2D,InnateDB-All",
P10767,P22455,,,I2D,
P10767,P22607,,,I2D,
P10997,P14735,,,IMEx,
P10997,P30988,,,guidetopharmacology.org,
P11047,a2b1 complex,,LAMC1_HUMAN,curated,uniprot
P11047,a6b1 complex,,LAMC1_HUMAN,curated,uniprot
P11047,a7b1 complex,,LAMC1_HUMAN,curated,uniprot
P11047,aVb3 complex,,LAMC1_HUMAN,curated,uniprot
P11279,Q6UX27,,,"IMEx,IntAct",
P11279,Q92520,,,InnateDB-All,
P11362,P11487,,,"I2D,InnateDB-All",
P11362,P12034,,,"I2D,InnateDB-All",
P11362,P13591,FGFR1_HUMAN,NCAM1_HUMAN,curated,https://www.ncbi.nlm.nih.gov/pubmed/12791257
P11362,P21781,,,I2D,
P11362,P21802,,,InnateDB-All,
P11362,P31371,,,"I2D,InnateDB-All",
P11362,P55075,,,"I2D,IMEx,InnateDB-All,IntAct",
P11362,Q9GZV9,,,"IMEx,InnateDB-All",
P11362,Q9UEF7,,,I2D,
P11487,P21802,,,"I2D,InnateDB-All",
P11487,P22455,,,I2D,
P11487,P22607,,,I2D,
P12034,P21802,,,"I2D,IMEx,InnateDB-All,IntAct",
P12034,P22455,,,"I2D,IMEx,InnateDB-All,IntAct",
P12034,P22607,,,I2D,
P12107,a10b1 complex,,COBA1_HUMAN,curated,uniprot
P12107,a11b1 complex,,COBA1_HUMAN,curated,uniprot
P12107,a1b1 complex,,COBA1_HUMAN,curated,uniprot
P12107,a2b1 complex,,COBA1_HUMAN,curated,uniprot
P12109,a10b1 complex,,CO6A1_HUMAN,curated,uniprot
P12109,a11b1 complex,,CO6A1_HUMAN,curated,uniprot
P12109,a1b1 complex,,CO6A1_HUMAN,curated,uniprot
P12109,a2b1 complex,,CO6A1_HUMAN,curated,uniprot
P12110,a10b1 complex,,CO6A2_HUMAN,curated,uniprot
P12110,a11b1 complex,,CO6A2_HUMAN,curated,uniprot
P12110,a1b1 complex,,CO6A2_HUMAN,curated,uniprot
P12110,a2b1 complex,,CO6A2_HUMAN,curated,uniprot
P12111,a10b1 complex,,CO6A3_HUMAN,curated,uniprot
P12111,a11b1 complex,,CO6A3_HUMAN,curated,uniprot
P12111,a1b1 complex,,CO6A3_HUMAN,curated,uniprot
P12111,a2b1 complex,,CO6A3_HUMAN,curated,uniprot
P12272,P49190,,,guidetopharmacology.org,
P12272,P49683,,,guidetopharmacology.org,
P12272,Q03431,,,guidetopharmacology.org,
P12318,Q07325,,,"IMEx,IntAct",
P12643,Q99835,,,I2D,
P12830,Q96E93,KLRG1_HUMAN,CADH1_HUMAN,curated,https://www.ncbi.nlm.nih.gov/pmc/articles/PMC3030123/
P12830,a2b1 complex,CADH1_HUMAN,,curated,https://www.ncbi.nlm.nih.gov/pubmed/12392763
P12830,aEb7 complex,,CADH1_HUMAN,curated,uniprot
P13236,P30825,,,"IMEx,IntAct",
P13236,P34972,,,"IMEx,IntAct",
P13236,P51681,CCR5_HUMAN,CCL4_HUMAN,curated,uniprot
P13236,P51685,,,I2D,
P13236,Q8TDT2,,,"IMEx,IntAct",
P13236,Q9NZD1,,,"IMEx,IntAct",
P13500,P41597,CCL2_HUMAN,CCR2_HUMAN,curated,PMID: 24218476
P13500,P46092,,,I2D,
P13500,Q16570,ACKR1_HUMAN,CCL2_HUMAN,curated,PMID: 24218476
P13501,P32246,CCL5_HUMAN,CCR1_HUMAN,curated,PMID: 24218476
P13501,P51677,CCL5_HUMAN,CCR3_HUMAN,curated,PMID: 24218476
P13501,P51679,CCL5_HUMAN,CCR4_HUMAN,curated,PMID: 24218476
P13501,P51681,CCL5_HUMAN,CCR5_HUMAN,curated,PMID: 24218476
P13501,Q16570,ACKR1_HUMAN,CCL5_HUMAN,curated,PMID: 24218476
P13501,Q9NPB9,,,I2D,
P13591,P23560,,,I2D,
P13591,P39905,,,I2D,
P13598,aLb2 complex,,ICAM2_HUMAN,curated,uniprot
P13688,P16581,CEAM1_HUMAN,LYAM2_HUMAN,curated,https://www.ncbi.nlm.nih.gov/pubmed/1378450
P13688,P31997,CEAM8_HUMAN,CEAM1_HUMAN,curated,https://www.ncbi.nlm.nih.gov/pubmed/24743304
P13688,P40199,CEAM6_HUMAN,CEAM1_HUMAN,curated,https://www.ncbi.nlm.nih.gov/pubmed/21982860
P13688,Q9NNX6,CEAM1_HUMAN,CD209_HUMAN,curated,"https://www.ncbi.nlm.nih.gov/pubmed/16282604,https://www.ncbi.nlm.nih.gov/pubmed/16246332"
P13747,P26715,HLAE_HUMAN,NKG2A_HUMAN,curated,Induces NK Cell Inhibition. Reviewed in PMID: 24223577
P13747,P26717,NKG2C_HUMAN,HLAE_HUMAN,curated,activating interaction. uniprot & PMID: 26697006
P13747,P26718,HLAE_HUMAN,NKG2D_HUMAN,curated,Induces NK Cell Activation. Reviewed in PMID: 24223577
P13942,a10b1 complex,,COBA2_HUMAN,curated,uniprot
P13942,a11b1 complex,,COBA2_HUMAN,curated,uniprot
P13942,a1b1 complex,,COBA2_HUMAN,curated,uniprot
P13942,a2b1 complex,,COBA2_HUMAN,curated,uniprot
P14151,P28906,LYAM1_HUMAN,CD34_HUMAN,curated,"https://www.ncbi.nlm.nih.gov/pubmed/7692600,https://www.ncbi.nlm.nih.gov/pubmed/8977216"
P14151,Q14242,LYAM1_HUMAN,SELPL_HUMAN,curated,"https://www.ncbi.nlm.nih.gov/pmc/articles/PMC2431087/,https://www.ncbi.nlm.nih.gov/pubmed/8892633,https://www.ncbi.nlm.nih.gov/pubmed/8896607"
P14174,Q92956,,,"I2D,IntAct",
P14174,Q9UBN6,,,"I2D,IntAct",
P14209,Q9UKJ1,CD99_HUMAN,PILRA_HUMAN,curated,https://www.ncbi.nlm.nih.gov/pubmed/18234675
P14210,P16070,,,"IMEx,InnateDB-All,IntAct",
P14555,a4b1 complex,,PA2GA_HUMAN,curated,uniprot
P14555,a5b1 complex,,PA2GA_HUMAN,curated,uniprot
P14735,P55773,,,InnateDB-All,
P15151,P40200,TACT_HUMAN,PVR_HUMAN,curated,uniprot
P15151,P41273,,,InnateDB-All,
P15151,Q15762,PVR_HUMAN,CD226_HUMAN,curated,"activating interaction PMID: 15607800, NK cell cytotoxicity. PMID: 24440149"
P15151,Q495A1,TIGIT_HUMAN,PVR_HUMAN,curated,"PMID: 19815499, Induces NK Cell Inhibition. Reviewed in PMID:24987108"
P15151,Q9NQS3,PVR_HUMAN,PVRL3_HUMAN,curated,"https://www.ncbi.nlm.nih.gov/pubmed/19011627,https://www.ncbi.nlm.nih.gov/pubmed/12740392/"
P15529,P78504,JAG1_HUMAN,MCP_HUMAN,curated,https://www.ncbi.nlm.nih.gov/pubmed/23086448
P15692,P17948,VGFR1_HUMAN,VEGFA_HUMAN,curated,uniprot
P15692,P29323,,,I2D,
P15692,P35968,VGFR2_HUMAN,VEGFA_HUMAN,curated,uniprot
P15692,Q13224,,,I2D,
P15813,Q8N423,CD1D_HUMAN,LIRB2_HUMAN,curated,https://www.ncbi.nlm.nih.gov/pubmed/19124746/
P16066,P16860,,,guidetopharmacology.org,
P16066,P23582,,,InnateDB-All,
P16070,P16581,LYAM2_HUMAN,CD44_HUMAN,curated,https://www.ncbi.nlm.nih.gov/pmc/articles/PMC4571854/
P16070,P21802,,,InnateDB-All,
P16070,Q99075,,,"I2D,InnateDB-All",
P16109,P25063,CD24_HUMAN,LYAM3_HUMAN,curated,https://www.ncbi.nlm.nih.gov/pubmed/9129046
P16109,P28906,CD34_HUMAN,LYAM3_HUMAN,curated,https://www.ncbi.nlm.nih.gov/pubmed/18606703
P16109,Q14242,LYAM3_HUMAN,SELPL_HUMAN,curated,"https://www.ncbi.nlm.nih.gov/pubmed/19118202,https://www.ncbi.nlm.nih.gov/pubmed/9829984,https://www.ncbi.nlm.nih.gov/pubmed/12393589"
P16150,Q9BZZ2,LEUK_HUMAN,SN_HUMAN,curated,https://www.ncbi.nlm.nih.gov/pubmed/11238599
P16234,Q9NRA1,PDGFC_HUMAN,PGFRA_HUMAN,curated,uniprot
P16284,P28907,PECA1_HUMAN,CD38_HUMAN,curated,"https://www.ncbi.nlm.nih.gov/pubmed/9551996,https://www.ncbi.nlm.nih.gov/pubmed/26407101"
P16284,Q8N6Q3,CD177_HUMAN,PECA1_HUMAN,curated,https://www.ncbi.nlm.nih.gov/pubmed/17580308
P16410,P33681,CD80_HUMAN,CTLA4_HUMAN,curated,antigen-stimulated T cells become anergic. Reviewed in PMID: 23954143
P16410,P42081,CD86_HUMAN,CTLA4_HUMAN,curated,antigen-stimulated T cells become anergic. Reviewed in PMID: 23954143
P16471,Q14406,,,guidetopharmacology.org,
P16581,Q14242,SELPL_HUMAN,LYAM2_HUMAN,curated,https://www.ncbi.nlm.nih.gov/pmc/articles/PMC4571854/
P16581,Q92896,LYAM2_HUMAN,GSLG1_HUMAN,curated,https://www.ncbi.nlm.nih.gov/pubmed/11404363/
P16619,P27487,,,I2D,
P16619,P32246,CCR1_HUMAN,CL3L1_HUMAN,curated,PMID: 24218476
P16619,P51677,CCR3_HUMAN,CL3L1_HUMAN,curated,PMID: 24218476
P16860,P17342,,,"I2D,InnateDB-All",
P16860,P20594,,,"I2D,InnateDB-All",
P16860,P27487,,,"InnateDB-All,MINT",
P17342,P23582,,,"I2D,InnateDB-All",
P17342,P61366,,,guidetopharmacology.org,
P17693,Q8N423,HLAG_HUMAN,LIRB2_HUMAN,curated,uniprot
P17693,Q8NHL6,LIRB1_HUMAN,HLAG_HUMAN,curated,"uniprot, Induces NK Cell Inhibition. Reviewed in PMID:24987108"
P17948,P49763,VGFR1_HUMAN,PLGF_HUMAN,curated,uniprot
P17948,P49765,VGFR1_HUMAN,VEGFB_HUMAN,curated,uniprot
P18075,Q13291,,,InnateDB-All,
P18075,Q15262,,,InnateDB-All,
P18509,P27487,,,"InnateDB-All,MINT",
P18509,P32241,,,I2D,
P18509,P41586,,,"I2D,IMEx",
P18509,P41587,,,I2D,
P18509,P47872,,,"I2D,InnateDB-All",
P19235,P21583,,,I2D,
P19320,a4b1 complex,VCAM1_HUMAN,,curated,https://www.ncbi.nlm.nih.gov/pmc/articles/PMC4368157/
P19320,a4b7 complex,,VCAM1_HUMAN,curated,uniprot
P19320,a9b1 complex,,VCAM1_HUMAN,curated,uniprot
P19320,aDb2 complex,,VCAM1_HUMAN,curated,uniprot
P19438,P28799,,,"IMEx,InnateDB-All,MINT",
P19438,P48023,,,"I2D,InnateDB-All",
P19875,P25024,,,I2D,
P19875,P25025,CXCL2_HUMAN,CXCR2_HUMAN,curated,PMID: 24218476
P19875,P27487,CXCL2_HUMAN,DPP4_HUMAN,curated,PMID: 24218476
P19876,P25024,,,I2D,
P19876,P25025,CXCL3_HUMAN,CXCR2_HUMAN,curated,PMID: 24218476
P20333,P28799,,,"IMEx,InnateDB-All,MINT",
P20382,Q969V1,,,I2D,
P20382,Q99705,,,I2D,
P20396,P34981,,,I2D,
P20594,P23582,,,guidetopharmacology.org,
P20783,Q16288,NTF3_HUMAN,NTRK3_HUMAN,curated,uniprot
P20783,Q16620,NTRK2_HUMAN,NTF3_HUMAN,curated,uniprot
P20800,P25101,,,guidetopharmacology.org,
P20827,P21709,EFNA1_HUMAN,EPHA1_HUMAN,curated,PMID: 15114347
P20827,P29317,EFNA1_HUMAN,EPHA2_HUMAN,curated,PMID: 15114347
P20827,P29320,EFNA1_HUMAN,EPHA3_HUMAN,curated,PMID: 15114347
P20827,P29322,EFNA1_HUMAN,EPHA8_HUMAN,curated,PMID: 15114347
P20827,P54756,EFNA1_HUMAN,EPHA5_HUMAN,curated,PMID: 15114347
P20827,P54764,EFNA1_HUMAN,EPHA4_HUMAN,curated,PMID: 15114347
P20827,Q15375,EFNA1_HUMAN,EPHA7_HUMAN,curated,PMID: 15114347
P20849,a10b1 complex,,CO9A1_HUMAN,curated,uniprot
P20849,a11b1 complex,,CO9A1_HUMAN,curated,uniprot
P20849,a1b1 complex,,CO9A1_HUMAN,curated,uniprot
P20849,a2b1 complex,,CO9A1_HUMAN,curated,uniprot
P20908,a10b1 complex,,CO5A1_HUMAN,curated,uniprot
P20908,a11b1 complex,,CO5A1_HUMAN,curated,uniprot
P20908,a1b1 complex,,CO5A1_HUMAN,curated,uniprot
P20908,a2b1 complex,,CO5A1_HUMAN,curated,uniprot
P21246,P23471,PTPRZ_HUMAN,PTN_HUMAN,curated,PMID: 25644401
P21246,Q13332,,,"I2D,IMEx,InnateDB-All,IntAct",
P21246,Q9UM73,PTN_HUMAN,ALK_HUMAN,curated,uniprot
P21709,P52797,EFNA3_HUMAN,EPHA1_HUMAN,curated,PMID: 15114347
P21709,P52798,EFNA4_HUMAN,EPHA1_HUMAN,curated,PMID: 15114347
P21709,P52803,EFNA5_HUMAN,EPHA1_HUMAN,curated,PMID: 15114347
P21730,P39019,,,guidetopharmacology.org,
P21731,Q9UBU3,,,InnateDB-All,
P21741,P23471,PTPRZ_HUMAN,MK_HUMAN,curated,PMID: 10212223
P21741,Q07954,,,"I2D,InnateDB-All",
P21741,Q92673,,,InnateDB-All,
P21741,Q9UM73,MK_HUMAN,ALK_HUMAN,curated,uniprot
P21781,P21802,,,"I2D,IMEx,InnateDB-All,IntAct",
P21781,P22455,,,I2D,
P21781,P22607,,,I2D,
P21802,P22607,,,"IMEx,InnateDB-All",
P21802,P31371,,,"I2D,InnateDB-All",
P21802,P54764,,,"I2D,InnateDB-All",
P21802,P55075,,,"I2D,IMEx,InnateDB-All,IntAct",
P21802,Q01151,,,InnateDB-All,
P21802,Q15223,,,InnateDB-All,
P21802,Q15256,,,InnateDB-All,
P21802,Q9GZV9,,,"I2D,IMEx,InnateDB-All,IntAct",
P21802,Q9UBH6,,,InnateDB-All,
P21854,Q92854,SEM4D_HUMAN,CD72_HUMAN,curated,PMID: 22325954
P21860,P35070,BTC_HUMAN,ERBB3_HUMAN,curated,uniprot
P21860,Q02297,NRG1_HUMAN,ERBB3_HUMAN,curated,uniprot
P22362,P51685,CCL1_HUMAN,CCR8_HUMAN,curated,PMID: 24218476
P22455,P31371,,,I2D,
P22455,P54764,,,"I2D,InnateDB-All",
P22455,P55075,,,I2D,
P22455,Q15256,,,InnateDB-All,
P22455,Q96QR1,,,"IMEx,InnateDB-All,MINT",
P22466,P47211,,,guidetopharmacology.org,
P22466,Q8TDV0,,,I2D,
P22607,P31371,,,"I2D,InnateDB-All",
P22607,P54764,,,"I2D,InnateDB-All",
P22607,P55075,,,"I2D,IMEx,InnateDB-All",
P22607,Q15223,,,InnateDB-All,
P22607,Q9GZV9,,,I2D,
P23416,Q92520,,,InnateDB-All,
P23510,P43489,TNFL4_HUMAN,TNR4_HUMAN,curated,uniprot
P23560,Q16620,BDNF_HUMAN,NTRK2_HUMAN,curated,uniprot
P23560,Q8TDT2,,,"IMEx,IntAct",
P23560,Q99523,,,"I2D,IMEx,InnateDB-All,IntAct",
P23560,Q9Y624,,,"IMEx,InnateDB-All,IntAct",
P24821,a4b1 complex,,TENA_HUMAN,curated,uniprot
P24821,a8b1 complex,,TENA_HUMAN,curated,uniprot
P24821,a9b1 complex,,TENA_HUMAN,curated,uniprot
P24821,aVb3 complex,,TENA_HUMAN,curated,uniprot
P24821,aVb6 complex,,TENA_HUMAN,curated,uniprot
P25024,P42830,CXCL5_HUMAN,CXCR1_HUMAN,curated,PMID: 24218476
P25024,P54577,,,guidetopharmacology.org,
P25024,P80162,CXCL6_HUMAN,CXCR1_HUMAN,curated,PMID: 24218476
P25025,P42830,CXCL5_HUMAN,CXCR2_HUMAN,curated,PMID: 24218476
P25025,P80162,CXCL6_HUMAN,CXCR2_HUMAN,curated,PMID: 24218476
P25067,a10b1 complex,,CO8A2_HUMAN,curated,uniprot
P25067,a11b1 complex,,CO8A2_HUMAN,curated,uniprot
P25067,a1b1 complex,,CO8A2_HUMAN,curated,uniprot
P25067,a2b1 complex,,CO8A2_HUMAN,curated,uniprot
P25089,Q9NRV9,,,guidetopharmacology.org,
P25090,P49913,,,guidetopharmacology.org,
P25092,Q02747,,,guidetopharmacology.org,
P25092,Q16661,,,guidetopharmacology.org,
P25106,P48061,,,guidetopharmacology.org,
P25445,P48023,TNFL6_HUMAN,TNR6_HUMAN,curated,uniprot
P25940,a10b1 complex,,CO5A3_HUMAN,curated,uniprot
P25940,a11b1 complex,,CO5A3_HUMAN,curated,uniprot
P25940,a1b1 complex,,CO5A3_HUMAN,curated,uniprot
P25940,a2b1 complex,,CO5A3_HUMAN,curated,uniprot
P25942,P29965,CD40L_HUMAN,TNR5_HUMAN,curated,Reviewed in PMID: 23602662
P25942,P51460,,,I2D,
P25942,Q9Y275,,,"I2D,InnateDB",
P26842,P32970,CD70_HUMAN,CD27_HUMAN,curated,activating interaction for NK and T cells. uniprot & PMID: 26697006
P26927,Q04912,HGFL_HUMAN,RON_HUMAN,curated,PMID: 23792360
P27037,P55103,AVR2A_HUMAN,INHBC_HUMAN,curated,PMID: 22710174
P27037,P58166,AVR2A_HUMAN,INHBE_HUMAN,curated,PMID: 22710174
P27487,P48061,SDF1_HUMAN,DPP4_HUMAN,curated,PMID: 24218476
P27487,P51671,CCL11_HUMAN,DPP4_HUMAN,curated,PMID: 24218476
P27487,Q07325,CXCL9_HUMAN,DPP4_HUMAN,curated,PMID: 24218476
P27539,Q13639,,,"IMEx,MINT",
P27658,a10b1 complex,,CO8A1_HUMAN,curated,uniprot
P27658,a11b1 complex,,CO8A1_HUMAN,curated,uniprot
P27658,a1b1 complex,,CO8A1_HUMAN,curated,uniprot
P27658,a2b1 complex,,CO8A1_HUMAN,curated,uniprot
P28799,Q99523,,,"IMEx,InnateDB-All,MINT",
P28799,Q9H2X3,,,InnateDB-All,
P28908,P32971,TNFL8_HUMAN,TNR8_HUMAN,curated,uniprot
P29274,P43490,,,"I2D,IMEx,InnateDB-All,MINT",
P29274,P49961,ENTP1_HUMAN,AA2AR_HUMAN,curated,uniprot
P29275,P49961,ENTP1_HUMAN,AA2BR_HUMAN,curated,uniprot
P29317,P52797,EFNA3_HUMAN,EPHA2_HUMAN,curated,PMID: 15114347
P29317,P52798,EFNA4_HUMAN,EPHA2_HUMAN,curated,PMID: 15114347
P29317,P52803,EFNA5_HUMAN,EPHA2_HUMAN,curated,PMID: 15114347
P29320,P52797,EFNA3_HUMAN,EPHA3_HUMAN,curated,PMID: 15114347
P29320,P52798,EFNA4_HUMAN,EPHA3_HUMAN,curated,PMID: 15114347
P29320,P52803,EFNA5_HUMAN,EPHA3_HUMAN,curated,PMID: 15114347
P29322,P52797,EFNA3_HUMAN,EPHA8_HUMAN,curated,PMID: 15114347
P29322,P52798,EFNA4_HUMAN,EPHA8_HUMAN,curated,PMID: 15114347
P29322,P52803,EFNA5_HUMAN,EPHA8_HUMAN,curated,PMID: 15114347
P29323,P52799,EFNB2_HUMAN,EPHB2_HUMAN,curated,PMID: 15114347
P29323,P52803,EPHB2_HUMAN,EFNA5_HUMAN,curated,PMID:15107857; PMID: 15114347
P29323,P98172,EFNB1_HUMAN,EPHB2_HUMAN,curated,PMID: 15114347
P29323,Q15768,EFNB3_HUMAN,EPHB2_HUMAN,curated,PMID: 15114347
P29400,a10b1 complex,,CO4A5_HUMAN,curated,uniprot
P29400,a11b1 complex,,CO4A5_HUMAN,curated,uniprot
P29400,a1b1 complex,,CO4A5_HUMAN,curated,uniprot
P29400,a2b1 complex,,CO4A5_HUMAN,curated,uniprot
P29965,a2Bb3 complex,CD40L_HUMAN,,curated,https://www.ncbi.nlm.nih.gov/pubmed/11875495
P29965,a5b1 complex,CD40L_HUMAN,,curated,https://www.ncbi.nlm.nih.gov/pmc/articles/PMC3365732/
P30203,Q13740,CD166_HUMAN,CD6_HUMAN,curated,Reviewed in PMID: 23602662
P30511,P43629,HLAF_HUMAN,KI3L1_HUMAN,curated,https://www.ncbi.nlm.nih.gov/pubmed/27455421
P30511,P43630,HLAF_HUMAN,KI3L2_HUMAN,curated,https://www.ncbi.nlm.nih.gov/pubmed/27455421
P30511,Q14943,HLAF_HUMAN,KI3S1_HUMAN,curated,https://www.ncbi.nlm.nih.gov/pubmed/27455421
P30511,Q8N423,HLAF_HUMAN,LIRB2_HUMAN,curated,https://www.ncbi.nlm.nih.gov/pubmed/11169396
P30511,Q8NHL6,HLAF_HUMAN,LIRB1_HUMAN,curated,https://www.ncbi.nlm.nih.gov/pubmed/11169396
P30530,Q13261,,,I2D,
P30530,Q14393,,,guidetopharmacology.org,
P30542,P49961,ENTP1_HUMAN,AA1R_HUMAN,curated,uniprot
P30872,P61278,,,I2D,
P30988,P35318,,,guidetopharmacology.org,
P30988,Q7Z4H4,,,guidetopharmacology.org,
P30989,P30990,,,guidetopharmacology.org,
P31358,Q96LC7,CD52_HUMAN,SIG10_HUMAN,curated,https://www.ncbi.nlm.nih.gov/pubmed/23685786
P31391,P61278,,,I2D,
P31997,P40199,CEAM6_HUMAN,CEAM8_HUMAN,curated,https://www.ncbi.nlm.nih.gov/pubmed/11590190
P32004,P32004,L1CAM_HUMAN,L1CAM_HUMAN,curated,https://www.ncbi.nlm.nih.gov/pubmed/18701456/
P32004,a5b1 complex,L1CAM_HUMAN,,curated,https://www.ncbi.nlm.nih.gov/pmc/articles/PMC2120661/
P32004,aVb3 complex,L1CAM_HUMAN,,curated,"https://www.ncbi.nlm.nih.gov/pmc/articles/PMC2132622/"""
P32246,P55773,CCL23_HUMAN,CCR1_HUMAN,curated,PMID: 24218476
P32246,P55774,,,guidetopharmacology.org,
P32246,P80075,CCL8_HUMAN,CCR1_HUMAN,curated,PMID: 24218476
P32246,P80098,CCL7_HUMAN,CCR1_HUMAN,curated,PMID: 24218476
P32246,Q16627,CCL14_HUMAN,CCR1_HUMAN,curated,PMID: 24218476
P32246,Q16663,CCL15_HUMAN,CCR1_HUMAN,curated,uniprot
P32246,Q99616,,,guidetopharmacology.org,
P32246,Q9Y258,CCL26_HUMAN,CCR1_HUMAN,curated,PMID: 24218476
P32248,Q99731,CCL19_HUMAN,CCR7_HUMAN,curated,PMID: 24218476
P32881,Q8TDT2,,,"IMEx,IntAct",
P32881,Type I IFNR,IFNA8_HUMAN,,curated,uniprot
P32942,Q9H2X3,CLC4M_HUMAN,ICAM3_HUMAN,curated,https://www.ncbi.nlm.nih.gov/pubmed/15795245
P32942,Q9NNX6,CD209_HUMAN,ICAM3_HUMAN,curated,https://www.ncbi.nlm.nih.gov/pubmed/15795245
P32942,aDb2 complex,,ICAM3_HUMAN,curated,uniprot
P32942,aLb2 complex,,ICAM3_HUMAN,curated,uniprot
P32970,Q02223,,,InnateDB-All,
P32970,Q9NZH0,,,InnateDB-All,
P33681,Q9NZQ7,PD1L1_HUMAN,CD80_HUMAN,curated,"https://www.ncbi.nlm.nih.gov/pubmed/17629517,https://www.ncbi.nlm.nih.gov/pubmed/18585785,https://www.ncbi.nlm.nih.gov/pmc/articles/PMC3168865/"
P34130,Q16620,,,"I2D,IMEx,InnateDB-All,IntAct",
P34820,Q03405,,,InnateDB-All,
P34925,P56704,,,I2D,
P34972,Q15848,,,"IMEx,IntAct",
P35070,Q15303,BTC_HUMAN,ERBB4_HUMAN,curated,uniprot
P35225,Q14627,IL13_HUMAN,I13R2_HUMAN,curated,PMID: 26471366
P35225,Q86XT9,,,"IMEx,IntAct",
P35318,Q96LB1,,,guidetopharmacology.org,
P35414,Q9ULZ1,,,guidetopharmacology.org,
P35555,a5b1 complex,,FBN1_HUMAN,curated,uniprot
P35916,P49767,VEGFC_HUMAN,VGFR3_HUMAN,curated,uniprot
P35916,Q9NRA1,,,guidetopharmacology.org,
P35968,P49767,VGFR2_HUMAN,VEGFC_HUMAN,curated,uniprot
P36544,P55000,,,"IMEx,InnateDB-All,UniProt",
P36888,P49771,FLT3L_HUMAN,FLT3_HUMAN,curated,uniprot
P36941,Q06643,TNFC_HUMAN,TNR3_HUMAN,curated,uniprot
P39059,a10b1 complex,,COFA1_HUMAN,curated,uniprot
P39059,a11b1 complex,,COFA1_HUMAN,curated,uniprot
P39059,a1b1 complex,,COFA1_HUMAN,curated,uniprot
P39059,a2b1 complex,,COFA1_HUMAN,curated,uniprot
P39060,a10b1 complex,,COIA1_HUMAN,curated,uniprot
P39060,a11b1 complex,,COIA1_HUMAN,curated,uniprot
P39060,a1b1 complex,,COIA1_HUMAN,curated,uniprot
P39060,a2b1 complex,,COIA1_HUMAN,curated,uniprot
P39905,RET receptor 1,GDNF_HUMAN,,curated,uniprot
P40199,P40199,CEAM6_HUMAN,CEAM6_HUMAN,curated,https://www.ncbi.nlm.nih.gov/pubmed/11590190
P40200,Q15223,TACT_HUMAN,PVRL1_HUMAN,curated,PMID: 17971293
P40225,P40238,TPO_HUMAN,TPOR_HUMAN,curated,uniprot
P40933,Q13261,,,guidetopharmacology.org,
P41159,P48357,LEP_HUMAN,LEPR_HUMAN,curated,uniprot
P41217,Q8TD46,OX2G_HUMAN,MO2R1_HUMAN,curated,"PMID: 22020332, also called CD200-CD200R"
P41221,Q01973,,,IMEx,
P41221,Q01974,,,I2D,
P41221,Q13467,WNT5A_HUMAN,FZD5_HUMAN,curated,PMID: 24032637
P41221,Q14332,WNT5A_HUMAN,FZD2_HUMAN,curated,PMID: 24032637
P41221,Q15262,,,InnateDB-All,
P41221,Q15375,,,InnateDB-All,
P41221,Q9H6X2,,,InnateDB-All,
P41221,Q9NPG1,WNT5A_HUMAN,FZD3_HUMAN,curated,PMID: 24032637
P41221,Q9UP38,FZD1_HUMAN,WNT5A_HUMAN,curated,PMID: 24032637
P41273,Q07011,TNFL9_HUMAN,TNR9_HUMAN,curated,uniprot
P41273,Q14627,,,InnateDB-All,
P41273,Q8IZF4,,,InnateDB-All,
P41597,P51671,,,guidetopharmacology.org,
P41597,P80075,CCL8_HUMAN,CCR2_HUMAN,curated,PMID: 24218476
P41597,P80098,CCL7_HUMAN,CCR2_HUMAN,curated,PMID: 24218476
P41597,Q99616,CCL13_HUMAN,CCR2_HUMAN,curated,PMID: 24218476
P41597,Q9Y258,CCL26_HUMAN,CCR2_HUMAN,curated,PMID: 24218476
P42830,Q16570,,,I2D,
P43115,Q9UBU3,,,InnateDB-All,
P43119,Q9UBU3,,,InnateDB-All,
P43490,Q14627,,,InnateDB-All,
P43490,Q15077,,,"IMEx,IntAct",
P43628,Q07325,,,"IMEx,IntAct",
P43628,Q92520,,,"IMEx,IntAct",
P46091,Q99969,,,guidetopharmacology.org,
P46092,P80098,,,I2D,
P46092,Q9NRJ3,,,guidetopharmacology.org,
P46092,Q9Y4X3,CCL27_HUMAN,CCR10_HUMAN,curated,PMID: 24218476
P46094,P47992,XCL1_HUMAN,XCR1_HUMAN,curated,PMID: 24218476
P46094,Q9UBD3,XCL2_HUMAN,XCR1_HUMAN,curated,uniprot
P46531,P48745,,,"I2D,InnateDB-All",
P46531,P56705,,,I2D,
P46531,P78504,JAG1_HUMAN,NOTC1_HUMAN,curated,PMID: 22353464
P46531,P80370,DLK1_HUMAN,NOTC1_HUMAN,curated,PMID: 22353464
P46531,Q9NR61,DLL4_HUMAN,NOTC1_HUMAN,curated,PMID: 22353464
P46531,Q9NYJ7,DLL3_HUMAN,NOTC1_HUMAN,curated,PMID: 22353464
P46531,Q9Y219,JAG2_HUMAN,NOTC1_HUMAN,curated,PMID: 22353464
P47211,Q9UBC7,,,guidetopharmacology.org,
P47992,Q8WXG9,,,InnateDB-All,
P48061,P49682,,,guidetopharmacology.org,
P48061,P61073,SDF1_HUMAN,CXCR4_HUMAN,curated,PMID: 24218476
P48145,Q8N729,,,guidetopharmacology.org,
P48145,Q8NG41,,,guidetopharmacology.org,
P48146,Q8N729,,,guidetopharmacology.org,
P48146,Q8NG41,,,guidetopharmacology.org,
P48645,Q9GZQ4,,,guidetopharmacology.org,
P48645,Q9HB89,,,guidetopharmacology.org,
P49238,P78423,X3CL1_HUMAN,CX3C1_HUMAN,curated,PMID: 24218476
P49286,P53621,,,"I2D,IMEx,InnateDB-All,IntAct",
P49682,P78556,,,guidetopharmacology.org,
P49682,Q07325,CXCL9_HUMAN,CXCR3_HUMAN,curated,PMID: 24218476
P49682,Q99731,,,guidetopharmacology.org,
P49683,P81277,,,guidetopharmacology.org,
P50591,Q13546,,,InnateDB-All,
P50591,Q9UBN6,TNF10_HUMAN,TR10D_HUMAN,curated,uniprot
P51460,Q8WXD0,,,guidetopharmacology.org,
P51460,Q9HBX9,,,guidetopharmacology.org,
P51671,P51677,CCL11_HUMAN,CCR3_HUMAN,curated,PMID: 24218476
P51671,Q9NPB9,,,I2D,
P51677,P80075,CCL8_HUMAN,CCR3_HUMAN,curated,PMID: 24218476
P51677,P80098,CCL7_HUMAN,CCR3_HUMAN,curated,PMID: 24218476
P51677,Q16627,CCL14_HUMAN,CCR3_HUMAN,curated,PMID: 24218476
P51677,Q16663,CCL15_HUMAN,CCR3_HUMAN,curated,uniprot
P51677,Q99616,CCL13_HUMAN,CCR3_HUMAN,curated,PMID: 24218476
P51677,Q9NRJ3,,,guidetopharmacology.org,
P51677,Q9Y258,CCL26_HUMAN,CCR3_HUMAN,curated,PMID: 24218476
P51679,Q92583,CCL17_HUMAN,CCR4_HUMAN,curated,PMID: 24218476
P51681,P80075,CCL8_HUMAN,CCR5_HUMAN,curated,PMID: 24218476
P51681,P80098,CCL7_HUMAN,CCR5_HUMAN,curated,PMID: 24218476
P51684,P78556,CCL20_HUMAN,CCR6_HUMAN,curated,PMID: 24218476
P51685,P55774,CCR8_HUMAN,CCL18_HUMAN,curated,PMID: 24218476
P52797,P54756,EFNA3_HUMAN,EPHA5_HUMAN,curated,PMID: 15114347
P52797,P54764,EFNA3_HUMAN,EPHA4_HUMAN,curated,PMID: 15114347
P52797,Q15375,EFNA3_HUMAN,EPHA7_HUMAN,curated,PMID: 15114347
P52798,P54756,EFNA4_HUMAN,EPHA5_HUMAN,curated,PMID: 15114347
P52798,P54764,EFNA4_HUMAN,EPHA4_HUMAN,curated,PMID: 15114347
P52798,Q15375,EFNA4_HUMAN,EPHA7_HUMAN,curated,PMID: 15114347
P52799,P54753,EFNB2_HUMAN,EPHB3_HUMAN,curated,PMID: 15114347
P52799,P54760,EFNB2_HUMAN,EPHB4_HUMAN,curated,PMID: 15114347
P52799,P54762,EFNB2_HUMAN,EPHB1_HUMAN,curated,PMID: 15114347
P52799,P54764,EFNB2_HUMAN,EPHA4_HUMAN,curated,PMID: 15114347
P52803,P54756,EFNA5_HUMAN,EPHA5_HUMAN,curated,PMID: 15114347
P52803,P54764,EFNA5_HUMAN,EPHA4_HUMAN,curated,PMID: 15114347
P52803,Q15375,EPHA7_HUMAN,EFNA5_HUMAN,curated,PMID: 15114347
P53420,a10b1 complex,,CO4A4_HUMAN,curated,uniprot
P53420,a11b1 complex,,CO4A4_HUMAN,curated,uniprot
P53420,a1b1 complex,,CO4A4_HUMAN,curated,uniprot
P53420,a2b1 complex,,CO4A4_HUMAN,curated,uniprot
P53621,Q15077,,,"IMEx,IntAct",
P53621,Q99523,,,"IMEx,InnateDB-All,IntAct,MatrixDB",
P54753,P98172,EFNB1_HUMAN,EPHB3_HUMAN,curated,PMID: 15114347
P54753,Q15768,EFNB3_HUMAN,EPHB3_HUMAN,curated,PMID: 15114347
P54760,P98172,EFNB1_HUMAN,EPHB4_HUMAN,curated,PMID: 15114347
P54760,Q15768,EFNB3_HUMAN,EPHB4_HUMAN,curated,PMID: 15114347
P54762,P98172,EFNB1_HUMAN,EPHB1_HUMAN,curated,PMID: 15114347
P54762,Q15768,EFNB3_HUMAN,EPHB1_HUMAN,curated,PMID: 15114347
P54764,P98172,EFNB1_HUMAN,EPHA4_HUMAN,curated,PMID: 15114347
P54764,Q15768,EFNB3_HUMAN,EPHA4_HUMAN,curated,PMID: 15114347
P55089,Q13324,,,guidetopharmacology.org,
P55103,Q13705,AVR2B_HUMAN,INHBC_HUMAN,curated,PMID: 22710174
P56703,Q9UP38,,,I2D,
P56704,Q07954,,,I2D,
P56704,Q14332,,,InnateDB-All,
P56704,Q9H461,,,"IMEx,IntAct",
P56704,Q9UP38,,,"I2D,InnateDB-All",
P56705,Q99835,,,I2D,
P56705,Q9H461,,,I2D,
P56705,Q9UP38,,,I2D,
P56706,Q9ULV1,WNT7B_HUMAN,FZD4_HUMAN,curated,PMID: 24032637
P56706,Q9ULW2,WNT7B_HUMAN,FZD10_HUMAN,curated,PMID: 24032637
P56706,Q9UP38,WNT7B_HUMAN,FZD1_HUMAN,curated,PMID: 24032637
P56975,Q15303,NRG3_HUMAN,ERBB4_HUMAN,curated,uniprot
P57087,Q9BX67,JAM2_HUMAN,JAM3_HUMAN,curated,"https://www.ncbi.nlm.nih.gov/pmc/articles/PMC1237098/,https://www.ncbi.nlm.nih.gov/pubmed/11590146"
P57087,a4b1 complex,JAM2_HUMAN,,curated,https://www.ncbi.nlm.nih.gov/pubmed/12070135/
P58166,Q13705,AVR2B_HUMAN,INHBE_HUMAN,curated,PMID: 22710174
P58294,Q8NFJ6,,,guidetopharmacology.org,
P58294,Q8TCW9,,,guidetopharmacology.org,
P59901,Q10589,BST2_HUMAN,LIRA4_HUMAN,curated,https://www.ncbi.nlm.nih.gov/pubmed/19564354/
P61812,Q03167,TGFB2_HUMAN,TGBR3_HUMAN,curated,uniprot
P61812,TGFbeta receptor1,,TGFB2_HUMAN,curated,uniprot
P61812,TGFbeta receptor2,,TGFB2_HUMAN,curated,uniprot
P78310,Q92520,,,"IMEx,IntAct",
P78324,Q08722,SHPS1_HUMAN,CD47_HUMAN,curated,Reviewed in PMID: 23602662
P78504,Q04721,JAG1_HUMAN,NOTC2_HUMAN,curated,PMID: 22353464
P78504,Q99466,JAG1_HUMAN,NOTC4_HUMAN,curated,PMID: 22353464
P78504,Q9UM47,JAG1_HUMAN,NOTC3_HUMAN,curated,PMID: 22353464
P80075,Q16570,,,I2D,
P80098,Q16570,,,I2D,
P80370,Q04721,DLK1_HUMAN,NOTC2_HUMAN,curated,PMID: 22353464
P80370,Q99466,DLK1_HUMAN,NOTC4_HUMAN,curated,PMID: 22353464
P80370,Q9UM47,DLK1_HUMAN,NOTC3_HUMAN,curated,PMID: 22353464
P83859,Q96P65,,,guidetopharmacology.org,
PDGFR complex,Q9GZP0,,PDGFD_HUMAN,curated,uniprot
PlexinA1_complex1,Q8NFY4,SEM6D_HUMAN,,curated,PMID: 22325954
PlexinA1_complex2,Q8NFY4,SEM6D_HUMAN,,curated,PMID: 22325954
PlexinA1_complex3,Q14563,SEM3A_HUMAN,,curated,PMID: 22325954
PlexinA2_complex1,Q14563,SEM3A_HUMAN,,curated,PMID: 22325954
PlexinA3_complex1,Q14563,SEM3A_HUMAN,,curated,PMID: 22325954
PlexinA4_complex1,Q14563,SEM3A_HUMAN,,curated,PMID: 22325954
Q01955,a10b1 complex,,CO4A3_HUMAN,curated,uniprot
Q01955,a11b1 complex,,CO4A3_HUMAN,curated,uniprot
Q01955,a1b1 complex,,CO4A3_HUMAN,curated,uniprot
Q01955,a2b1 complex,,CO4A3_HUMAN,curated,uniprot
Q02223,Q9Y275,TN13B_HUMAN,TNR17_HUMAN,curated,uniprot
Q02297,Q15303,NRG1_HUMAN,ERBB4_HUMAN,curated,uniprot
Q02297,Q86X29,,,InnateDB-All,
Q02297,Q8NC67,,,InnateDB-All,
Q02297,Q96JQ5,,,"IMEx,IntAct",
Q02297,Q9BXB1,,,InnateDB-All,
Q02297,a6b4 complex,,NRG1_HUMAN,curated,uniprot
Q02388,a10b1 complex,,CO7A1_HUMAN,curated,uniprot
Q02388,a11b1 complex,,CO7A1_HUMAN,curated,uniprot
Q02388,a1b1 complex,,CO7A1_HUMAN,curated,uniprot
Q02388,a2b1 complex,,CO7A1_HUMAN,curated,uniprot
Q02413,Q02487,DSC2_HUMAN,DSG1_HUMAN,curated,https://www.ncbi.nlm.nih.gov/pubmed/27298358
Q02413,Q08554,DSC1_HUMAN,DSG1_HUMAN,curated,https://www.ncbi.nlm.nih.gov/pubmed/27298358
Q02413,Q14574,DSG1_HUMAN,DSC3_HUMAN,curated,https://www.ncbi.nlm.nih.gov/pubmed/27298358
Q02487,Q14126,DSC2_HUMAN,DSG2_HUMAN,curated,https://www.ncbi.nlm.nih.gov/pubmed/27298358
Q02643,Q9UBU3,,,I2D,
Q02763,Q15389,ANGP1_HUMAN,TIE2_HUMAN,curated,uniprot
Q02763,Q9Y264,ANGP4_HUMAN,TIE2_HUMAN,curated,uniprot
Q03405,a4b1 complex,UPAR_HUMAN,,curated,https://www.ncbi.nlm.nih.gov/pubmed/11053440
Q03405,aVb3 complex,UPAR_HUMAN,,curated,"https://www.ncbi.nlm.nih.gov/pubmed/11053440,https://www.ncbi.nlm.nih.gov/pubmed/15863511"
Q03692,a10b1 complex,,COAA1_HUMAN,curated,uniprot
Q03692,a11b1 complex,,COAA1_HUMAN,curated,uniprot
Q03692,a1b1 complex,,COAA1_HUMAN,curated,uniprot
Q03692,a2b1 complex,,COAA1_HUMAN,curated,uniprot
Q04721,Q13007,,,"IMEx,InnateDB-All,MINT",
Q04721,Q9NR61,DLL4_HUMAN,NOTC2_HUMAN,curated,PMID: 22353464
Q04721,Q9NYJ7,DLL3_HUMAN,NOTC2_HUMAN,curated,PMID: 22353464
Q04721,Q9Y219,JAG2_HUMAN,NOTC2_HUMAN,curated,PMID: 22353464
Q05707,a10b1 complex,,COEA1_HUMAN,curated,uniprot
Q05707,a11b1 complex,,COEA1_HUMAN,curated,uniprot
Q05707,a1b1 complex,,COEA1_HUMAN,curated,uniprot
Q05707,a2b1 complex,,COEA1_HUMAN,curated,uniprot
Q06418,Q14393,,,guidetopharmacology.org,
Q07092,a10b1 complex,,COGA1_HUMAN,curated,uniprot
Q07092,a11b1 complex,,COGA1_HUMAN,curated,uniprot
Q07092,a1b1 complex,,COGA1_HUMAN,curated,uniprot
Q07092,a2b1 complex,,COGA1_HUMAN,curated,uniprot
Q07954,Q4G0M1,,,InnateDB-All,
Q08554,Q14126,DSG2_HUMAN,DSC1_HUMAN,curated,https://www.ncbi.nlm.nih.gov/pubmed/27298358
Q08722,Q9P1W8,CD47_HUMAN,SIRPG_HUMAN,curated,https://www.ncbi.nlm.nih.gov/pubmed/15294972
Q08722,SIRB1 complex,,CD47_HUMAN,curated,"2jjs, PDB partially"
Q12866,Q14393,,,guidetopharmacology.org,
Q12879,Q14005,,,I2D,
Q12918,Q9UHP7,KLRB1_HUMAN,CLC2D_HUMAN,curated,Induces NK Cell Inhibition. Reviewed in PMID: 24223577
Q13224,Q14005,,,I2D,
Q13324,Q969E3,,,guidetopharmacology.org,
Q13324,Q96RP3,,,guidetopharmacology.org,
Q13477,a4b7 complex,,MADCA_HUMAN,curated,uniprot
Q13591,Q9ULL4,SEM5A_HUMAN,PLXB3_HUMAN,curated,uniprot
Q14005,Q14957,,,I2D,
Q14031,a10b1 complex,,CO4A6_HUMAN,curated,uniprot
Q14031,a11b1 complex,,CO4A6_HUMAN,curated,uniprot
Q14031,a1b1 complex,,CO4A6_HUMAN,curated,uniprot
Q14031,a2b1 complex,,CO4A6_HUMAN,curated,uniprot
Q14050,a10b1 complex,,CO9A3_HUMAN,curated,uniprot
Q14050,a11b1 complex,,CO9A3_HUMAN,curated,uniprot
Q14050,a1b1 complex,,CO9A3_HUMAN,curated,uniprot
Q14050,a2b1 complex,,CO9A3_HUMAN,curated,uniprot
Q14055,a10b1 complex,,CO9A2_HUMAN,curated,uniprot
Q14055,a11b1 complex,,CO9A2_HUMAN,curated,uniprot
Q14055,a1b1 complex,,CO9A2_HUMAN,curated,uniprot
Q14055,a2b1 complex,,CO9A2_HUMAN,curated,uniprot
Q14126,Q14574,DSG2_HUMAN,DSC3_HUMAN,curated,https://www.ncbi.nlm.nih.gov/pubmed/27298358
Q14773,aLb2 complex,,ICAM4_HUMAN,curated,uniprot
Q14993,a10b1 complex,,COJA1_HUMAN,curated,uniprot
Q14993,a11b1 complex,,COJA1_HUMAN,curated,uniprot
Q14993,a1b1 complex,,COJA1_HUMAN,curated,uniprot
Q14993,a2b1 complex,,COJA1_HUMAN,curated,uniprot
Q15116,Q92520,,,InnateDB-All,
Q15116,Q9BQ51,PD1L2_HUMAN,PDCD1_HUMAN,curated,antigen-stimulated T cells become anergic. PMID: 23954143
Q15116,Q9NZQ7,PD1L1_HUMAN,PDCD1_HUMAN,curated,antigen-stimulated T cells become anergic. PMID: 23954143
Q15223,Q8N126,NECT1_HUMAN,CADM3_HUMAN,curated,uniprot
Q15223,Q96NY8,PVRL1_HUMAN,NECT4_HUMAN,curated,https://www.ncbi.nlm.nih.gov/pubmed/22902367
Q15223,Q9NQS3,PVRL1_HUMAN,PVRL3_HUMAN,curated,https://www.ncbi.nlm.nih.gov/pubmed/12740392/
Q15303,Q8WWG1,NRG4_HUMAN,ERBB4_HUMAN,curated,uniprot
Q15303,Q99075,HBEGF_HUMAN,ERBB4_HUMAN,curated,uniprot
Q15726,Q969F8,,,guidetopharmacology.org,
Q15760,Q6UWT2,,,guidetopharmacology.org,
Q15762,Q92692,PVRL2_HUMAN,CD226_HUMAN,curated,"activating interaction PMID: 15607800, NK cell cytotoxicity. PMID: 24440149"
Q15848,Q8NFJ6,,,"IMEx,IntAct",
Q15848,Q8TD46,,,"IMEx,IntAct",
Q15848,Q8TDT2,,,"IMEx,IntAct",
Q15848,Q9UHP7,,,"IMEx,IntAct",
Q16570,Q92583,,,I2D,
Q16787,a3b1 complex,,LAMA3_HUMAN,curated,uniprot
Q17RW2,a10b1 complex,,COOA1_HUMAN,curated,uniprot
Q17RW2,a11b1 complex,,COOA1_HUMAN,curated,uniprot
Q17RW2,a1b1 complex,,COOA1_HUMAN,curated,uniprot
Q17RW2,a2b1 complex,,COOA1_HUMAN,curated,uniprot
Q2I0M5,Q9BXB1,,,guidetopharmacology.org,
Q2I0M5,Q9HBX8,,,guidetopharmacology.org,
Q2MKA7,Q9BXB1,,,guidetopharmacology.org,
Q2MKA7,Q9HBX8,,,guidetopharmacology.org,
Q2UY09,a10b1 complex,,COSA1_HUMAN,curated,uniprot
Q2UY09,a11b1 complex,,COSA1_HUMAN,curated,uniprot
Q2UY09,a1b1 complex,,COSA1_HUMAN,curated,uniprot
Q2UY09,a2b1 complex,,COSA1_HUMAN,curated,uniprot
Q495A1,Q92692,TIGIT_HUMAN,PVRL2_HUMAN,curated,"PMID: 1313846, Induces NK Cell Inhibition. Reviewed in PMID:24987108"
Q495A1,Q9NQS3,TIGIT_HUMAN,PVRL3_HUMAN,curated,PMID: 1313846
Q5H8A3,Q9GZQ4,,,guidetopharmacology.org,
Q5H8A3,Q9HB89,,,guidetopharmacology.org,
Q5T4W7,RET receptor 1,ARTN_HUMAN,,curated,uniprot
Q5T4W7,RET receptor 3,ARTN_HUMAN,,curated,uniprot
Q5TAT6,a10b1 complex,,CODA1_HUMAN,curated,uniprot
Q5TAT6,a11b1 complex,,CODA1_HUMAN,curated,uniprot
Q5TAT6,a1b1 complex,,CODA1_HUMAN,curated,uniprot
Q5TAT6,a2b1 complex,,CODA1_HUMAN,curated,uniprot
Q6GTX8,Q8NHJ6,LIRB4_HUMAN,LAIR1_HUMAN,curated,https://www.ncbi.nlm.nih.gov/pubmed/19283782/
Q6UVK1,a3b1 complex,,CSPG4_HUMAN,curated,uniprot
Q6UW32,Q9H665,,,"IMEx,InnateDB-All,UniProt",
Q6UWQ7,Q9H665,,,"IMEx,InnateDB-All,UniProt",
Q6UX27,Q86Y34,,,"IMEx,IntAct",
Q6UXB1,Q9H665,,,"IMEx,InnateDB-All,UniProt",
Q6UXB2,Q9HC97,,,guidetopharmacology.org,
Q6UXV0,Q99988,,,guidetopharmacology.org,
Q6UXX9,Q9BXB1,,,guidetopharmacology.org,
Q6UXX9,Q9HBX8,,,guidetopharmacology.org,
Q765I0,Q9UKP6,,,"I2D,InnateDB-All",
Q7Z6A9,Q92956,,,guidetopharmacology.org,
Q86WN2,Q8WXG9,,,InnateDB-All,
Q86WN2,Type I IFNR,IFNE_HUMAN,,curated,PMID: 9208871
Q8IU54,Type III IFNR,IFNL1_HUMAN,,curated,PMID: 9208871
Q8IZC6,a10b1 complex,,CORA1_HUMAN,curated,uniprot
Q8IZC6,a11b1 complex,,CORA1_HUMAN,curated,uniprot
Q8IZC6,a1b1 complex,,CORA1_HUMAN,curated,uniprot
Q8IZC6,a2b1 complex,,CORA1_HUMAN,curated,uniprot
Q8IZF4,Q92520,,,InnateDB-All,
Q8IZI9,Type III IFNR,IFNL3_HUMAN,,curated,PMID: 9208871
Q8IZJ0,Type III IFNR,IFNL2_HUMAN,,curated,PMID: 9208871
Q8N126,Q8NFZ8,CADM4_HUMAN,CADM3_HUMAN,curated,uniprot
Q8N126,Q9BY67,CADM1_HUMAN,CADM3_HUMAN,curated,uniprot
Q8N126,Q9H4G0,E41L1_HUMAN,CADM3_HUMAN,curated,uniprot
Q8N126,Q9NQS3,NECT3_HUMAN,CADM3_HUMAN,curated,uniprot
Q8NFJ6,Q9HC23,,,guidetopharmacology.org,
Q8NFW1,a10b1 complex,,COMA1_HUMAN,curated,uniprot
Q8NFW1,a11b1 complex,,COMA1_HUMAN,curated,uniprot
Q8NFW1,a1b1 complex,,COMA1_HUMAN,curated,uniprot
Q8NFW1,a2b1 complex,,COMA1_HUMAN,curated,uniprot
Q8NHW4,Q8TDT2,,,"IMEx,IntAct",
Q8NHW4,Q8TDV0,,,"IMEx,IntAct",
Q8NHW4,Q96P66,,,"IMEx,IntAct",
Q8NHW4,Q9H7M9,,,"IMEx,IntAct",
Q8TCW9,Q9HC23,,,guidetopharmacology.org,
Q8TDU9,Q8WXF3,,,guidetopharmacology.org,
Q8TDU9,Q9Y5Q6,,,guidetopharmacology.org,
Q8WXD0,Q8WXF3,,,guidetopharmacology.org,
Q8WXF3,Q9HBX9,,,guidetopharmacology.org,
Q8WXF3,Q9NSD7,,,guidetopharmacology.org,
Q8WXG9,Q96T91,,,InnateDB-All,
Q92478,Q9NZS2,CLC2B_HUMAN,KLRF1_HUMAN,curated,Induces NK Cell Activation. Reviewed in PMID: 24223577
Q92520,Q9UHP7,,,"IMEx,InnateDB-All,IntAct",
Q92692,Q9NQS3,PVRL2_HUMAN,PVRL3_HUMAN,curated,"https://www.ncbi.nlm.nih.gov/pubmed/19011627,https://www.ncbi.nlm.nih.gov/pubmed/12740392/"
Q92838,Q9HAV5,,,guidetopharmacology.org,
Q92838,Q9UNE0,,,guidetopharmacology.org,
Q92847,Q969E1,,,guidetopharmacology.org,
Q92847,Q9UBU3,,,guidetopharmacology.org,
Q93097,Q9ULV1,WNT2B_HUMAN,FZD4_HUMAN,curated,PMID: 24032637
Q969D9,TSLPR,,TSLP_HUMAN,curated,"5j11, PDB"
Q96A83,a10b1 complex,,COQA1_HUMAN,curated,uniprot
Q96A83,a11b1 complex,,COQA1_HUMAN,curated,uniprot
Q96A83,a1b1 complex,,COQA1_HUMAN,curated,uniprot
Q96A83,a2b1 complex,,COQA1_HUMAN,curated,uniprot
Q96AP7,Q96AP7,ESAM_HUMAN,ESAM_HUMAN,curated,https://www.ncbi.nlm.nih.gov/pubmed/11279107
Q96P44,a10b1 complex,,COLA1_HUMAN,curated,uniprot
Q96P44,a11b1 complex,,COLA1_HUMAN,curated,uniprot
Q96P44,a1b1 complex,,COLA1_HUMAN,curated,uniprot
Q96P44,a2b1 complex,,COLA1_HUMAN,curated,uniprot
Q96QR1,Q9UEW3,,,"I2D,InnateDB-All",
Q96QR1,Q9UM47,,,InnateDB-All,
Q96RJ3,Q9Y275,,,guidetopharmacology.org,
Q96T91,Q9UF33,,,InnateDB-All,
Q99466,Q9NR61,DLL4_HUMAN,NOTC4_HUMAN,curated,PMID: 22353464
Q99466,Q9NYJ7,DLL3_HUMAN,NOTC4_HUMAN,curated,PMID: 22353464
Q99466,Q9Y219,JAG2_HUMAN,NOTC4_HUMAN,curated,PMID: 22353464
Q99715,a10b1 complex,,COCA1_HUMAN,curated,uniprot
Q99715,a11b1 complex,,COCA1_HUMAN,curated,uniprot
Q99715,a1b1 complex,,COCA1_HUMAN,curated,uniprot
Q99715,a2b1 complex,,COCA1_HUMAN,curated,uniprot
Q99731,Q9NPB9,CCL19_HUMAN,ACKR4_HUMAN,curated,PMID: 24218476
Q99748,RET receptor 2,NRTN_HUMAN,,curated,uniprot
Q99788,Q99969,,,guidetopharmacology.org,
Q99983,aVb3 complex,,OMD_HUMAN,curated,uniprot
Q9BX67,Q9BX67,JAM3_HUMAN,JAM3_HUMAN,curated,https://www.ncbi.nlm.nih.gov/pubmed/16118203
Q9BX67,aMb2 complex,JAM3_HUMAN,,curated,"https://www.ncbi.nlm.nih.gov/pubmed/16118203,https://www.ncbi.nlm.nih.gov/pmc/articles/PMC2194005/"
Q9BXB1,Q9BXY4,,,guidetopharmacology.org,
Q9BXY4,Q9HBX8,,,guidetopharmacology.org,
Q9BY67,Q9BY67,CADM1_HUMAN,CADM1_HUMAN,curated,https://www.ncbi.nlm.nih.gov/pubmed/24503895
Q9BY67,Q9NQS3,CADM1_HUMAN,NECT3_HUMAN,curated,uniprot
Q9BYF1,Q9UBU3,,,I2D,
Q9GZQ6,Q9HCQ7,,,guidetopharmacology.org,
Q9H3S1,Q9Y4D7,SEM4A_HUMAN,PLXD1_HUMAN,curated,PMID: 22325954
Q9HC73,TSLPR,,CRLF2_HUMAN,curated,DOI  10.1038/ncomms14937
Q9NR61,Q9UM47,DLL4_HUMAN,NOTC3_HUMAN,curated,PMID: 22353464
Q9NSD7,Q9Y5Q6,,,guidetopharmacology.org,
Q9NYJ7,Q9UM47,DLL3_HUMAN,NOTC3_HUMAN,curated,PMID: 22353464
Q9NZH6,Q9NZN1,,,InnateDB,
Q9P0W0,Type I IFNR,IFNK_HUMAN,,curated,PMID: 9208871
Q9P218,a10b1 complex,,COKA1_HUMAN,curated,uniprot
Q9P218,a11b1 complex,,COKA1_HUMAN,curated,uniprot
Q9P218,a1b1 complex,,COKA1_HUMAN,curated,uniprot
Q9P218,a2b1 complex,,COKA1_HUMAN,curated,uniprot
Q9UM47,Q9Y219,JAG2_HUMAN,NOTC3_HUMAN,curated,PMID: 22353464
Q9UMD9,a10b1 complex,,COHA1_HUMAN,curated,uniprot
Q9UMD9,a11b1 complex,,COHA1_HUMAN,curated,uniprot
Q9UMD9,a1b1 complex,,COHA1_HUMAN,curated,uniprot
Q9UMD9,a2b1 complex,,COHA1_HUMAN,curated,uniprot
Q9UNG2,Q9Y5U5,TNF18_HUMAN,TNR18_HUMAN,curated,uniprot
Q9Y624,aLb2 complex,,JAM1_HUMAN,curated,"(PubMed:11812992, PubMed:15528364)"
a2Bb3 complex,fibrinogen,,,curated,uniprot
aMb2 complex,fibrinogen,,,curated,uniprot
aXb2 complex,fibrinogen,,,curated,uniprot
