uniprot,protein_name,transmembrane,peripheral,secreted,secreted_desc,secreted_highlight,receptor,receptor_desc,integrin,other,other_desc,tags,tags_reason,tags_description,pfam
A4D1S0,KLRG2_HUMAN,True,False,False,,False,True,KLR_add,False,False,,To_add | To_comment,Receptor_add,Killer cell lectin-like receptor subfamily | Receptor_add (uniprot),PF00059;
A6NMZ7,CO6A6_HUMAN,False,False,True,,False,False,,False,False,,To_add,,Collagen,PF01391;PF00092;
A8TX70,CO6A5_HUMAN,False,False,True,,False,False,,False,False,,To_add,,Collagen,PF01391;PF00092;
D3W0D1,KLRF2_HUMAN,True,False,False,,False,True,KLR_add,False,False,,To_comment,Extracellular_add,,PF00059;
HLAA,HLAA,True,False,False,,False,True,HLA,False,False,,To_add,,,
HLAB,HLAB,True,False,False,,False,True,HLA,False,False,,To_add,,,
HLAC,HLAC,True,False,False,,False,True,HLA,False,False,,To_add,,,
HLADPA1,HLADPA1,True,False,False,,False,True,HLA,False,False,,To_add,,,
HLADPB1,HLADPB1,True,False,False,,False,True,HLA,False,False,,To_add,,,
HLADQB2,HLADQB2,True,False,False,,False,True,HLA,False,False,,To_add,,,
HLADRB1,HLADRB1,True,False,False,,False,True,HLA,False,False,,To_add,,,
O00144,FZD9_HUMAN,True,False,False,,False,True,,False,False,,To_comment,Extracellular_add,,PF01534;PF01392;
O00155,GPR25_HUMAN,True,False,False,,False,True,,False,False,,To_add,,,PF00001;
O00175,CCL24_HUMAN,False,False,True,Cytokine,True,False,,False,False,,To_add,,,PF00048;
O00182,LEG9_HUMAN,False,True,True,Immune-related,True,False,,False,False,,To_comment,secretedhigh_add | peripheral_add,Ligand for HAVCR2/TIM3 (uniprot),PF00337;
O00220,TR10A_HUMAN,True,False,False,,False,True,TNF_receptor_add,False,False,,To_add,,TNF_receptor_add (uniprot),PF00531;PF00020;
O00230,CORT_HUMAN,False,False,True,Hormone,True,False,,False,False,,To_add,,,PF03002;
O00238,BMR1B_HUMAN,True,False,False,,False,True,TGFBeta_receptor_add,False,False,,To_add,,,PF01064;PF07714;PF08515;
O00241,SIRB1_HUMAN,True,False,False,,False,True,,False,False,,To_add | To_comment,Receptor_add,Iglike | Receptor_add,PF07654;PF07686;
O00253,AGRP_HUMAN,False,False,True,,False,False,,False,False,,To_add,,,PF05039;
O00292,LFTY2_HUMAN,False,False,True,Growthfactor | Cytokine,True,False,,False,False,,To_add,,,PF00019;PF00688;
O00300,TR11B_HUMAN,False,False,True,,False,False,,False,False,,To_add,,,PF00531;PF00020;
O00421,CCRL2_HUMAN,True,False,False,,False,True,Atipical_chemokine_receptor_add,False,False,,To_add,,,PF00001;
O00451,GFRA2_HUMAN,True,False,False,,False,True,,False,False,,To_add,,,PF02351;
O00548,DLL1_HUMAN,True,False,False,,False,False,,False,False,,To_add,,,PF01414;PF00008;PF12661;PF07657;
O00574,CXCR6_HUMAN,True,False,False,,False,True,Chemokine_receptor CXCR_add,False,False,,To_add,,,PF00001;
O00585,CCL21_HUMAN,False,False,True,Cytokine,True,False,,False,False,,To_add,,,PF00048;
O00590,ACKR2_HUMAN,True,False,False,,False,True,Atipical_chemokine_receptor_add,False,False,,To_add,,,PF00001;
O00592,PODXL_HUMAN,True,False,False,,False,False,,False,False,,To_add,,Migration,PF06365;
O00626,CCL22_HUMAN,False,False,True,Cytokine,True,False,,False,False,,To_add,,,PF00048;
O00755,WNT7A_HUMAN,False,False,True,CellSignal_WNT,True,False,,False,False,,To_add,,,PF00110;
O14511,NRG2_HUMAN,True,False,True,Growthfactor,True,False,,False,False,,To_add,,,PF07679;PF02158;
O14625,CXL11_HUMAN,False,False,True,Cytokine,True,False,,False,False,,To_add,,,PF00048;
O14763,TR10B_HUMAN,True,False,False,,False,True,TNF_receptor_add,False,False,,To_add,,TNF_receptor_add (uniprot),PF00531;PF00020;
O14786,NRP1_HUMAN,True,False,True,Growthfactor,True,True,,False,False,,To_add,,,PF00431;PF11980;PF00754;PF00629;
O14788,TNF11_HUMAN,True,False,True,Cytokine,True,True,,False,False,,To_add,,,PF00229;
O14793,GDF8_HUMAN,False,False,True,Growthfactor | Cytokine,True,False,,False,False,,To_add,,,PF00019;PF00688;
O14798,TR10C_HUMAN,True,False,False,,False,True,TNF_receptor_add,False,False,,To_add,,,PF00020;
O14836,TR13B_HUMAN,True,False,False,,False,True,TNF_receptor_add,False,False,,To_add,,TNF_family (uniprot),PF09305;
O14931,NCTR3_HUMAN,True,False,False,,False,True,,False,False,,To_comment,Extracellular_add,,PF07686;
O14939,PLD2_HUMAN,False,False,False,,False,False,,False,False,,To_add,,,PF00614;PF13091;PF00787;
O14944,EREG_HUMAN,True,False,True,Growthfactor,True,False,,False,False,,To_add,,,
O15031,PLXB2_HUMAN,True,False,False,,False,True,,False,False,,To_add,,,PF08337;PF01437;PF01403;PF01833;PF17960;
O15041,SEM3E_HUMAN,False,False,True,,False,False,,False,False,,To_add,,,PF00047;PF01403;
O15123,ANGP2_HUMAN,False,False,True,,False,False,,False,False,,To_add,,,PF00147;
O15173,PGRC2_HUMAN,True,False,False,,False,True,,False,False,,To_add,,progesterone receptor (uniprot),PF00173;
O15197,EPHB6_HUMAN,True,False,True,,False,True,,False,True,,To_remove,,no ensembl,PF14575;PF01404;PF07699;PF00041;PF07714;PF07647;
O15240,VGF_HUMAN,False,False,True,Growthfactor,True,False,,False,False,,To_add,,,
O15354,GPR37_HUMAN,True,False,False,,False,True,,False,False,,To_add,,,PF00001;
O15399,NMDE4_HUMAN,True,False,False,,False,True,,False,False,,To_add,,,PF01094;PF00060;PF10613;
O15444,CCL25_HUMAN,False,False,True,Cytokine,True,False,,False,False,,To_add,,,PF00048;
O15467,CCL16_HUMAN,False,False,True,Cytokine,True,False,,False,False,,To_add,,,PF00048;
O15520,FGF10_HUMAN,False,False,True,Growthfactor,True,False,,False,False,,To_add,,,PF00167;
O15529,GPR42_HUMAN,True,False,False,,False,True,,False,False,,To_add,,,PF00001;
O15552,FFAR2_HUMAN,True,False,False,,False,True,,False,False,,To_add,,,PF00001;
O43157,PLXB1_HUMAN,True,False,True,,False,True,,False,False,,To_add,,Migration,PF08337;PF01437;PF01403;PF01833;PF18020;PF17960;
O43193,MTLR_HUMAN,True,False,False,,False,True,,False,False,,To_add,,,PF00001;
O43508,TNF12_HUMAN,True,False,True,Cytokine,True,False,,False,False,,To_add,,,PF00229;
O43555,GON2_HUMAN,False,False,True,Hormone,True,False,,False,False,,To_add,,,PF00446;
O43557,TNF14_HUMAN,True,False,True,Cytokine,True,False,,False,False,,To_add,,,PF00229;
O43603,GALR2_HUMAN,True,False,False,,False,True,,False,False,,To_add,,,PF00001;
O43612,OREX_HUMAN,False,False,True,,False,False,,False,False,,To_add | To_comment,secreted_add | extracellular_add,Genecards: hypothalamic neuropeptide precursor protein,PF02072;
O43613,OX1R_HUMAN,True,False,False,,False,True,,False,False,,To_add,,,PF00001;
O43614,OX2R_HUMAN,True,False,False,,False,True,,False,False,,To_add,,,PF00001;PF03827;
O43914,TYOBP_HUMAN,False,True,False,,False,False,,False,False,,To_add,,complex,
O43915,VEGFD_HUMAN,False,False,True,Growthfactor,True,False,,False,False,,To_add,,,PF00341;
O43921,EFNA2_HUMAN,True,False,False,,False,False,,False,False,,To_comment,extracellular_add,ligandIUPHAR,PF00812;
O43927,CXL13_HUMAN,False,False,True,Cytokine,True,False,,False,False,,To_add,,,PF00048;
O60258,FGF17_HUMAN,False,False,True,Growthfactor,True,False,,False,False,,To_add,,,PF00167;
O60353,FZD6_HUMAN,True,False,False,,False,True,,False,False,,To_comment,Extracellular_add,,PF01534;PF01392;
O60383,GDF9_HUMAN,False,False,True,Growthfactor | Cytokine,True,False,,False,False,,To_add,,,PF00019;
O60462,NRP2_HUMAN,True,False,True,Growthfactor,False,True,,False,False,,To_add | To_comment,secretedhigh_add,High affinity receptor for semaphorins | Growthfactor (uniprot),PF00431;PF11980;PF00754;PF00629;
O60486,PLXC1_HUMAN,True,False,False,,False,True,,False,False,,To_add | To_comment,transmembrane_add | receptor_add | extracellular_add,"Uniprot: Receptor for SEMA7A, for smallpox semaphorin A39R, vaccinia virus semaphorin A39R and for herpesvirus Sema protein",PF08337;PF01437;PF01833;
O60542,PSPN_HUMAN,False,False,True,Growthfactor,True,False,,False,False,,To_add,,,PF00019;
O60609,GFRA3_HUMAN,True,False,False,,False,True,,False,False,,To_add,,,PF02351;
O60755,GALR3_HUMAN,True,False,False,,False,True,,False,False,,To_add,,,PF00001;
O60883,ETBR2_HUMAN,True,False,False,,False,True,,False,False,,To_add,,,PF00001;
O75051,PLXA2_HUMAN,True,False,False,,False,False,,False,False,,To_add,,,PF08337;PF01437;PF01403;PF01833;PF18020;PF17960;
O75084,FZD7_HUMAN,True,False,False,,False,True,,False,False,,To_comment,Extracellular_add,,PF01534;PF01392;
O75144,ICOSL_HUMAN,True,False,False,,False,False,,False,False,,To_add|To_comment,Extracellular_add,Iglike,PF07686;
O75197,LRP5_HUMAN,True,False,False,,False,True,,False,False,,To_add | To_comment,extracellular_add,Component of the Wnt-Fzd-LRP5-LRP6 complex (uniprot),PF00057;PF00058;
O75326,SEM7A_HUMAN,True,False,False,,False,False,,False,False,,To_add,,Possible_receptor,PF13895;PF01437;PF01403;
O75473,LGR5_HUMAN,True,False,False,,False,True,,False,False,,To_add,,,PF00560;PF13855;PF01462;
O75578,ITA10_HUMAN,True,False,False,,False,True,,False,False,,To_add,,Integrin (uniprot),PF01839;PF08441;PF00092;
O75581,LRP6_HUMAN,True,False,False,,False,True,,False,False,,To_add,,,PF00057;PF00058;
O75610,LFTY1_HUMAN,False,False,True,Growthfactor | Cytokine,True,False,,False,False,,To_add,,,PF00019;PF00688;
O75888,TNF13_HUMAN,False,False,True,Cytokine,True,False,,False,False,,To_add,,,PF00229;
O76093,FGF18_HUMAN,False,False,True,Growthfactor,True,False,,False,False,,To_add,,,PF00167;
O94910,AGRL1_HUMAN,True,False,False,,False,True,,False,False,,To_add,,,PF00002;PF16489;PF02140;PF01825;PF02793;PF02354;PF02191;
O95150,TNF15_HUMAN,True,False,True,Cytokine,True,False,,False,False,,To_add,,,PF00229;
O95256,I18RA_HUMAN,True,False,False,,False,True,Cytokine_receptor_add,False,False,,To_add,,Iglike,PF13895;PF18452;PF01582;
O95389,WISP3_HUMAN,False,False,True,Growthfactor,True,False,,False,False,,To_add,,,PF00007;PF00219;
O95390,GDF11_HUMAN,False,False,True,Growthfactor | Cytokine,True,False,,False,False,,To_add,,,PF00019;PF00688;
O95393,BMP10_HUMAN,False,False,True,Growthfactor | Cytokine,True,False,,False,False,,To_add,,,PF00019;PF00688;
O95399,UTS2_HUMAN,False,False,True,Hormone,True,False,,False,False,,To_add,,,PF02083;
O95407,TNF6B_HUMAN,False,False,True,,False,False,,False,False,,To_add,,,PF00020;
O95727,CRTAM_HUMAN,True,False,False,,False,False,,False,False,,To_add | To_comment,Extracellular_add,Iglike | Possible_receptor,PF08205;PF07686;
O95750,FGF19_HUMAN,False,False,True,Growthfactor,True,False,,False,False,,To_add,,,PF00167;
O95760,IL33_HUMAN,False,False,True,Cytokine,True,False,,False,False,,To_add,,,PF15095;
O95800,GPR75_HUMAN,True,False,False,,False,True,,False,False,,To_add,,,PF00001;
O95813,CER1_HUMAN,False,False,True,Cytokine,True,False,,False,False,,To_add,,,PF03045;
O95838,GLP2R_HUMAN,True,False,False,,False,True,,False,False,,To_add,,,PF00002;PF02793;
O95971,BY55_HUMAN,True,False,False,,False,True,,False,False,,To_add,,,
O95972,BMP15_HUMAN,False,False,True,Growthfactor | Cytokine,True,False,,False,False,,To_add,,,PF00019;
O96014,WNT11_HUMAN,False,False,True,CellSignal_WNT,True,False,,False,False,,To_add,,,PF00110;
P00533,EGFR_HUMAN,True,False,True,,False,True,Estrogen_receptor_add,False,False,,To_add,,,PF00757;PF14843;PF07714;PF01030;
P00734,THRB_HUMAN,False,False,True,,False,False,,False,False,,To_add,,,PF00594;PF00051;PF09396;PF00089;
P00742,FA10_HUMAN,False,False,True,,False,False,,False,False,,To_add,,,PF00008;PF00594;PF00089;
P00747,PLMN_HUMAN,False,False,True,,False,False,,False,False,,To_add,,,PF00051;PF00024;PF00089;
P01019,ANGT_HUMAN,False,False,True,,False,False,,False,False,,To_add,,,PF00079;
P01024,CO3_HUMAN,False,False,True,,False,False,,False,False,,To_add,,,PF00207;PF07703;PF07677;PF01821;PF17790;PF01835;PF17791;PF17789;PF01759;PF07678;
P01031,CO5_HUMAN,False,False,True,,False,False,,False,False,,To_add,,,PF00207;PF07703;PF07677;PF01821;PF17790;PF01835;PF17791;PF17789;PF01759;PF07678;
P01033,TIMP1_HUMAN,False,False,True,Growthfactor,True,False,,False,False,,To_add,,,PF00965;
P01042,KNG1_HUMAN,False,False,True,,False,False,,False,False,,To_add,,,PF00031;
P01127,PDGFB_HUMAN,False,False,True,Growthfactor,True,False,,False,False,,To_add,,,PF00341;PF04692;
P01130,LDLR_HUMAN,True,False,False,,False,True,,False,False,,To_add,,,PF07645;PF00057;PF00058;
P01133,EGF_HUMAN,False,False,True,Growthfactor,True,False,,False,False,,To_add | To_comment,secreted_add | secreted_high| extracellular _add,Uniprot: EGF stimulates the growth of various epidermal and epithelial tissues in vivo and in vitro and of some fibroblasts in cell culture. ,PF00008;PF07645;PF00058;
P01135,TGFA_HUMAN,True,False,True,Growthfactor,True,False,,False,False,,To_add,,,
P01137,TGFB1_HUMAN,False,False,True,Growthfactor,True,False,,False,False,,To_add,,,PF00019;PF00688;
P01138,NGF_HUMAN,False,False,True,Growthfactor,True,False,,False,False,,To_add,,,PF00243;
P01148,GON1_HUMAN,False,False,True,Hormone,True,False,,False,False,,To_add,,,PF00446;
P01160,ANF_HUMAN,False,False,True,Hormone,True,False,,False,False,,To_add,,,PF00212;
P01178,NEU1_HUMAN,False,False,True,Hormone,True,False,,False,False,,To_add,,,PF00220;PF00184;
P01185,NEU2_HUMAN,False,False,True,Hormone,True,False,,False,False,,To_add,,,PF00220;PF00184;
P01189,COLI_HUMAN,False,False,True,Hormone,True,False,,False,False,,To_add,,,PF00976;PF08384;PF08035;
P01210,PENK_HUMAN,False,False,True,,False,False,,False,False,,To_add,,,PF01160;
P01215,GLHA_HUMAN,False,False,True,Hormone,True,False,,False,False,,To_add,,,PF00236;
P01222,TSHB_HUMAN,False,False,True,Hormone,True,False,,False,False,,To_add,,,PF00007;
P01225,FSHB_HUMAN,False,False,True,Hormone,True,False,,False,False,,To_add,,,PF00007;
P01229,LSHB_HUMAN,False,False,True,Hormone,True,False,,False,False,,To_add,,,PF00007;
P01236,PRL_HUMAN,False,False,True,Hormone,True,False,,False,False,,To_add,,,PF00103;
P01241,SOMA_HUMAN,False,False,True,Hormone,True,False,,False,False,,To_add,,,PF00103;
P01242,SOM2_HUMAN,False,False,True,Hormone,True,False,,False,False,,To_add,,,PF00103;
P01258,CALC_HUMAN,False,False,True,Hormone,True,False,,False,False,,To_add,,,PF00214;
P01266,THYG_HUMAN,False,False,True,Hormone,True,False,,False,False,,To_add,,,PF00135;PF07699;PF00086;
P01270,PTHY_HUMAN,False,False,True,Hormone,True,False,,False,False,,To_add,,,PF01279;
P01275,GLUC_HUMAN,False,False,True,Hormone,True,False,,False,False,,To_add,,,PF00123;
P01282,VIP_HUMAN,False,False,True,Hormone,True,False,,False,False,,To_add,,,PF00123;
P01286,SLIB_HUMAN,False,False,True,,False,False,,False,False,,To_add,,,PF00123;
P01298,PAHO_HUMAN,False,False,True,Hormone,True,False,,False,False,,To_add,,,PF00159;
P01308,INS_HUMAN,False,False,True,Hormone,True,False,,False,False,,To_add,,,PF00049;
P01344,IGF2_HUMAN,False,False,True,Growthfactor | Hormone,True,False,,False,False,,To_add,,,PF08365;PF00049;
P01350,GAST_HUMAN,False,False,True,Hormone,True,False,,False,False,,To_add,,,PF00918;
P01374,TNFB_HUMAN,False,False,True,Cytokine,True,False,,False,False,,To_add,,,PF00229;
P01375,TNFA_HUMAN,True,False,True,Cytokine,True,False,,False,False,,To_add,,,PF00229;
P01562,IFNA1_HUMAN,False,False,True,Cytokine,True,False,,False,False,,To_add,,,PF00143;
P01563,IFNA2_HUMAN,False,False,True,Cytokine,True,False,,False,False,,To_add,,,PF00143;
P01566,IFN10_HUMAN,False,False,True,Cytokine,True,False,,False,False,,To_add,,,PF00143;
P01567,IFNA7_HUMAN,False,False,True,Cytokine,True,False,,False,False,,To_add,,,PF00143;
P01568,IFN21_HUMAN,False,False,True,Cytokine,True,False,,False,False,,To_add,,,PF00143;
P01569,IFNA5_HUMAN,False,False,True,Cytokine,True,False,,False,False,,To_add,,,PF00143;
P01570,IFN14_HUMAN,False,False,True,Cytokine,True,False,,False,False,,To_add,,,PF00143;
P01571,IFN17_HUMAN,False,False,True,Cytokine,True,False,,False,False,,To_add,,,PF00143;
P01574,IFNB_HUMAN,False,False,True,Cytokine,True,False,,False,False,,To_add,,,PF00143;
P01579,IFNG_HUMAN,False,False,True,Cytokine,True,False,,False,False,,To_add,,,PF00714;
P01583,IL1A_HUMAN,False,False,True,Cytokine,True,False,,False,False,,To_add,,,PF00340;PF02394;
P01584,IL1B_HUMAN,False,False,True,Cytokine,True,False,,False,False,,To_add,,,PF00340;PF02394;
P01588,EPO_HUMAN,False,False,True,Hormone,True,False,,False,False,,To_add,,,PF00758;
P01589,IL2RA_HUMAN,True,False,False,,False,True,Cytokine_receptor_add,False,False,,To_add,,Cytokine_receptor_add (uniprot),PF00084;
P01732,CD8A_HUMAN,True,False,True,,False,True,,False,False,,To_comment,Receptor_add,,PF07686;
P02452,CO1A1_HUMAN,False,False,True,,False,False,,False,False,,To_add,,collagen,PF01410;PF01391;PF00093;
P02458,CO2A1_HUMAN,False,False,True,,False,False,,False,False,,To_add,,collagen,PF01410;PF01391;PF00093;
P02461,CO3A1_HUMAN,False,False,True,,False,False,,False,False,,To_add,,collagen,PF01410;PF01391;PF00093;
P02462,CO4A1_HUMAN,False,False,True,,False,False,,False,False,,To_add,,collagen,PF01413;PF01391;
P02671,FIBA_HUMAN,False,False,True,,False,False,,False,False,,To_add,,,PF08702;PF12160;PF00147;
P02675,FIBB_HUMAN,False,False,True,,False,False,,False,False,,To_add,,,PF08702;PF00147;
P02679,FIBG_HUMAN,False,False,True,,False,False,,False,False,,To_add,,,PF08702;PF00147;
P02751,FINC_HUMAN,False,False,True,,False,False,,False,False,,To_add,,,PF00039;PF00040;PF00041;
P02766,TTHY_HUMAN,False,False,True,Hormone,True,False,,False,False,,To_add,,,PF00576;
P02768,ALBU_HUMAN,False,False,True,,False,False,,False,False,,To_add,,,PF00273;
P02775,CXCL7_HUMAN,False,False,True,Growthfactor | Cytokine,True,False,,False,False,,To_add,,,PF00048;
P02776,PLF4_HUMAN,False,False,True,Cytokine,True,False,,False,False,,To_add,,,PF00048;
P02778,CXL10_HUMAN,False,False,True,Cytokine,True,False,,False,False,,To_add,,,PF00048;
P02786,TFR1_HUMAN,True,False,True,,False,True,,False,False,,To_add,,,PF02225;PF04389;PF04253;
P03971,MIS_HUMAN,False,False,True,Growthfactor,True,False,,False,False,,To_add,,,PF04709;PF00019;
P04004,VTNC_HUMAN,False,False,True,,False,False,,False,False,,To_add,,,PF00045;PF01033;
P04083,ANXA1_HUMAN,False,True,True,,False,False,,False,False,,To_add,,,PF00191;
P04085,PDGFA_HUMAN,False,False,True,Growthfactor,True,False,,False,False,,To_add,,,PF00341;PF04692;
P04090,REL2_HUMAN,False,False,True,Hormone,True,False,,False,False,,To_add,,,PF00049;
P04141,CSF2_HUMAN,False,False,True,Growthfactor | Cytokine,True,False,,False,False,,To_add,,,PF01109;
P04155,TFF1_HUMAN,False,False,True,Growthfactor,True,False,,False,False,,To_add,,,PF00088;
P04216,THY1_HUMAN,True,False,False,,False,False,,False,False,,To_add,,,PF00047;
P04233,HG2A_HUMAN,True,False,False,,False,True,Cytokine_receptor,False,False,,To_comment,Receptor_add,Chemokine_receptor_add,PF09307;PF08831;PF00086;
P04275,VWF_HUMAN,False,False,True,,False,False,,False,False,,To_add,,,PF08742;PF01826;PF00092;PF16164;PF00093;PF00094;
P04628,WNT1_HUMAN,False,False,True,CellSignal_WNT,True,False,,False,False,,To_add,,,PF00110;
P04629,NTRK1_HUMAN,True,False,False,,False,True,,False,False,,To_add,,,PF13855;PF07714;PF16920;PF18613;
P04808,REL1_HUMAN,False,False,True,Hormone,True,False,,False,False,,To_add,,,PF00049;
P05000,IFNW1_HUMAN,False,False,True,Cytokine,True,False,,False,False,,To_add,,,PF00143;
P05013,IFNA6_HUMAN,False,False,True,Cytokine,True,False,,False,False,,To_add,,,PF00143;
P05014,IFNA4_HUMAN,False,False,True,Cytokine,True,False,,False,False,,To_add,,,PF00143;
P05015,IFN16_HUMAN,False,False,True,Cytokine,True,False,,False,False,,To_add,,,PF00143;
P05019,IGF1_HUMAN,False,False,True,Growthfactor,True,False,,False,False,,To_add,,,PF00049;
P05067,A4_HUMAN,True,False,False,,False,False,,False,False,,To_add,,ligandIUPHAR,PF10515;PF12924;PF12925;PF02177;PF03494;PF00014;
P05106,ITB3_HUMAN,True,False,False,,False,True,,False,False,,To_add,,Migration,PF07974;PF18372;PF08725;PF07965;PF00362;PF17205;
P05107,ITB2_HUMAN,True,False,False,,False,True,,False,False,,To_add,,Integrin (uniprot),PF08725;PF07965;PF00362;PF17205;
P05111,INHA_HUMAN,False,False,True,Growthfactor | Hormone,True,False,,False,False,,To_add,,,PF00019;
P05112,IL4_HUMAN,False,False,True,Growthfactor | Cytokine,True,False,,False,False,,To_add,,,PF00727;
P05113,IL5_HUMAN,False,False,True,Growthfactor | Cytokine,True,False,,False,False,,To_add,,,PF02025;
P05230,FGF1_HUMAN,False,False,True,Growthfactor,True,False,,False,False,,To_add,,,PF00167;
P05231,IL6_HUMAN,False,False,True,Growthfactor | Cytokine,True,False,,False,False,,To_add,,,PF00489;
P05362,ICAM1_HUMAN,True,False,False,,False,True,,False,False,,To_add | To_comment,,Iglike | ligandIUPHAR,PF03921;
P05556,ITB1_HUMAN,True,False,False,,False,True,,False,False,,To_add,,Migration,PF07974;PF18372;PF08725;PF07965;PF00362;PF17205;
P05997,CO5A2_HUMAN,False,False,True,,False,False,,False,False,,To_add,,Collagen,PF01410;PF01391;PF00093;
P06213,INSR_HUMAN,True,False,False,,False,True,,False,False,,To_add,,,PF00757;PF17870;PF07714;PF01030;
P06239,LCK_HUMAN,True,False,False,,False,False,,False,False,,To_comment,Extracellular_add,,PF07714;PF00017;PF00018;
P06307,CCKN_HUMAN,False,False,True,Hormone,True,False,,False,False,,To_add,,,PF00918;
P06729,CD2_HUMAN,True,False,False,,False,True,,False,False,,To_add | To_comment,Receptor_add,Iglike | Receptor_add,PF05790;PF07686;
P06731,CEAM5_HUMAN,True,False,False,,False,False,,False,False,,To_comment,Adhesion_add,,PF13895;PF07686;
P06734,FCER2_HUMAN,True,False,True,,False,True,,False,False,,To_add,,,PF00059;
P06744,G6PI_HUMAN,False,False,True,Growthfactor | Cytokine,True,False,,False,False,,To_add,,,PF00342;
P06756,ITAV_HUMAN,True,False,False,,False,True,,False,False,,To_add | To_comment,Adhesion_add,Migration | Adhesion_add (uniprot),PF01839;PF00357;PF08441;
P06850,CRF_HUMAN,False,False,True,Hormone,True,False,,False,False,,To_add,,,PF00473;
P06881,CALCA_HUMAN,False,False,True,Hormone,True,False,,False,False,,To_add,,,PF00214;
P07225,PROS_HUMAN,False,False,True,,False,False,,False,False,,To_add,,,PF00008;PF07645;PF00594;PF00054;PF02210;
P07306,ASGR1_HUMAN,True,False,True,,False,True,,False,False,,To_add,,Mediates the endocytosis of plasma glycoproteins (uniprot),PF00059;
P07307,ASGR2_HUMAN,True,False,False,,False,True,,False,False,,To_add,,Mediates the endocytosis of plasma glycoproteins (uniprot),PF00059;
P07333,CSF1R_HUMAN,True,False,False,,False,True,,False,False,,To_add,,,PF00047;PF07714;
P07359,GP1BA_HUMAN,True,False,False,,False,False,,False,False,,To_add,,a surface membrane protein of platelets (uniprot),PF13855;PF01462;
P07492,GRP_HUMAN,False,False,True,,False,False,,False,False,,To_add,,,PF02044;
P07550,ADRB2_HUMAN,True,False,False,,False,True,,False,False,,To_add,,,PF00001;
P07602,SAP_HUMAN,False,False,True,,False,False,,False,False,,To_add,,,PF02199;PF05184;PF03489;
P07949,RET_HUMAN,True,False,False,,False,False,,False,False,,To_add,,,PF00028;PF07714;PF17756;PF17812;PF17813;
P07996,TSP1_HUMAN,False,True,False,,False,False,,False,False,,To_add | To_comment,Extracellular_add,Adhesive glycoprotein that mediates cell-to-cell and cell-to-matrix interactions (uniprot),PF00090;PF02412;PF05735;PF00093;
P08069,IGF1R_HUMAN,True,False,False,,False,True,,False,False,,To_add,,,PF00757;PF07714;PF01030;
P08123,CO1A2_HUMAN,False,False,True,,False,False,,False,False,,To_add,,Collagen,PF01410;PF01391;
P08138,TNR16_HUMAN,True,False,False,,False,True,TNF_receptor_add,False,False,,To_add,,TNF_receptor_add (uniprot),PF00531;PF18422;PF00020;
P08174,DAF_HUMAN,True,False,True,,False,True,,False,False,,To_add,,,PF00084;
P08253,MMP2_HUMAN,False,False,True,,False,False,,False,False,,To_add,,,PF00040;PF00045;PF00413;PF01471;
P08476,INHBA_HUMAN,False,False,True,Growthfactor | Hormone,True,False,,False,False,,To_add,,,PF00019;PF00688;
P08514,ITA2B_HUMAN,True,False,False,,False,True,,False,False,,To_add,,Integrin (uniprot),PF01839;PF00357;PF08441;
P08572,CO4A2_HUMAN,False,False,True,,False,False,,False,False,,To_add,,Collagen,PF01413;PF01391;
P08575,PTPRC_HUMAN,True,False,False,,False,False,,False,False,False,To_add | To_comment,transmembrane_add | extracellular_add,Uniprot: Protein tyrosine-protein phosphatase required for T-cell activation ,PF12567;PF00041;PF12453;PF00102;
P08581,MET_HUMAN,True,False,False,,False,True,,False,False,,To_add | To_comment,transmembrane_add | receptor_add | extracellular_add,,PF07714;PF01437;PF01403;PF01833;
P08620,FGF4_HUMAN,False,False,True,Growthfactor,True,False,,False,False,,To_add,,,PF00167;
P08648,ITA5_HUMAN,True,False,False,,False,True,,False,False,,To_add,,Integrin (uniprot),PF01839;PF08441;
P08700,IL3_HUMAN,False,False,True,Growthfactor | Cytokine,True,False,,False,False,,To_add,,,PF02059;
P08887,IL6RA_HUMAN,True,False,True,Cytokine,True,True,Cytokine_receptor_add,False,False,,To_add,,,PF00047;PF09240;
P08922,ROS1_HUMAN,True,False,False,,False,True,,False,False,,To_add,,,PF00041;PF07714;
P09038,FGF2_HUMAN,False,False,True,Growthfactor,True,False,,False,False,,To_add,,,PF00167;
P09326,CD48_HUMAN,True,False,False,,False,False,,False,False,,To_comment,Extracellular_add,,PF13895;PF07686;
P09341,GROA_HUMAN,False,False,True,Growthfactor | Cytokine,True,False,,False,False,,To_add,,,PF00048;
P09529,INHBB_HUMAN,False,False,True,Growthfactor | Hormone,True,False,,False,False,,To_add,,,PF00019;PF00688;
P09544,WNT2_HUMAN,False,False,True,CellSignal_WNT,True,False,,False,False,,To_add,,,PF00110;
P09603,CSF1_HUMAN,True,False,True,Growthfactor | Cytokine,True,False,,False,False,,To_add,,,PF05337;
P09619,PGFRB_HUMAN,True,False,False,,False,True,,False,False,,To_comment,,Migration,PF07679;PF00047;PF07714;
P09681,GIP_HUMAN,False,False,True,Hormone,True,False,,False,False,,To_add,,,PF00123;
P09683,SECR_HUMAN,False,False,True,Hormone,True,False,,False,False,,To_add,,,PF00123;
P09917,LOX5_HUMAN,False,False,False,,False,False,,False,False,,To_add,,,PF00305;PF01477;
P09919,CSF3_HUMAN,False,False,True,Growthfactor | Cytokine,True,False,,False,False,,To_add,,,PF16647;
P0C0P6,NPS_HUMAN,False,False,True,,False,False,,False,False,,To_add,,,PF14993;
P0DJI8,SAA1_HUMAN,False,False,True,,False,False,,False,False,,To_add,,,PF00277;
P0DMC3,ELA_HUMAN,False,False,True,Hormone,True,False,,False,False,,To_add,,,
P0DMS8,AA3R_HUMAN,True,False,False,,False,True,,False,False,,To_add,,,PF00001;
P10082,PYY_HUMAN,False,False,True,Hormone,True,False,,False,False,,To_add,,,PF00159;
P10092,CALCB_HUMAN,False,False,True,Hormone,True,False,,False,False,,To_add,,,PF00214;
P10145,IL8_HUMAN,False,False,True,Cytokine,True,False,,False,False,,To_add,,,PF00048;
P10147,CCL3_HUMAN,False,False,True,Cytokine,True,False,,False,False,,To_add,,,PF00048;
P10451,OSTP_HUMAN,False,False,True,Cytokine,True,False,,False,False,,To_add,,,PF00865;
P10600,TGFB3_HUMAN,True,False,True,Growthfactor | Cytokine,True,False,,False,False,,To_add | To_comment,extracellular_add,TGFbeta_family | ligandIUPHAR,PF00019;PF00688;
P10721,KIT_HUMAN,True,False,False,,False,True,,False,False,,To_add,,,PF00047;PF07714;
P10747,CD28_HUMAN,True,False,False,,False,False,,False,False,,To_add | To_comment,Extracellular_add,Iglike,PF15910;
P10767,FGF6_HUMAN,False,False,True,Growthfactor,True,False,,False,False,,To_add,,,PF00167;
P10912,GHR_HUMAN,True,False,True,,False,True,Hormone_receptor_add,False,False,,To_add,,,PF09067;PF00041;PF12772;
P10966,CD8B_HUMAN,True,False,True,,False,True,,False,False,,To_comment,Receptor_add,,PF07686;
P10997,IAPP_HUMAN,False,False,True,Hormone,True,False,,False,False,,To_add,,,PF00214;
P11047,LAMC1_HUMAN,False,False,True,,False,False,,False,False,,To_add,,laminin,PF00052;PF00053;PF00055;
P11215,ITAM_HUMAN,True,False,False,,False,True,,False,False,,To_add,,Integrin (uniprot),PF01839;PF00357;PF08441;PF00092;
P11279,LAMP1_HUMAN,True,False,False,,False,True,,False,False,,To_add,,,PF01299;
P11362,FGFR1_HUMAN,True,False,False,,False,True,,False,False,,To_comment,,Migration,PF18123;PF07679;PF00047;PF07714;
P11487,FGF3_HUMAN,False,False,True,Growthfactor,True,False,,False,False,,To_add,,,PF00167;
P11717,MPRI_HUMAN,True,False,False,,False,True,,False,False,,To_add | To_comment,transmembrane_add | receptor_add | extracellular_add,,PF00878;PF00040;
P12034,FGF5_HUMAN,False,False,True,Growthfactor,True,False,,False,False,,To_add,,,PF00167;
P12107,COBA1_HUMAN,False,False,True,,False,False,,False,False,,To_add,,Collagen,PF01410;PF01391;PF02210;
P12109,CO6A1_HUMAN,False,False,True,,False,False,,False,False,,To_add,,Collagen,PF01391;PF00092;
P12110,CO6A2_HUMAN,False,False,True,,False,False,,False,False,,To_add,,Collagen,PF01391;PF00092;
P12111,CO6A3_HUMAN,False,False,True,,False,False,,False,False,,To_add,,Collagen,PF01391;PF00014;PF00092;
P12272,PTHR_HUMAN,False,False,True,Hormone,True,False,,False,False,,To_add,,,PF01279;
P12318,FCG2A_HUMAN,True,False,False,,False,True,,False,False,,To_add,,,PF13895;
P12643,BMP2_HUMAN,False,False,True,Growthfactor | Cytokine,True,False,,False,False,,To_add,,,PF00019;PF00688;
P12644,BMP4_HUMAN,False,False,True,Growthfactor | Cytokine,True,False,,False,False,,To_add,,,PF00019;PF00688;
P12645,BMP3_HUMAN,False,False,True,Growthfactor | Cytokine,True,False,,False,False,,To_add,,,PF00019;PF00688;
P12830,CADH1_HUMAN,True,False,False,,False,False,,False,False,,To_add,,Cadherin,PF00028;PF01049;PF08758;
P12872,MOTI_HUMAN,False,False,True,Hormone,True,False,,False,False,,To_add,,,PF04643;PF04644;
P13224,GP1BB_HUMAN,True,False,False,,False,False,,False,False,,To_add,,surface membrane protein of platelets (uniprot),PF01463;
P13232,IL7_HUMAN,False,False,True,Growthfactor | Cytokine,True,False,,False,False,,To_add,,,
P13236,CCL4_HUMAN,False,False,True,Cytokine,True,False,,False,False,,To_add,,,PF00048;
P13385,TDGF1_HUMAN,True,False,False,,False,False,,False,False,,To_add,,,PF09443;
P13500,CCL2_HUMAN,False,False,True,Cytokine,True,False,,False,False,,To_add,,,PF00048;
P13501,CCL5_HUMAN,False,False,True,Cytokine,True,False,,False,False,,To_add,,,PF00048;
P13591,NCAM1_HUMAN,True,False,True,,False,True,,False,False,,To_add,,,PF00041;PF07679;
P13598,ICAM2_HUMAN,True,False,False,,False,False,,False,False,,To_add | To_comment,Extracellular_add,Iglike | ligandIUPHAR,PF03921;
P13612,ITA4_HUMAN,True,False,False,,False,True,,False,False,,To_add,,Integrin (uniprot),PF01839;PF08441;
P13688,CEAM1_HUMAN,True,False,True,,False,False,,False,False,,To_comment,Extracellular_add,Migration,PF00047;PF13895;PF07686;
P13725,ONCM_HUMAN,False,False,True,Cytokine,True,False,,False,False,,To_add,,,PF01291;
P13747,HLAE_HUMAN,True,False,False,,False,False,,False,False,,To_add | To_comment,Extracellular_add,Iglike,PF07654;PF00129;PF06623;
P13942,COBA2_HUMAN,False,False,True,,False,False,,False,False,,To_add,,Collagen,PF01410;PF01391;PF02210;
P14151,LYAM1_HUMAN,True,False,False,,False,False,,False,False,,To_add,,Cell surface adhesion protein (uniprot),PF00059;PF00084;
P14174,MIF_HUMAN,False,False,True,Cytokine,True,False,,False,False,,To_add,,,PF01187;
P14209,CD99_HUMAN,True,False,False,,False,False,,False,False,,To_add,,Involved in T-cell adhesion (uniprot),PF12301;
P14210,HGF_HUMAN,False,False,True,Growthfactor,True,False,,False,False,,To_add | To_comment,secreted_add | secreted_high | extracellular_add,"Uniprot: Potent mitogen for mature parenchymal hepatocyte cells, seems to be a hepatotrophic factor, and acts as a growth factor for a broad spectrum of tissues and cell types.",PF00051;PF00024;PF00089;
P14555,PA2GA_HUMAN,False,True,True,,False,False,,False,False,,To_add,,,PF00068;
P14735,IDE_HUMAN,True,False,True,,False,True,,False,False,,To_add,,,PF00675;PF05193;PF16187;
P14778,IL1R1_HUMAN,True,False,True,Cytokine,True,True,Cytokine_receptor_add,False,False,,To_add,,,PF13895;PF18452;PF01582;
P14784,IL2RB_HUMAN,True,False,False,,False,True,Cytokine_receptor_add,False,False,,To_add,,cytokine_receptor,PF18707;
P15018,LIF_HUMAN,False,False,True,Growthfactor | Cytokine,True,False,,False,False,,To_add,,,PF01291;
P15151,PVR_HUMAN,True,False,True,,False,True,,False,False,,To_add,,,PF08205;PF07686;
P15248,IL9_HUMAN,False,False,True,Growthfactor | Cytokine,True,False,,False,False,,To_add,,,
P15260,INGR1_HUMAN,True,False,False,,False,True,Interferon_receptor_add,False,False,,To_add,,,PF07140;PF01108;
P15509,CSF2R_HUMAN,True,False,True,,False,True,Cytokine_receptor_add,False,False,,To_add,,,PF18611;PF09240;
P15514,AREG_HUMAN,False,False,True,Growthfactor,True,False,,False,False,,To_add | To_comment,secreted_add | secreted_high | extracellular_add,"Uniprot: Ligand of the EGF receptor/EGFR. Autocrine growth factor as well as a mitogen for a broad range of target cells including astrocytes, Schwann cells and fibroblasts.",
P15529,MCP_HUMAN,True,False,False,,False,True,,False,False,,To_add,,costimulatory factor (uniprot),PF00084;
P15692,VEGFA_HUMAN,False,False,True,Growthfactor,True,False,,False,False,,To_add,,,PF00341;PF14554;
P15813,CD1D_HUMAN,True,False,False,,False,False,,False,False,,To_add,,,PF07654;PF16497;
P16066,ANPRA_HUMAN,True,False,False,,False,True,,False,False,,To_add,,Receptor (uniprot),PF01094;PF00211;PF07714;
P16070,CD44_HUMAN,True,False,False,,False,True,Cytokine_receptor,False,False,,To_add,,,PF00193;
P16109,LYAM3_HUMAN,True,False,False,,False,False,,False,False,,To_add,,Ca2+-dependent receptor (uniprot),PF00059;PF00084;
P16144,ITB4_HUMAN,True,False,False,,False,True,,False,False,,To_add,,Integrin,PF03160;PF07974;PF00041;PF18372;PF07965;PF00362;PF17205;
P16150,LEUK_HUMAN,True,False,False,,False,False,,False,False,False,To_add | To_comment,transmembrane_add | extracellular_add,Uniprot: cell surface sialoprotein,
P16234,PGFRA_HUMAN,True,False,False,,False,True,growth factor receptor,False,False,,To_add,,,PF07679;PF07714;
P16284,PECA1_HUMAN,True,False,False,,False,True,Inflammation,False,False,,To_add,,,PF13895;PF17736;
P16410,CTLA4_HUMAN,True,False,False,,False,False,,False,False,,To_comment,Extracellular_add,,PF07686;
P16471,PRLR_HUMAN,True,False,True,,False,True,Hormone_receptor_add,False,False,,To_add,,cytokine_receptor,PF09067;
P16473,TSHR_HUMAN,True,False,False,,False,True,,False,False,,To_add,,,PF00001;PF13306;
P16581,LYAM2_HUMAN,True,False,False,,False,False,,False,False,,To_add,,,PF00008;PF00059;PF00084;
P16619,CL3L1_HUMAN,False,False,True,Cytokine,True,False,,False,False,,To_add,,,PF00048;
P16671,CD36_HUMAN,True,False,False,,False,True,,False,False,,To_add,,,PF01130;
P16860,ANFB_HUMAN,False,False,True,Hormone,True,False,,False,False,,To_add,,,PF00212;
P16871,IL7RA_HUMAN,True,False,True,Cytokine,True,True,Cytokine_receptor_add,False,False,,To_add,,,PF00041;PF18447;
P17181,INAR1_HUMAN,True,False,False,,False,True,Interferon_receptor_add,False,False,,To_add,,,PF09294;PF01108;
P17301,ITA2_HUMAN,True,False,False,,False,True,,False,False,,To_add,,Integrin (uniprot),PF01839;PF08441;PF00092;
P17342,ANPRC_HUMAN,True,False,False,,False,True,,False,False,,To_add,,Receptor for the natriuretic peptide hormones (uniprot),PF01094;
P17693,HLAG_HUMAN,True,False,False,,False,True,,False,True,,To_add | To_comment,Extracellular_add | Receptor_add,Iglike,PF07654;PF00129;
P17948,VGFR1_HUMAN,True,False,True,,False,True,,False,False,,To_add,,Migration,PF07679;PF00047;PF07714;PF17988;
P18075,BMP7_HUMAN,False,False,True,Growthfactor | Cytokine,True,False,,False,False,,To_add,,,PF00019;PF00688;
P18084,ITB5_HUMAN,True,False,False,,False,True,,False,False,,To_add,,Integrin (uniprot),PF18372;PF08725;PF07965;PF00362;PF17205;
P18509,PACA_HUMAN,False,False,True,Hormone,True,False,,False,False,,To_add,,,PF00123;
P18510,IL1RA_HUMAN,False,False,True,Cytokine,True,False,,False,False,,To_add,,,PF00340;
P18564,ITB6_HUMAN,True,False,False,,False,True,,False,False,,To_add,,Integrin (uniprot),PF07974;PF18372;PF08725;PF07965;PF00362;PF17205;
P19235,EPOR_HUMAN,True,False,True,,False,True,Cytokine_receptor_add,False,False,,To_add,,,PF09067;PF00041;
P19256,LFA3_HUMAN,True,False,False,,False,False,,False,False,,To_comment,Extracellular_add,,
P19320,VCAM1_HUMAN,True,False,False,,False,False,,False,False,,To_add | To_comment,,Iglike | ligandIUPHAR,PF05790;PF07679;PF00047;
P19438,TNR1A_HUMAN,True,False,True,,False,True,TNF_receptor_add,False,False,,To_add,,,PF00531;PF00020;
P19875,CXCL2_HUMAN,False,False,True,Cytokine,True,False,,False,False,,To_add,,,PF00048;
P19876,CXCL3_HUMAN,False,False,True,Cytokine,True,False,,False,False,,To_add,,,PF00048;
P20023,CR2_HUMAN,True,False,False,,False,True,,False,False,,To_add,,Receptor for complement C3Dd (uniprot),PF00084;
P20273,CD22_HUMAN,True,False,False,,False,True,,False,False,,To_comment,Receptor_add,,PF08205;PF13895;
P20292,AL5AP_HUMAN,False,False,False,,False,False,,False,False,,To_add,,,PF01124;
P20333,TNR1B_HUMAN,True,False,True,,False,True,TNF_receptor_add,False,False,,To_add,,,PF00020;
P20382,MCH_HUMAN,False,False,True,Hormone,True,False,,False,False,,To_add,,,PF05824;
P20396,TRH_HUMAN,False,False,True,Hormone,True,False,,False,False,,To_add,,,PF05438;
P20594,ANPRB_HUMAN,True,False,False,,False,True,,False,False,,To_add,,,PF01094;PF00211;PF07714;
P20701,ITAL_HUMAN,True,False,False,,False,True,,False,False,,To_comment,Extracellular_add,Integrin,PF01839;PF00357;PF08441;PF00092;
P20702,ITAX_HUMAN,True,False,False,,False,True,,False,False,,To_add,,Integrin (uniprot),PF01839;PF00357;PF08441;PF00092;
P20774,MIME_HUMAN,False,False,True,Growthfactor,True,False,,False,False,,To_add,,,PF13855;
P20783,NTF3_HUMAN,False,False,True,Growthfactor,True,False,,False,False,,To_add,,,PF00243;
P20800,EDN2_HUMAN,False,False,True,,False,False,,False,False,,To_add,,,PF00322;
P20809,IL11_HUMAN,False,False,True,Growthfactor | Cytokine,True,False,,False,False,,To_add,,,PF07400;
P20827,EFNA1_HUMAN,True,False,True,,False,False,,False,False,,To_comment,extracellular_add,ligandIUPHAR,PF00812;
P20849,CO9A1_HUMAN,False,False,True,,False,False,,False,False,,To_add,,Collagen,PF01391;
P20908,CO5A1_HUMAN,False,False,True,,False,False,,False,False,,To_add,,Collagen,PF01410;PF01391;
P21246,PTN_HUMAN,False,False,True,Growthfactor,True,False,,False,False,,To_add,,,PF01091;PF05196;
P21462,FPR1_HUMAN,True,False,False,,False,True,,False,False,,To_add,,,PF00001;
P21583,SCF_HUMAN,True,False,True,Growthfactor,True,False,,False,False,,To_add,,,PF02404;
P21709,EPHA1_HUMAN,True,False,False,,False,True,,False,False,,To_add,,,PF14575;PF01404;PF00041;PF07714;PF00536;
P21730,C5AR1_HUMAN,True,False,False,,False,True,,False,False,,To_add,,,PF00001;
P21731,TA2R_HUMAN,True,False,False,,False,True,,False,False,,To_add,,,PF00001;
P21741,MK_HUMAN,False,False,True,Growthfactor,True,False,,False,False,,To_add,,,PF01091;PF05196;
P21781,FGF7_HUMAN,False,False,True,Growthfactor,True,False,,False,False,,To_add,,,PF00167;
P21802,FGFR2_HUMAN,True,False,True,Growthfactor,True,True,,False,False,,To_add,,,PF18123;PF07679;PF07714;
P21854,CD72_HUMAN,True,False,False,,False,False,,False,False,,To_add | To_comment,Extracellular_add,Plays a role in B-cell proliferation and differentiation (uniprot),PF00059;
P21860,ERBB3_HUMAN,True,False,True,,False,True,,False,False,,To_add,,,PF00757;PF14843;PF07714;PF01030;
P22003,BMP5_HUMAN,False,False,True,Growthfactor | Cytokine,True,False,,False,False,,To_add,,,PF00019;PF00688;
P22004,BMP6_HUMAN,False,False,True,Growthfactor | Cytokine,True,False,,False,False,,To_add,,,PF00019;PF00688;
P22301,IL10_HUMAN,False,False,True,Cytokine,True,False,,False,False,,To_add,,,PF00726;
P22362,CCL1_HUMAN,False,False,True,Cytokine,True,False,,False,False,,To_add,,,PF00048;
P22455,FGFR4_HUMAN,True,False,True,Growthfactor,True,True,,False,False,,To_add,,Migration,PF07679;PF07714;
P22466,GALA_HUMAN,False,False,True,Hormone,True,False,,False,False,,To_add,,,PF01296;PF06540;
P22607,FGFR3_HUMAN,True,False,True,Growthfactor,True,True,,False,False,,To_add,,,PF18123;PF07679;PF07714;
P22888,LSHR_HUMAN,True,False,False,,False,True,,False,False,,To_add,,,PF00001;PF13306;
P22897,MRC1_HUMAN,True,False,False,,False,True,,False,False,,To_add,,,PF00040;PF00059;PF00652;
P23229,ITA6_HUMAN,True,False,False,,False,True,,False,False,,To_add,,Integrin,PF01839;PF08441;
P23416,GLRA2_HUMAN,True,False,False,,False,True,,False,False,,To_add,,,PF02931;PF02932;
P23471,PTPRZ_HUMAN,True,False,True,,False,False,,False,False,,To_add,,,PF00194;PF00041;PF00102;
P23510,TNFL4_HUMAN,True,False,False,,False,False,,False,False,,To_add,,ligandIUPHAR,
P23560,BDNF_HUMAN,False,False,True,Growthfactor,True,False,,False,False,,To_add,,,PF00243;
P23582,ANFC_HUMAN,False,False,True,Hormone,True,False,,False,False,,To_add,,,PF00212;
P23945,FSHR_HUMAN,True,False,False,,False,True,,False,False,,To_add,,,PF00001;PF12369;PF13306;PF01462;
P24394,IL4RA_HUMAN,True,False,True,Cytokine,True,True,Cytokine_receptor_add,False,False,,To_add,,,PF09238;
P24821,TENA_HUMAN,False,False,True,,False,False,,False,False,,To_add,,,PF07974;PF18720;PF00147;PF00041;
P25024,CXCR1_HUMAN,True,False,False,,False,True,Chemokine_receptor CXCR_add,False,False,,To_add,,,PF00001;
P25025,CXCR2_HUMAN,True,False,False,,False,True,Chemokine_receptor CXCR_add,False,False,,To_add,,,PF00001;
P25063,CD24_HUMAN,True,False,False,,False,False,,False,True,cancer antigen,To_add,,cancer antigen,PF14984;
P25067,CO8A2_HUMAN,False,False,True,,False,False,,False,False,,To_add,,Collagen,PF00386;PF01391;
P25089,FPR3_HUMAN,True,False,False,,False,True,,False,False,,To_add,,,PF00001;
P25090,FPR2_HUMAN,True,False,False,,False,True,,False,False,,To_add,,,PF00001;
P25092,GUC2C_HUMAN,True,False,False,,False,True,,False,False,,To_add,,,PF00211;PF07714;
P25101,EDNRA_HUMAN,True,False,False,,False,True,,False,False,,To_add,,,PF00001;
P25106,ACKR3_HUMAN,True,False,False,,False,True,Atipical_chemokine_receptor_add,False,True,CoReceptor_Acts as coreceptor with CXCR4 for a restricted number of HIV isolates (uniprot),To_comment,Receptor_add,CoReceptor_Acts as coreceptor with CXCR4 for a restricted number of HIV isolates (uniprot),PF00001;
P25445,TNR6_HUMAN,True,False,True,,False,True,TNF_receptor_add,False,False,,To_add,,,PF00531;PF00020;
P25929,NPY1R_HUMAN,True,False,False,,False,True,,False,False,,To_add,,,PF00001;
P25940,CO5A3_HUMAN,False,False,True,,False,False,,False,True,Collagen,To_add,,Collagen,PF01410;PF01391;
P25942,TNR5_HUMAN,True,False,True,,False,True,TNF_receptor_add,False,False,,To_comment,Extracellular_add,,PF00020;
P26006,ITA3_HUMAN,True,False,False,,False,True,,False,True,Integrin,To_add,,Integrin,PF01839;PF08441;
P26010,ITB7_HUMAN,True,False,False,,False,True,,False,False,,To_add,,Integrin (uniprot),PF07974;PF08725;PF00362;PF17205;
P26441,CNTF_HUMAN,False,False,True,cytokine,True,False,,False,False,,To_add,,ligandIUPHAR,PF01110;
P26715,NKG2A_HUMAN,True,False,False,,False,True,KLR_add,False,False,,To_add | To_comment,Extracellular_add,KLR_add (uniprot),PF00059;
P26717,NKG2C_HUMAN,True,False,False,,False,True,KLR_add,False,False,,To_add | To_comment,Extracellular_add,KLR_add (uniprot),PF00059;
P26718,NKG2D_HUMAN,True,False,False,,False,True,KLR_add,False,False,,To_comment,Extracellular_add,,PF00059;
P26842,CD27_HUMAN,True,False,False,,False,True,Cytokine_receptor_add,False,False,,To_add,,Cytokine_receptor_add (uniprot),PF00020;
P26927,HGFL_HUMAN,False,False,True,,False,False,,False,True,,To_remove,,no ensembl,PF00051;PF00024;PF00089;
P26951,IL3RA_HUMAN,True,False,False,,False,True,Cytokine_receptor_add,False,False,,To_add,,cytokine_receptor,PF18611;PF09240;
P26992,CNTFR_HUMAN,True,False,False,,False,True,,False,False,,To_add,,,PF00041;
P27037,AVR2A_HUMAN,True,False,False,,False,True,,False,False,,To_add,,complex (uniprot),PF01064;PF00069;
P27487,DPP4_HUMAN,True,False,True,,False,True,,False,False,,To_add,,,PF00930;PF00326;
P27539,GDF1_HUMAN,False,False,True,Growthfactor | Cytokine,True,False,,False,False,,To_add,,,PF00019;
P27658,CO8A1_HUMAN,False,False,True,,False,False,,False,True,Collagen,To_add,,Collagen,PF00386;PF01391;
P27930,IL1R2_HUMAN,True,False,True,Cytokine,True,True,Cytokine_receptor_add,False,False,,To_add,,,PF00047;PF18452;
P28799,GRN_HUMAN,False,False,True,Cytokine,True,False,,False,False,,To_add,,,PF00396;
P28906,CD34_HUMAN,True,False,False,,False,False,,False,False,,To_add,,Possible adhesion molecule (uniprot),PF06365;
P28907,CD38_HUMAN,True,False,False,,False,True,,False,False,,To_add,,moonlights as a receptor in cells of the immune system (uniprot),PF02267;
P28908,TNR8_HUMAN,True,False,False,,False,True,TNF_receptor_add,False,False,,To_add,,,PF00020;
P29274,AA2AR_HUMAN,True,False,False,,False,True,,False,False,,To_add,,,PF00001;
P29275,AA2BR_HUMAN,True,False,False,,False,True,,False,False,,To_add,,,PF00001;
P29317,EPHA2_HUMAN,True,False,False,,False,True,,False,False,,To_add,,Migration,PF14575;PF01404;PF00041;PF07714;PF00536;
P29320,EPHA3_HUMAN,True,False,True,,False,True,,False,False,,To_add,,Migration,PF14575;PF01404;PF07699;PF00041;PF07714;PF07647;
P29322,EPHA8_HUMAN,True,False,False,,False,True,,False,False,,To_add,,,PF14575;PF01404;PF00041;PF07714;PF00536;
P29323,EPHB2_HUMAN,True,False,False,,False,True,,False,False,,To_comment,Adhesion_add,,PF14575;PF01404;PF07699;PF00041;PF07714;PF00536;
P29400,CO4A5_HUMAN,False,False,True,,False,False,,False,True,Collagen,To_add,,Collagen,PF01413;PF01391;
P29459,IL12A_HUMAN,False,False,True,Growthfactor | Cytokine,True,False,,False,False,,To_add,,,PF03039;
P29460,IL12B_HUMAN,False,False,True,Cytokine,True,False,,False,False,,To_add,,,PF10420;
P29965,CD40L_HUMAN,True,False,True,Cytokine,True,False,,False,False,,To_add,,,PF00229;
P30203,CD6_HUMAN,True,False,True,,False,False,,False,False,,To_add,,,PF00530;
P30511,HLAF_HUMAN,True,False,False,,False,False,,False,True,HLA,To_add,,Iglike,PF07654;PF00129;
P30518,V2R_HUMAN,True,False,False,,False,True,,False,False,,To_add,,,PF00001;
P30530,UFO_HUMAN,True,False,False,,False,True,,False,False,,To_add,,,PF00041;PF07714;
P30542,AA1R_HUMAN,True,False,False,,False,True,,False,False,,To_add,,,PF00001;
P30550,GRPR_HUMAN,True,False,False,,False,True,,False,False,,To_add,,,PF00001;
P30556,AGTR1_HUMAN,True,False,False,,False,True,,False,False,,To_add,,,PF00001;
P30559,OXYR_HUMAN,True,False,False,,False,True,,False,False,,To_add,,,PF00001;
P30825,CTR1_HUMAN,True,False,False,,False,True,,False,False,,To_add,,,PF13520;PF13906;
P30872,SSR1_HUMAN,True,False,False,,False,True,,False,False,,To_add,,,PF00001;
P30968,GNRHR_HUMAN,True,False,False,,False,True,,False,False,,To_add,,,PF00001;
P30988,CALCR_HUMAN,True,False,False,,False,True,,False,False,,To_add,,,PF00002;PF02793;
P30989,NTR1_HUMAN,True,False,False,,False,True,,False,False,,To_add,,,PF00001;
P30990,NEUT_HUMAN,False,False,True,,False,False,,False,False,,To_add,,,PF07421;
P31358,CD52_HUMAN,True,False,False,,False,False,,False,False,,To_add,,,PF15116;
P31371,FGF9_HUMAN,False,False,True,Growthfactor,True,False,,False,False,,To_add,,,PF00167;
P31391,SSR4_HUMAN,True,False,False,,False,True,,False,False,,To_add,,Migration,PF00001;
P31785,IL2RG_HUMAN,True,False,False,,False,True,Cytokine_receptor_add,False,False,,To_add,,cytokine_receptor,PF09240;
P31997,CEAM8_HUMAN,True,False,False,,False,False,,False,False,,To_comment,Adhesion_add,,PF13895;PF07686;
P32004,L1CAM_HUMAN,True,False,False,,False,False,,False,False,,To_add,,,PF13882;PF00041;PF07679;
P32238,CCKAR_HUMAN,True,False,False,,False,True,,False,False,,To_add,,,PF00001;PF09193;
P32239,GASR_HUMAN,True,False,False,,False,True,,False,False,,To_add,,,PF00001;
P32241,VIPR1_HUMAN,True,False,False,,False,True,,False,False,,To_add,,,PF00002;PF02793;
P32245,MC4R_HUMAN,True,False,False,,False,True,,False,False,,To_add,,,PF00001;
P32246,CCR1_HUMAN,True,False,False,,False,True,Chemokine_receptor CCR_add,False,False,,To_add,,,PF00001;
P32248,CCR7_HUMAN,True,False,False,,False,True,Chemokine_receptor CCR_add,False,False,,To_add,,,PF00001;
P32302,CXCR5_HUMAN,True,False,False,,False,True,Chemokine_receptor CXCR_add,False,False,,To_add,,,PF00001;
P32881,IFNA8_HUMAN,False,False,True,Cytokine,True,False,,False,False,,To_add,,,PF00143;
P32927,IL3RB_HUMAN,True,False,False,,False,True,Cytokine_receptor_add,False,False,,To_add,,cytokine_receptor,PF09240;PF09294;
P32942,ICAM3_HUMAN,True,False,False,,False,False,,False,False,,To_add | To_comment,Extracellular_add,Iglike,PF03921;
P32970,CD70_HUMAN,False,False,True,Cytokine,True,False,,False,False,,To_add | To_comment,secreted_highlight,Cytokine that binds to CD27 (uniprot),PF00229;
P32971,TNFL8_HUMAN,True,False,False,,False,False,,False,False,,To_add,,ligandIUPHAR,PF00229;
P33032,MC5R_HUMAN,True,False,False,,False,True,,False,False,,To_add,,,PF00001;
P33681,CD80_HUMAN,True,False,False,,False,True,,False,False,,To_add | To_comment,Extracellular_add,Iglike,PF08205;PF07686;
P34130,NTF4_HUMAN,False,False,True,Growthfactor,True,False,,False,False,,To_add,,,PF00243;
P34820,BMP8B_HUMAN,False,False,True,Growthfactor | Cytokine,True,False,,False,False,,To_add,,,PF00019;PF00688;
P34925,RYK_HUMAN,True,False,False,,False,True,,False,False,,To_remove,,no ensembl,PF07714;PF02019;
P34972,CNR2_HUMAN,True,False,False,,False,True,,False,False,,To_add,,,PF00001;
P34981,TRFR_HUMAN,True,False,False,,False,True,,False,False,,To_add,,,PF00001;
P35070,BTC_HUMAN,True,False,True,Growthfactor,True,False,,False,False,,To_add,,,
P35225,IL13_HUMAN,False,False,True,Cytokine,True,False,,False,False,,To_add,,,PF03487;
P35318,ADML_HUMAN,False,False,True,Hormone,True,False,,False,False,,To_add,,,PF00214;
P35367,HRH1_HUMAN,True,False,False,,False,True,,False,False,,To_add,,,PF00001;
P35408,PE2R4_HUMAN,True,False,False,,False,True,,False,False,,To_add,,,PF00001;
P35414,APJ_HUMAN,True,False,False,,False,True,,False,False,,To_add,,,PF00001;
P35555,FBN1_HUMAN,False,False,True,Hormone,True,False,,False,False,,To_add,,,PF12662;PF07645;PF18193;PF00683;
P35916,VGFR3_HUMAN,True,False,True,,False,True,,False,False,,To_add,,,PF07679;PF07714;PF17988;
P35968,VGFR2_HUMAN,True,False,True,,False,True,,False,False,,To_add,,,PF07679;PF00047;PF07714;PF17988;
P36544,ACHA7_HUMAN,True,False,False,,False,True,,False,False,,To_add,,,PF02931;PF02932;
P36888,FLT3_HUMAN,True,False,False,,False,True,Cytokine_receptor,False,False,,To_add | To_comment,Extracellular_add,Iglike,PF00047;PF07714;
P36894,BMR1A_HUMAN,True,False,False,,False,True,,False,False,,To_add | To_comment,Extracellular_add,complex (uniprot),PF01064;PF07714;PF08515;
P36896,ACV1B_HUMAN,True,False,False,,False,True,,False,False,,To_add,,IUPHAR,PF01064;PF00069;PF08515;
P36897,TGFR1_HUMAN,True,False,False,,False,True,TGFBeta_receptor_add,False,False,,To_add,,,PF01064;PF00069;PF08515;
P36941,TNR3_HUMAN,True,False,False,,False,True,TNF_receptor_add,False,False,,To_add,,TNF_receptor_add (uniprot),PF00020;
P37023,ACVL1_HUMAN,True,False,False,,False,True,TGFBeta_receptor_add,False,False,,To_add,,,PF07714;PF08515;
P37173,TGFR2_HUMAN,True,False,False,,False,True,TGFBeta_receptor_add,False,False,,To_add,,,PF08917;PF07714;
P37288,V1AR_HUMAN,True,False,False,,False,True,,False,False,,To_add,,,PF00001;PF08983;
P38484,INGR2_HUMAN,True,False,False,,False,True,Interferon_receptor_add,False,False,,To_add,,,PF09294;PF01108;
P38570,ITAE_HUMAN,True,False,False,,False,True,,False,False,,To_add,,Integrin (uniprot),PF01839;PF00357;PF08441;PF00092;
P39019,RS19_HUMAN,False,False,False,,False,False,,False,False,,To_add,,,PF01090;
P39059,COFA1_HUMAN,False,False,True,,False,False,,False,True,Collagen,To_add,,Collagen,PF01391;PF06482;
P39060,COIA1_HUMAN,False,False,True,,False,False,,False,True,Collagen,To_add,,Collagen,PF01391;PF06121;PF06482;PF01392;
P39905,GDNF_HUMAN,False,False,True,Growthfactor,True,False,,False,False,,To_add,,,PF00019;
P40189,IL6RB_HUMAN,True,False,True,Cytokine,True,True,Cytokine_receptor_add,False,False,,To_add,,,PF00041;PF09240;PF06328;
P40199,CEAM6_HUMAN,True,False,False,,False,False,,False,False,,To_comment,Adhesion_add,,PF13895;PF07686;
P40200,TACT_HUMAN,True,False,False,,False,True,,False,False,,To_add | To_comment,Receptor_add | Extracellular_add,Iglike | Receptor_add,
P40225,TPO_HUMAN,False,False,True,Cytokine | Hormone,True,False,,False,False,,To_add,,,PF00758;
P40238,TPOR_HUMAN,True,False,False,,False,True,cytokine_receptor_add,False,False,,To_add,,,PF09067;PF00041;
P40933,IL15_HUMAN,False,False,True,Cytokine,True,False,,False,False,,To_add,,,PF02372;
P41159,LEP_HUMAN,False,False,True,,False,False,,False,False,,To_add,,,PF02024;
P41217,OX2G_HUMAN,True,False,False,,False,False,,False,False,,To_comment,Extracellular_add,,PF00047;
P41221,WNT5A_HUMAN,False,False,True,CellSignal_WNT,True,False,,False,False,,To_add,,,PF00110;
P41273,TNFL9_HUMAN,True,False,True,cytokine,True,False,,False,False,,To_add,,ligandIUPHAR,PF00229;
P41586,PACR_HUMAN,True,False,False,,False,True,,False,False,,To_add,,,PF00002;PF02793;
P41587,VIPR2_HUMAN,True,False,False,,False,True,,False,False,,To_add,,,PF00002;PF02793;
P41597,CCR2_HUMAN,True,False,False,,False,True,Chemokine_receptor CCR_add,False,False,,To_add,,,PF00001;
P41968,MC3R_HUMAN,True,False,False,,False,True,,False,False,,To_add,,,PF00001;
P42081,CD86_HUMAN,True,False,False,,False,True,,False,False,,To_comment,Extracellular_add,,PF13895;PF07686;
P42701,I12R1_HUMAN,True,False,False,,False,True,Cytokine_receptor,False,False,,To_add,,cytokine_receptor,PF00041;
P42702,LIFR_HUMAN,True,False,True,,False,True,Cytokine_receptor_add,False,False,,To_add,,,PF00041;PF17971;PF18207;
P42830,CXCL5_HUMAN,False,False,True,Cytokine,True,False,,False,False,,To_add,,,PF00048;
P43026,GDF5_HUMAN,True,False,True,Growthfactor | Cytokine,True,False,,False,False,,To_add,,,PF00019;PF00688;
P43115,PE2R3_HUMAN,True,False,False,,False,True,,False,False,,To_add,,,PF00001;
P43119,PI2R_HUMAN,True,False,False,,False,True,,False,False,,To_add,,,PF00001;
P43489,TNR4_HUMAN,True,False,False,,False,True,TNF_receptor_add,False,False,,To_add,,TNF_receptor_add (uniprot),PF00020;
P43490,NAMPT_HUMAN,False,False,True,Cytokine,True,False,,False,False,,To_add,,,PF18127;PF04095;
P43626,KI2L1_HUMAN,True,False,False,,False,True,KIR_add,False,False,,To_comment,Extracellular_add,,PF00047;
P43628,KI2L3_HUMAN,True,False,False,,False,True,KIR_add,False,False,,To_comment,Extracellular_add,,PF00047;
P43629,KI3L1_HUMAN,True,False,False,,False,True,KIR_add,False,False,,To_comment,Extracellular_add,,PF00047;
P43630,KI3L2_HUMAN,True,False,False,,False,True,KIR_add,False,False,,To_comment,Extracellular_add,,PF00047;
P46091,GPR1_HUMAN,True,False,False,,False,True,,False,False,,To_add,,,PF00001;
P46092,CCR10_HUMAN,True,False,False,,False,True,Chemokine_receptor CCR_add,False,False,,To_add,,,PF00001;
P46094,XCR1_HUMAN,True,False,False,,False,True,Chemokine_receptor XC_add,False,False,,To_add,,,PF00001;
P46379,BAG6_HUMAN,False,True,False,,False,False,,False,False,,To_add | To_comment,Extracellular_add,complex,PF12057;PF00240;
P46531,NOTC1_HUMAN,True,False,False,,False,True,,False,False,,To_add,,,PF12796;PF11936;PF00008;PF07645;PF12661;PF06816;PF07684;PF00066;
P46663,BKRB1_HUMAN,True,False,False,,False,True,,False,False,,To_add,,Migration,PF00001;
P47211,GALR1_HUMAN,True,False,False,,False,True,,False,False,,To_add,,,PF00001;
P47871,GLR_HUMAN,True,False,False,,False,True,,False,False,,To_add,,,PF00002;PF02793;
P47872,SCTR_HUMAN,True,False,False,,False,True,,False,False,,To_add,,,PF00002;PF02793;
P47901,V1BR_HUMAN,True,False,False,,False,True,,False,False,,To_add,,,PF00001;
P47992,XCL1_HUMAN,False,False,True,Cytokine,True,False,,False,False,,To_add,,,PF00048;
P48023,TNFL6_HUMAN,True,False,True,Cytokine,True,False,,False,False,,To_add,,,PF00229;
P48061,SDF1_HUMAN,False,False,True,Growthfactor | Cytokine,True,False,,False,False,,To_add,,,PF00048;
P48145,NPBW1_HUMAN,True,False,False,,False,True,,False,False,,To_add,,,PF00001;
P48146,NPBW2_HUMAN,True,False,False,,False,True,,False,False,,To_add,,,PF00001;
P48357,LEPR_HUMAN,True,False,True,,False,True,Cytokine_receptor_add IL6 family,False,False,,To_comment,Receptor_add,,PF06328;PF18589;
P48551,INAR2_HUMAN,True,False,True,,False,True,Interferon_receptor_add,False,False,,To_add,,,PF09294;PF01108;
P48645,NMU_HUMAN,False,False,True,,False,False,,False,False,,To_add,,,PF02070;
P48745,NOV_HUMAN,False,False,True,Growthfactor,True,False,,False,False,,To_add,,,PF00007;PF00219;PF00093;
P48960,CD97_HUMAN,True,False,True,,False,True,,False,False,,To_add,,,PF00002;PF07645;PF01825;
P49146,NPY2R_HUMAN,True,False,False,,False,True,,False,False,,To_add,,,PF00001;
P49190,PTH2R_HUMAN,True,False,False,,False,True,,False,False,,To_add,,,PF00002;PF02793;
P49238,CX3C1_HUMAN,True,False,False,,False,True,Chemokine_receptor_CX3CR1_add,False,False,,To_add,,,PF00001;
P49286,MTR1B_HUMAN,True,False,False,,False,True,,False,False,,To_add,,,PF00001;
P49682,CXCR3_HUMAN,True,False,False,,False,True,Chemokine_receptor CXCR_add,False,False,,To_add,,,PF00001;
P49683,PRLHR_HUMAN,True,False,False,,False,True,,False,False,,To_add,,,PF00001;
P49763,PLGF_HUMAN,False,False,True,Growthfactor,True,False,,False,False,,To_add,,,PF00341;
P49765,VEGFB_HUMAN,False,False,True,Growthfactor,True,False,,False,False,,To_add,,,PF00341;
P49767,VEGFC_HUMAN,False,False,True,Growthfactor,True,False,,False,False,,To_add,,,PF03128;PF00341;
P49771,FLT3L_HUMAN,True,False,True,Cytokine,True,False,,False,False,,To_add,,,PF02947;
P49913,CAMP_HUMAN,False,False,True,,False,False,,False,True,,To_remove,,no ensembl,PF12153;
P49961,ENTP1_HUMAN,True,False,False,,False,False,,False,False,,To_add | To_comment,transmembrane_add | extracellular_add,,PF01150;
P50052,AGTR2_HUMAN,True,False,False,,False,True,,False,False,,To_add,,,PF00001;
P50391,NPY4R_HUMAN,True,False,False,,False,True,,False,False,,To_add,,,PF00001;
P50591,TNF10_HUMAN,True,False,True,cytokine,True,False,,False,False,,To_add,,ligandIUPHAR,PF00229;
P51460,INSL3_HUMAN,False,False,True,Hormone,True,False,,False,False,,To_add,,,PF00049;
P51671,CCL11_HUMAN,False,False,True,Cytokine,True,False,,False,False,,To_add,,,PF00048;
P51677,CCR3_HUMAN,True,False,False,,False,True,Chemokine_receptor CCR_add,False,False,,To_add,,,PF00001;
P51679,CCR4_HUMAN,True,False,False,,False,True,Chemokine_receptor CCR_add,False,False,,To_add,,,PF00001;
P51681,CCR5_HUMAN,True,False,False,,False,True,Chemokine_receptor CCR_add,False,False,,To_add,,,PF00001;
P51684,CCR6_HUMAN,True,False,False,,False,True,Chemokine_receptor CCR_add,False,False,,To_add,,,PF00001;
P51685,CCR8_HUMAN,True,False,False,,False,True,Chemokine_receptor CCR_add,False,False,,To_add,,,PF00001;
P51686,CCR9_HUMAN,True,False,False,,False,True,Chemokine_receptor CCR_add,False,False,,To_add,,,PF00001;
P51805,PLXA3_HUMAN,True,False,False,,False,True,,False,False,,To_add,,,PF08337;PF01437;PF01403;PF01833;PF18020;PF17960;
P52797,EFNA3_HUMAN,True,False,False,,False,False,,False,False,,To_comment,extracellular_add,,PF00812;
P52798,EFNA4_HUMAN,True,False,True,,False,False,,False,False,,To_add,,,PF00812;
P52799,EFNB2_HUMAN,True,False,False,,False,True,,False,False,,To_add,,ligandIUPHAR,PF00812;
P52803,EFNA5_HUMAN,True,False,False,,False,False,,False,False,,To_comment,extracellular_add,,PF00812;
P53420,CO4A4_HUMAN,False,False,True,,False,False,,False,False,,To_add,,Collagen,PF01413;PF01391;
P53621,COPA_HUMAN,False,False,True,Hormone,True,False,,False,False,,To_add,,,PF12894;PF04053;PF06957;PF00400;
P53708,ITA8_HUMAN,True,False,False,,False,True,,False,False,,To_add,,Integrin,PF01839;PF00357;PF08441;
P54577,SYYC_HUMAN,False,False,False,,False,False,,False,False,,To_add,,,PF00579;PF01588;
P54753,EPHB3_HUMAN,True,False,False,,False,True,,False,False,,To_comment,Adhesion_add,Migration,PF14575;PF01404;PF07699;PF00041;PF07714;PF00536;
P54756,EPHA5_HUMAN,True,False,False,,False,True,,False,False,,To_comment,Adhesion_add,,PF14575;PF01404;PF00041;PF07714;PF00536;
P54760,EPHB4_HUMAN,True,False,False,,False,True,,False,False,,To_comment,Adhesion_add,,PF14575;PF01404;PF07699;PF00041;PF07714;PF00536;
P54762,EPHB1_HUMAN,True,False,False,,False,True,,False,False,,To_add,,,PF14575;PF01404;PF00041;PF07714;PF00536;
P54764,EPHA4_HUMAN,True,False,False,,False,True,,False,False,,To_add,,,PF14575;PF01404;PF00041;PF07714;PF07647;
P55000,SLUR1_HUMAN,False,False,True,Cytokine,True,False,,False,False,,To_add,,,PF00021;
P55075,FGF8_HUMAN,False,False,True,Growthfactor,True,False,,False,False,,To_add,,,PF00167;
P55089,UCN1_HUMAN,False,False,True,Hormone,True,False,,False,False,,To_add,,,PF00473;
P55103,INHBC_HUMAN,False,False,True,Growthfactor | Hormone,True,False,,False,False,,To_add,,,PF00019;
P55107,GDF10_HUMAN,False,False,True,Growthfactor | Cytokine,True,False,,False,False,,To_add,,,PF00019;
P55773,CCL23_HUMAN,False,False,True,Cytokine,True,False,,False,False,,To_add,,,PF00048;
P55774,CCL18_HUMAN,False,False,True,Cytokine,True,False,,False,False,,To_add,,,PF00048;
P55899,FCGRN_HUMAN,True,False,False,,False,True,,False,False,,To_add,,,PF07654;PF00129;
P56159,GFRA1_HUMAN,True,False,False,,False,True,,False,False,,To_add,,,PF02351;
P56199,ITA1_HUMAN,True,False,False,,False,True,,False,False,,To_add,,Integrin (uniprot),PF01839;PF08441;PF00092;
P56703,WNT3_HUMAN,False,False,True,CellSignal_WNT,True,False,,False,False,,To_add,,,PF00110;
P56704,WNT3A_HUMAN,False,False,True,CellSignal_WNT,True,False,,False,False,,To_add,,,PF00110;
P56705,WNT4_HUMAN,False,False,True,CellSignal_WNT,True,False,,False,False,,To_add,,,PF00110;
P56706,WNT7B_HUMAN,False,False,True,CellSignal_WNT,True,False,,False,False,,To_add,,,PF00110;
P56975,NRG3_HUMAN,True,False,True,Growthfactor,True,False,,False,False,,To_add,,,
P57087,JAM2_HUMAN,True,False,False,,False,False,,False,False,,To_comment,Adhesion_add,,PF07686;
P58166,INHBE_HUMAN,False,False,True,Growthfactor | Hormone,True,False,,False,False,,To_add,,,PF00019;
P58294,PROK1_HUMAN,False,False,True,Growthfactor,True,False,,False,False,,To_add,,,PF06607;
P58499,FAM3B_HUMAN,False,False,True,Cytokine,True,False,,False,False,,To_add,,,PF15711;
P59901,LIRA4_HUMAN,True,False,False,,False,True,,False,False,,To_add,,Iglike,PF00047;PF13895;
P60568,IL2_HUMAN,False,False,True,Growthfactor | Cytokine,True,False,,False,False,,To_add,,,PF00715;
P61073,CXCR4_HUMAN,True,False,False,,False,True,Chemokine_receptor CXCR_add,False,False,,To_add,,,PF00001;PF12109;
P61278,SMS_HUMAN,False,False,True,Hormone,True,False,,False,False,,To_add,,,PF03002;
P61366,OSTN_HUMAN,False,False,True,Hormone,True,False,,False,False,,To_add,,,PF11037;
P61769,B2MG_HUMAN,True,False,True,,False,False,,False,False,,To_add,,Iglike,PF07654;
P61812,TGFB2_HUMAN,False,False,True,Growthfactor,True,False,,False,False,,To_add,,,PF00019;PF00688;
P78310,CXAR_HUMAN,True,False,True,,False,True,,False,False,,To_add,,,PF00047;PF07686;
P78324,SHPS1_HUMAN,True,False,False,,False,True,,False,False,,To_add | To_comment,Receptor_add | Extracellular_add,Iglike | Receptor_add,PF07654;PF07686;
P78423,X3CL1_HUMAN,True,False,True,Cytokine,True,True,Chemokine_receptor_add,False,False,,To_add,,,PF00048;
P78504,JAG1_HUMAN,True,False,False,,False,False,,False,False,,To_add | To_comment,transmembrane_add | extracellular_add,,PF01414;PF00008;PF07645;PF12661;PF07657;
P78552,I13R1_HUMAN,True,False,False,,False,True,Cytokine_receptor,False,False,,To_add,,cytokine_receptor,PF18001;PF09240;
P78556,CCL20_HUMAN,False,False,True,Cytokine,True,False,,False,False,,To_add,,,PF00048;
P80075,CCL8_HUMAN,False,False,True,Cytokine,True,False,,False,False,,To_add,,,PF00048;
P80098,CCL7_HUMAN,False,False,True,Cytokine,True,False,,False,False,,To_add,,,PF00048;
P80162,CXCL6_HUMAN,False,False,True,Cytokine,True,False,,False,False,,To_add,,,PF00048;
P80370,DLK1_HUMAN,True,False,False,,False,False,,False,False,,To_add | To_comment,transmembrane_add | extracellular_add,,PF00008;
P81277,PRRP_HUMAN,False,False,True,Hormone,True,False,,False,False,,To_add,,,PF15172;
P83859,OX26_HUMAN,False,False,True,,False,False,,False,False,,To_add,,,PF11109;
P84077,ARF1_HUMAN,True,False,False,,False,False,,False,False,,To_add,,,PF00025;
P98172,EFNB1_HUMAN,True,False,False,,False,False,,False,False,,To_add | To_comment,transmembrane_add | extracellular_add,Uniprot: Binds to the receptor tyrosine kinases EPHB1 and EPHA1.,PF00812;
Q01113,IL9R_HUMAN,True,False,True,Cytokine,True,True,Cytokine_receptor_add,False,False,,To_add,,,
Q01151,CD83_HUMAN,True,False,False,,False,True,,False,False,,To_add | To_comment,Receptor_add,Iglike | Receptor_add,PF07686;
Q01344,IL5RA_HUMAN,True,False,False,,False,True,Cytokine_receptor_add,False,False,,To_add,,cytokine_receptor,PF09240;
Q01638,ILRL1_HUMAN,True,False,True,Cytokine,True,True,Cytokine_receptor,False,False,,To_add,,,PF07679;PF01582;
Q01718,ACTHR_HUMAN,True,False,False,,False,True,,False,False,,To_add,,,PF00001;
Q01726,MSHR_HUMAN,True,False,False,,False,True,,False,False,,To_add,,,PF00001;
Q01955,CO4A3_HUMAN,False,False,True,,False,False,,False,False,,To_add,,Collagen,PF01413;PF01391;
Q01973,ROR1_HUMAN,True,False,False,,False,True,,False,False,,To_add,,Iglike,PF01392;PF07679;PF00051;PF07714;
Q01974,ROR2_HUMAN,True,False,False,,False,True,,False,False,,To_add,,,PF01392;PF07679;PF00051;PF07714;
Q02223,TNR17_HUMAN,True,False,False,,False,True,TNF_receptor_add,False,False,,To_add,,,PF09257;
Q02297,NRG1_HUMAN,True,False,True,Growthfactor,True,True,,False,False,,To_add,,,PF00008;PF07679;PF02158;
Q02388,CO7A1_HUMAN,False,False,True,,False,False,,False,False,,To_add,,Collagen,PF01391;PF00041;PF00014;PF00092;
Q02413,DSG1_HUMAN,True,False,False,,False,False,,False,False,,To_add,,desmosome junctions,PF00028;PF01049;
Q02487,DSC2_HUMAN,True,False,False,,False,False,,False,False,,To_add,,desmosome junctions,PF00028;PF01049;PF08758;
Q02643,GHRHR_HUMAN,True,False,False,,False,True,,False,False,,To_add,,,PF00002;PF02793;
Q02747,GUC2A_HUMAN,False,False,True,,False,False,,False,False,,To_add,,,PF02058;
Q02763,TIE2_HUMAN,True,False,True,,False,True,,False,False,,To_add,,,PF00041;PF10430;PF07714;
Q03167,TGBR3_HUMAN,True,False,True,,False,True,,False,False,,To_add,,Migration,PF00100;
Q03405,UPAR_HUMAN,True,False,True,,False,True,,False,False,,To_add,,,PF00021;
Q03431,PTH1R_HUMAN,True,False,False,,False,True,,False,False,,To_add,,,PF00002;PF02793;
Q03692,COAA1_HUMAN,False,False,True,,False,False,,False,False,,To_add,,Collagen,PF00386;PF01391;
Q04721,NOTC2_HUMAN,True,False,False,,False,True,,False,False,,To_add,,,PF12796;PF11936;PF00008;PF07645;PF12661;PF06816;PF07684;PF00066;
Q04771,ACVR1_HUMAN,True,False,False,,False,True,,False,False,,To_add,,Receptor for activin. (uniprot),PF01064;PF07714;PF08515;
Q04912,RON_HUMAN,True,False,False,,False,True,,False,False,,To_add,,Receptor tyrosine kinase that transduces signals from the extracellular matrix into the cytoplasm by binding to MST1 ligand. (uniprot),PF07714;PF01403;PF01833;
Q05707,COEA1_HUMAN,False,False,True,,False,False,,False,False,,To_add,,Collagen,PF01391;PF00041;PF00092;
Q06418,TYRO3_HUMAN,True,False,False,,False,True,,False,False,,To_add,,,PF00041;PF07679;PF07714;
Q06643,TNFC_HUMAN,False,True,False,,False,False,,False,False,,To_add,,ligandIUPHAR,PF00229;
Q07011,TNR9_HUMAN,True,False,False,,False,True,TNF_receptor_add,False,False,,To_add,,TNF_receptor_add (uniprot),PF00020;
Q07092,COGA1_HUMAN,False,False,True,,False,False,,False,False,,To_add,,Collagen,PF01391;
Q07325,CXCL9_HUMAN,False,False,True,Cytokine,True,False,,False,False,,To_add,,,PF00048;
Q07444,NKG2E_HUMAN,True,False,False,,False,True,KLR_add,False,False,,To_add,,KLR_add (uniprot),PF00059;
Q07954,LRP1_HUMAN,True,False,False,,False,True,,False,False,,To_add,,,PF12662;PF16472;PF07645;PF00057;PF00058;
Q08334,I10R2_HUMAN,True,False,False,,False,True,Cytokine_receptor_add,False,False,,To_add,,cytokine_receptor,PF09294;PF01108;
Q08345,DDR1_HUMAN,True,False,True,,False,True,,False,False,,To_add,,,PF00754;PF07714;
Q08554,DSC1_HUMAN,True,False,False,,False,False,,False,False,,To_add,,desmosome junctions,PF00028;PF01049;PF08758;
Q08722,CD47_HUMAN,True,False,False,,False,True,,False,False,,To_comment,Receptor_add | Extracellular_add,,PF04549;PF08204;
Q10589,BST2_HUMAN,True,False,False,,False,False,,False,False,,To_add,,,PF16716;
Q12866,MERTK_HUMAN,True,False,False,,False,True,,False,False,,To_add,,Iglike,PF00041;PF00047;PF13895;PF07714;
Q12879,NMDE1_HUMAN,True,False,False,,False,True,,False,False,,To_add,,,PF01094;PF00060;PF10613;PF10565;
Q12904,AIMP1_HUMAN,False,False,True,Cytokine,True,False,,False,False,,To_add,,,PF01588;
Q12918,KLRB1_HUMAN,True,False,False,,False,True,KLR_add,False,False,,To_add | To_comment,Extracellular_add,KLR_add (uniprot),PF00059;
Q13007,IL24_HUMAN,False,False,True,Cytokine,True,False,,False,False,,To_add,,,
Q13224,NMDE2_HUMAN,True,False,False,,False,True,,False,False,,To_add,,,PF01094;PF00060;PF10613;PF10565;
Q13241,KLRD1_HUMAN,True,False,False,,False,True,KLR_add,False,False,,To_add,,KLR_add (uniprot),PF00059;
Q13261,I15RA_HUMAN,True,False,True,Cytokine,True,True,Cytokine_receptor,False,False,,To_add,,Cytokine_receptor (uniprot),
Q13275,SEM3F_HUMAN,False,False,True,,False,False,,False,False,,To_add,,,PF01403;
Q13291,SLAF1_HUMAN,True,False,True,,False,True,,False,False,,To_add,,,PF06214;
Q13324,CRFR2_HUMAN,True,False,False,,False,True,,False,False,,To_add,,,PF00002;PF02793;
Q13332,PTPRS_HUMAN,True,False,False,,False,True,,False,False,,To_add,,Iglike,PF00041;PF07679;PF00102;
Q13349,ITAD_HUMAN,True,False,False,,False,True,,False,False,,To_add,,Integrin,PF01839;PF00357;PF08441;PF00092;
Q13467,FZD5_HUMAN,True,False,False,,False,True,,False,False,,To_comment,Extracellular_add,,PF01534;PF01392;
Q13477,MADCA_HUMAN,True,False,False,,False,False,,False,False,,To_add | To_comment,extracellular_add,ligandIUPHAR,PF09085;
Q13478,IL18R_HUMAN,True,False,False,,False,True,Cytokine_receptor_add,False,False,,To_add,,Iglike,PF18452;PF01582;
Q13546,RIPK1_HUMAN,True,False,False,,False,True,,False,False,,To_comment,Receptor_add,,PF00531;PF07714;PF12721;
Q13591,SEM5A_HUMAN,True,False,False,,False,False,,False,False,,To_add | To_comment,,Ligand for receptor PLXNB3. (uniprot),PF01403;PF00090;
Q13639,5HT4R_HUMAN,True,False,False,,False,True,,False,False,,To_add,,,PF00001;
Q13651,I10R1_HUMAN,True,False,False,,False,True,Cytokine_receptor_add,False,False,,To_add,,cytokine_receptor,PF01108;
Q13683,ITA7_HUMAN,True,False,False,,False,True,,False,False,,To_add | To_comment,Adhesion_add,Migration | Adhesion_add (uniprot),PF01839;PF08441;
Q13705,AVR2B_HUMAN,True,False,False,,False,True,,False,False,,To_add,,IUPHAR,PF01064;PF00069;
Q13740,CD166_HUMAN,True,False,True,,False,False,,False,False,,To_comment,Extracellular_add,,PF08205;
Q13797,ITA9_HUMAN,True,False,False,,False,True,,False,False,,To_add,,Integrin,PF01839;PF08441;
Q13873,BMPR2_HUMAN,True,False,False,,False,True,TGFBeta_receptor_add,False,False,,To_add,,,PF01064;PF00069;
Q14005,IL16_HUMAN,False,False,True,Cytokine,True,False,,False,False,,To_add,,,PF00595;
Q14031,CO4A6_HUMAN,False,False,True,,False,False,,False,False,,To_add,,Collagen,PF01413;PF01391;
Q14050,CO9A3_HUMAN,False,False,True,,False,False,,False,False,,To_add,,Collagen,PF01391;
Q14055,CO9A2_HUMAN,False,False,True,,False,False,,False,False,,To_add,,Collagen,PF01391;
Q14116,IL18_HUMAN,False,False,True,Cytokine,True,False,,False,False,,To_add,,,PF00340;
Q14118,DAG1_HUMAN,True,False,True,,False,True,,False,False,,To_add,,,PF18424;PF05454;
Q14126,DSG2_HUMAN,True,False,False,,False,False,,False,False,,To_add,,desmosome junctions,PF00028;
Q14213,IL27B_HUMAN,False,False,True,Cytokine,True,False,,False,False,,To_add,,,PF00041;
Q14242,SELPL_HUMAN,True,False,False,,False,True,,False,False,,To_add,,calcium-dependent interactions with E-,
Q14332,FZD2_HUMAN,True,False,False,,False,True,,False,False,,To_comment,Extracellular_add,,PF01534;PF01392;
Q14393,GAS6_HUMAN,False,False,True,,False,False,,False,False,,To_add,,,PF12662;PF07645;PF00594;PF12661;PF00054;PF02210;
Q14406,CSHL_HUMAN,False,False,True,Hormone,True,False,,False,False,,To_add,,,PF00103;
Q14563,SEM3A_HUMAN,False,False,True,,False,False,,False,False,,To_add,,,PF01403;
Q14574,DSC3_HUMAN,True,False,False,,False,False,,False,False,,To_add,,desmosome junctions,PF00028;PF01049;PF08758;
Q14626,I11RA_HUMAN,True,False,False,,False,True,Cytokine_receptor,False,False,,To_add,,cytokine_receptor,
Q14627,I13R2_HUMAN,True,False,False,,False,True,Cytokine_receptor,False,False,,To_add,,cytokine_receptor,PF09240;
Q14773,ICAM4_HUMAN,True,False,True,,False,False,,False,False,,To_add,,,PF03921;
Q14943,KI3S1_HUMAN,True,False,False,,False,True,KIR_add,False,False,,To_add,,,PF00047;
Q14957,NMDE3_HUMAN,True,False,False,,False,True,,False,False,,To_add,,,PF01094;PF00060;PF10613;PF10565;
Q14993,COJA1_HUMAN,False,False,True,,False,False,,False,False,,To_add,,Collagen,PF01391;
Q15077,P2RY6_HUMAN,True,False,False,,False,True,,False,False,,To_add,,,PF00001;
Q15109,RAGE_HUMAN,True,False,True,,False,True,,False,False,,To_comment,Receptor_add,,PF08205;PF00047;PF13895;
Q15116,PDCD1_HUMAN,True,False,False,,False,True,,False,False,,To_add | To_comment,Iglike | Receptor | Extracellular_add,Uniprot description,PF07686;
Q15223,PVRL1_HUMAN,True,False,True,,False,True,,False,False,,To_add,,,PF08205;PF07686;
Q15256,PTPRR_HUMAN,True,False,False,,False,True,,False,False,,To_add,,,PF00102;
Q15262,PTPRK_HUMAN,True,False,False,,False,True,,False,False,,To_add,,Migration,PF00041;PF07679;PF00629;PF00102;
Q15303,ERBB4_HUMAN,True,False,False,,False,True,,False,False,,To_add,,Migration,PF00757;PF14843;PF07714;PF01030;
Q15375,EPHA7_HUMAN,True,False,False,,False,True,,False,False,,To_comment,Adhesion_add,,PF14575;PF01404;PF07699;PF00041;PF07714;PF00536;
Q15389,ANGP1_HUMAN,False,False,True,,False,False,,False,False,,To_add,,,PF00147;
Q15726,KISS1_HUMAN,False,False,True,,False,False,,False,False,,To_add,,,PF15152;
Q15758,AAAT_HUMAN,True,False,False,,False,True,,False,False,,To_add,,,PF00375;
Q15760,GPR19_HUMAN,True,False,False,,False,True,,False,False,,To_add,,,PF00001;
Q15761,NPY5R_HUMAN,True,False,False,,False,True,,False,False,,To_add,,,PF00001;
Q15762,CD226_HUMAN,True,False,False,,False,True,,False,False,,To_comment,Extracellular_add,,PF07686;
Q15768,EFNB3_HUMAN,True,False,False,,False,True,,False,False,,To_add,,ligandIUPHAR,PF00812;
Q15848,ADIPO_HUMAN,False,False,True,Hormone,True,False,,False,False,,To_add,,,PF00386;PF01391;
Q16288,NTRK3_HUMAN,True,False,False,,False,True,,False,False,,To_add,,Iglike,PF07679;PF00047;PF13855;PF01462;PF07714;PF16920;
Q16552,IL17_HUMAN,False,False,True,Cytokine,True,False,,False,False,,To_add,,,PF06083;
Q16570,ACKR1_HUMAN,True,False,False,,False,True,Artipical_chemokine_receptor_add,False,False,,To_add,,Atypical chemokine receptor (uniprot),
Q16581,C3AR_HUMAN,True,False,False,,False,True,,False,False,,To_add,,,PF00001;
Q16620,NTRK2_HUMAN,True,False,False,,False,True,,False,False,,To_add,,,PF07679;PF13855;PF01462;PF07714;PF16920;
Q16627,CCL14_HUMAN,False,False,True,Cytokine,True,False,,False,False,,To_add,,,PF00048;
Q16661,GUC2B_HUMAN,False,False,True,,False,False,,False,False,,To_add,,,PF02058;
Q16663,CCL15_HUMAN,False,False,True,Cytokine,True,False,,False,False,,To_add,,,PF00048;
Q16671,AMHR2_HUMAN,True,False,False,,False,True,,False,False,,To_add,,receptor complex (uniprot),PF01064;PF00069;
Q16787,LAMA3_HUMAN,False,False,True,,False,False,,False,False,,To_add,,laminin,PF00052;PF00053;PF02210;PF06008;PF06009;PF00055;
Q17RW2,COOA1_HUMAN,False,False,True,,False,False,,False,False,,To_add,,Collagen,PF01410;PF01391;PF02210;
Q29980,MICB_HUMAN,True,False,False,,False,False,,False,False,,To_comment,Extracellular_add,,PF07654;PF00129;
Q29983,MICA_HUMAN,True,False,False,,False,False,,False,False,,To_add,,,PF07654;PF00129;
Q2I0M5,RSPO4_HUMAN,False,False,True,,False,False,,False,False,,To_add,,,PF15913;
Q2MKA7,RSPO1_HUMAN,False,False,True,,False,False,,False,False,,To_add,,,PF15913;
Q2UY09,COSA1_HUMAN,False,False,True,,False,False,,False,False,,To_add,,Collagen,PF01391;PF00014;PF00092;
Q495A1,TIGIT_HUMAN,True,False,False,,False,False,,False,False,,To_comment,Extracellular_add,,PF07686;
Q4G0M1,ERFE_HUMAN,False,False,True,Hormone,True,False,,False,False,,To_add,,,
Q5H8A3,NMS_HUMAN,False,False,True,,False,False,,False,False,,To_add,,,
Q5KU26,COL12_HUMAN,True,False,False,,False,True,,False,False,,To_add,,Scavenger receptor (uniprot),PF01391;PF00059;
Q5T4W7,ARTN_HUMAN,False,False,True,Growthfactor,True,False,,False,False,,To_add,,,PF00019;
Q5TAT6,CODA1_HUMAN,True,False,False,,False,False,,False,False,,To_add,,Collagen,PF01391;
Q5VWK5,IL23R_HUMAN,True,False,False,,False,True,Cytokine_receptor_add,False,False,,To_add,,,
Q5VY80,RET1L_HUMAN,True,False,False,,False,False,,False,False,,To_add,,,PF00129;
Q68D85,NR3L1_HUMAN,True,False,False,,False,False,,False,False,,To_comment,Extracellular_add,,PF07654;PF01140;
Q6GTX8,LAIR1_HUMAN,True,False,False,,False,True,,False,False,,To_add,,,PF13895;
Q6H3X3,RET1G_HUMAN,True,False,True,,False,False,,False,False,,To_add,,,PF00129;
Q6IA17,SIGIR_HUMAN,True,False,False,,False,False,,False,False,,To_add,,Iglike,PF01582;
Q6KF10,GDF6_HUMAN,False,False,True,Growthfactor | Cytokine,True,False,,False,False,,To_add,,,PF00019;PF00688;
Q6UVK1,CSPG4_HUMAN,True,False,False,,False,False,,False,False,,To_add,,Migration,PF00054;PF02210;
Q6UVW9,CLC2A_HUMAN,True,False,False,,False,True,,False,False,,To_comment,Extracellular_add,,PF00059;
Q6UW32,IGFL1_HUMAN,False,False,True,Growthfactor,True,False,,False,False,,To_add,,,PF14653;
Q6UW88,EPGN_HUMAN,False,False,True,Growthfactor,True,False,,False,False,,To_add,,,
Q6UWB1,I27RA_HUMAN,True,False,False,,False,True,Cytokine_receptor_add,False,False,,To_add,,cytokine_receptor,PF00041;
Q6UWQ7,IGFL2_HUMAN,False,False,True,Growthfactor,True,False,,False,False,,To_add,,,PF14653;
Q6UWT2,ENHO_HUMAN,False,False,True,,False,False,,False,False,,To_add,,,
Q6UX27,VSTM1_HUMAN,True,False,True,Cytokine,True,True,,False,False,,To_add | To_comment,Receptor_add,Iglike| Receptor_add,PF13895;
Q6UXB1,IGFL3_HUMAN,False,False,True,Growthfactor,True,False,,False,False,,To_add,,,PF14653;
Q6UXB2,VCC1_HUMAN,False,False,True,,False,False,,False,False,,To_add,,,PF15211;
Q6UXL0,I20RB_HUMAN,True,False,False,,False,True,Cytokine_receptor,False,False,,To_add,,cytokine_receptor,PF09294;PF01108;
Q6UXV0,GFRAL_HUMAN,True,False,False,,False,True,,False,False,,To_add | To_comment,transmembrane_add | receptor_add | extracellular_add,Uniprot:Brainstem-restricted receptor for GDF15,PF02351;
Q6UXX9,RSPO2_HUMAN,False,False,True,,False,False,,False,False,,To_add,,,PF15913;
Q6W5P4,NPSR1_HUMAN,True,False,False,,False,True,,False,False,,To_add,,,PF00001;
Q6ZMJ4,IL34_HUMAN,False,False,True,Growthfactor | Cytokine,True,False,,False,False,,To_add,,,PF15036;
Q765I0,UTS2B_HUMAN,False,False,True,Hormone,True,False,,False,False,,To_add,,,PF02083;
Q7Z4H4,ADM2_HUMAN,False,False,True,Hormone,True,False,,False,False,,To_add,,,PF00214;
Q7Z4P5,GDF7_HUMAN,False,False,True,Growthfactor | Cytokine,True,False,,False,False,,To_add,,,PF00019;PF00688;
Q7Z5Y6,BMP8A_HUMAN,False,False,True,Growthfactor | Cytokine,True,False,,False,False,,To_add,,,PF00019;PF00688;
Q7Z6A9,BTLA_HUMAN,True,False,False,,False,True,,False,False,,To_add,extracellular_add,ligandIUPHAR,PF00047;
Q86WN2,IFNE_HUMAN,False,False,True,Cytokine,True,False,,False,False,,To_add,,,PF00143;
Q86X29,LSR_HUMAN,True,False,False,,False,True,,False,False,,To_add,,,PF05624;
Q86XT9,TM219_HUMAN,True,False,False,,False,True,,False,False,,To_add,,,PF14940;
Q86Y34,AGRG3_HUMAN,True,False,False,,False,True,,False,False,,To_add,,,PF00002;PF01825;
Q8IU54,IFNL1_HUMAN,False,False,True,Cytokine,True,False,,False,False,,To_add,,,PF15177;
Q8IU57,INLR1_HUMAN,True,False,False,,False,True,Interferon_receptor,False,False,,To_add,,cytokine_receptor,PF01108;
Q8IZC6,CORA1_HUMAN,False,False,True,,False,False,,False,False,,To_add,,Collagen,PF01410;PF01391;
Q8IZF4,AGRG5_HUMAN,True,False,False,,False,True,,False,False,,To_add,,,PF00002;PF01825;
Q8IZI9,IFNL3_HUMAN,False,False,True,Cytokine,True,False,,False,False,,To_add,,,PF15177;
Q8IZJ0,IFNL2_HUMAN,False,False,True,Cytokine,True,False,,False,False,,To_add,,,PF15177;
Q8N126,CADM3_HUMAN,True,False,False,,False,False,,False,False,,To_add,,,PF08205;PF07686;
Q8N423,LIRB2_HUMAN,True,False,False,,False,True,Inhibitory LILRs_add,False,False,,To_add,,Iglike,PF13895;
Q8N441,FGRL1_HUMAN,True,False,False,,False,True,,False,False,,To_add,,Iglike,PF07679;
Q8N6P7,I22R1_HUMAN,True,False,False,,False,True,Cytokine_receptor_add,False,False,,To_add,,cytokine_receptor,PF01108;
Q8N6Q3,CD177_HUMAN,True,False,False,,False,False,,False,False,,To_comment,Adhesion_add,,PF00021;
Q8N729,NPW_HUMAN,False,False,True,,False,False,,False,False,,To_add,,,PF15180;
Q8NAC3,I17RC_HUMAN,True,False,False,,False,True,Cytokine_receptor_add,False,False,,To_add,,,PF15037;PF08357;
Q8NC67,NETO2_HUMAN,True,False,False,,False,True,,False,False,,To_add,,Accessory subunit of neuronal kainate-sensitive glutamate receptors,PF00431;PF00057;
Q8NER5,ACV1C_HUMAN,True,False,False,,False,True,,False,False,,To_add,,Receptor for activin AB,PF07714;PF08515;
Q8NEV9,IL27A_HUMAN,False,False,True,Cytokine,True,False,,False,False,,To_add,,,
Q8NFJ6,PKR2_HUMAN,True,False,False,,False,True,,False,False,,To_add,,,PF00001;
Q8NFR9,I17RE_HUMAN,True,False,True,Cytokine,True,True,Cytokine_receptor_add,False,False,,To_add,,,PF15037;PF08357;
Q8NFW1,COMA1_HUMAN,False,False,True,,False,False,,False,False,,To_add,,Collagen,PF01391;PF00092;
Q8NFY4,SEM6D_HUMAN,True,False,False,,False,False,,False,False,,To_add,,Possible_receptor,PF01437;PF01403;
Q8NFZ8,CADM4_HUMAN,True,False,False,,False,False,,False,False,,To_add,,Iglike,PF08205;PF07686;
Q8NG41,NPB_HUMAN,False,False,True,,False,False,,False,False,,To_add,,,PF15180;
Q8NHJ6,LIRB4_HUMAN,True,False,False,,False,True,Inhibitory LILRs_add,False,False,,To_add,,,PF00047;PF13895;
Q8NHL6,LIRB1_HUMAN,True,False,True,,False,True,Inhibitory LILRs_add,False,False,,To_add,,,PF00047;PF13895;
Q8NHW4,CC4L_HUMAN,False,False,True,Cytokine,True,False,,False,False,,To_add,,,PF00048;
Q8TCW9,PKR1_HUMAN,True,False,False,,False,True,,False,False,,To_add,,,PF00001;
Q8TD07,N2DL4_HUMAN,True,False,True,,False,False,,False,False,,To_add,,Binds and activates the KLRK1/NKG2D receptor (uniprot),PF00129;
Q8TD46,MO2R1_HUMAN,True,False,True,,False,True,,False,False,,To_add,,,PF08205;
Q8TDQ0,HAVR2_HUMAN,True,False,False,,False,True,,False,False,,To_add | To_comment,Receptor_add | Extracellular_add,Iglike. Cell surface receptor implicated in modulating innate and adaptive immune responses (uniprot),PF07686;
Q8TDT2,GP152_HUMAN,True,False,False,,False,True,,False,False,,To_add,,,PF00001;
Q8TDU9,RL3R2_HUMAN,True,False,False,,False,True,,False,False,,To_add,,,PF00001;
Q8TDV0,GP151_HUMAN,True,False,False,,False,True,,False,False,,To_add,,,PF00001;
Q8WWG1,NRG4_HUMAN,True,False,True,Growthfactor,True,False,,False,False,,To_add,,,PF00008;
Q8WWZ1,IL1FA_HUMAN,False,False,True,Cytokine,True,False,,False,False,,To_add,,,PF00340;
Q8WXD0,RXFP2_HUMAN,True,False,False,,False,True,,False,False,,To_add,,,PF00001;PF00057;PF13855;
Q8WXF3,REL3_HUMAN,False,False,True,Hormone,True,False,,False,False,,To_add,,,PF00049;
Q8WXG9,GPR98_HUMAN,True,False,False,,False,True,,False,False,,To_add,,,PF00002;PF03160;PF03736;
Q92478,CLC2B_HUMAN,True,False,False,,False,True,,False,False,,To_add | To_comment,Extracellular_add,member of the C-type lectin/C-type lectin-like domain (CTL/CTLD) superfamily. NK cell signalling. Reviewed in PMID:24987108,PF00059;
Q92520,FAM3C_HUMAN,False,False,True,Cytokine_like,True,False,,False,False,,To_add,,,PF15711;
Q92583,CCL17_HUMAN,False,False,True,Cytokine,True,False,,False,False,,To_add,,,PF00048;
Q92673,SORL_HUMAN,True,False,True,,False,True,,False,False,,To_add,,Likely to be a multifunctional endocytic receptor (uniprot),PF00041;PF00057;PF00058;PF15902;PF15901;
Q92692,PVRL2_HUMAN,True,False,False,,False,True,,False,False,,To_comment,Extracellular_add,,PF08205;PF07686;
Q92838,EDA_HUMAN,True,False,True,,False,False,,False,False,,To_add,,,PF00229;
Q92847,GHSR_HUMAN,True,False,False,,False,True,,False,False,,To_add,,,PF00001;
Q92854,SEM4D_HUMAN,True,False,False,,False,True,,False,False,,To_add,,,PF00047;PF01437;PF01403;
Q92896,GSLG1_HUMAN,True,False,False,,False,False,,False,False,False,To_add | To_comment,transmembrane_add | extracellular_add,Uniprot: Binds E-selectin,PF00839;
Q92956,TNR14_HUMAN,True,False,False,,False,True,TNF_receptor_add,False,False,,To_add,,TNF_receptor_add (uniprot),PF00020;
Q93038,TNR25_HUMAN,True,False,True,,False,True,TNF_receptor_add,False,False,,To_add,,,PF00531;PF00020;
Q93097,WNT2B_HUMAN,False,False,True,CellSignal_WNT,True,False,,False,False,,To_add,,,PF00110;
Q969D9,TSLP_HUMAN,False,False,True,Cytokine,True,False,,False,False,,To_add,,,PF15216;
Q969E1,LEAP2_HUMAN,False,False,True,,False,False,,False,False,,To_add,,,PF07359;
Q969E3,UCN3_HUMAN,False,False,True,Hormone,True,False,,False,False,,To_add,,,PF00473;
Q969F8,KISSR_HUMAN,True,False,False,,False,True,,False,False,,To_add,,,PF00001;
Q969V1,MCHR2_HUMAN,True,False,False,,False,True,,False,False,,To_add,,,PF00001;
Q96A83,COQA1_HUMAN,False,False,True,,False,False,,False,False,,To_add,,Collagen,PF01391;PF07546;
Q96AP7,ESAM_HUMAN,True,False,False,,False,False,,False,False,,To_add,,,PF07686;
Q96E93,KLRG1_HUMAN,True,False,False,,False,True,KLR_add,False,False,,To_add,,,PF00059;
Q96F46,I17RA_HUMAN,True,False,True,Cytokine,True,True,Cytokine_receptor_add,False,False,,To_add,,,PF16556;PF08357;
Q96JQ5,M4A4A_HUMAN,True,False,False,,False,True,,False,False,,To_add,,May be involved in signal transduction as a component of a multimeric receptor complex. (uniprot),PF04103;
Q96LB1,MRGX2_HUMAN,True,False,False,,False,True,,False,False,,To_add,,,PF00001;
Q96LB2,MRGX1_HUMAN,True,False,False,,False,True,,False,False,,To_add,,,PF00001;
Q96LC7,SIG10_HUMAN,True,False,True,,False,False,,False,True,Sialic acid-binding Ig-like,To_add,,Sialic acid-binding Ig-like,PF13895;PF07686;
Q96NY8,PVRL4_HUMAN,True,False,True,,False,True,,False,False,,To_add,,,PF08205;PF07686;
Q96P44,COLA1_HUMAN,False,False,True,,False,False,,False,False,,To_add,,Collagen,PF01391;PF00092;
Q96P65,QRFPR_HUMAN,True,False,False,,False,True,,False,False,,To_add,,,PF00001;
Q96P66,GP101_HUMAN,True,False,False,,False,True,,False,False,,To_add,,,PF00001;
Q96PD4,IL17F_HUMAN,False,False,True,Cytokine,True,False,,False,False,,To_add,,,PF06083;
Q96PJ5,FCRL4_HUMAN,True,False,False,,False,True,,False,False,,To_add,,,PF00047;PF13895;
Q96QR1,SG3A1_HUMAN,False,False,True,Cytokine,True,False,,False,False,,To_add,,,
Q96RJ3,TR13C_HUMAN,True,False,False,,False,True,TNF_receptor_add,False,False,,To_add,,TNF_receptor_add (uniprot),PF09256;
Q96RP3,UCN2_HUMAN,False,False,True,Hormone,True,False,,False,False,,To_add,,,PF00473;
Q96S42,NODAL_HUMAN,False,False,True,Growthfactor | Cytokine,True,False,,False,False,,To_add,,,PF00019;
Q96T91,GPHA2_HUMAN,False,False,True,Hormone,True,False,,False,False,,To_add,,,
Q99062,CSF3R_HUMAN,True,False,True,,False,True,Cytokine_receptor,False,False,,To_add,,,PF00041;PF06328;
Q99075,HBEGF_HUMAN,True,False,True,Growthfactor,True,True,,False,False,,To_add,,,PF00008;
Q99466,NOTC4_HUMAN,True,False,False,,False,True,,False,False,,To_add,,,PF00023;PF12796;PF00008;PF07645;PF12661;PF06816;PF07684;PF00066;
Q99523,SORT_HUMAN,True,False,False,,False,True,,False,False,,To_add,,,PF15902;PF15901;
Q99616,CCL13_HUMAN,False,False,True,Cytokine,True,False,,False,False,,To_add,,,PF00048;
Q99650,OSMR_HUMAN,True,False,False,,False,True,Cytokine_receptor_add,False,False,,To_add,,cytokine_receptor,PF00041;PF17971;
Q99665,I12R2_HUMAN,True,False,False,,False,True,Cytokine_receptor,False,False,,To_add,,cytokine_receptor,PF00041;PF06328;
Q99705,MCHR1_HUMAN,True,False,False,,False,True,,False,False,,To_add,,,PF00001;
Q99715,COCA1_HUMAN,False,False,True,,False,False,,False,False,,To_add,,Collagen,PF01391;PF00041;PF00092;
Q99731,CCL19_HUMAN,False,False,True,Cytokine,True,False,,False,False,,To_add,,,PF00048;
Q99748,NRTN_HUMAN,False,False,True,Growthfactor,True,False,,False,False,,To_add,,,PF00019;
Q99788,CML1_HUMAN,True,False,False,,False,True,Chemokine_receptor_add,False,False,,To_add,,,PF00001;
Q99835,SMO_HUMAN,True,False,False,,False,True,,False,False,,To_add,,Interacts with DLG5 (uniprot),PF01534;PF01392;
Q99969,RARR2_HUMAN,False,False,True,,False,False,,False,False,,To_add,,,
Q99983,OMD_HUMAN,False,False,True,,False,False,,False,False,,To_add,,,PF13855;
Q99985,SEM3C_HUMAN,False,False,True,,False,False,,False,False,,To_add,,,PF07679;PF01403;
Q99988,GDF15_HUMAN,False,False,True,Growthfactor | Cytokine,True,False,,False,False,,To_add,,,PF00019;
Q9BQ51,PD1L2_HUMAN,True,False,True,,False,True,,False,False,,To_comment,Extracellular_add,,PF08205;
Q9BX67,JAM3_HUMAN,True,False,True,,False,False,,False,False,,To_add,,,PF07686;
Q9BXB1,LGR4_HUMAN,True,False,False,,False,True,,False,False,,To_add,,,PF00001;PF13855;PF01462;
Q9BXY4,RSPO3_HUMAN,False,False,True,,False,False,,False,False,,To_add,,,PF15913;
Q9BY67,CADM1_HUMAN,True,False,False,,False,False,,False,False,,To_comment,Extracellular_add,,PF08205;PF07686;
Q9BYF1,ACE2_HUMAN,True,False,True,,False,True,,False,False,,To_add,,,PF16959;PF01401;
Q9BZM4,N2DL3_HUMAN,True,False,False,,False,False,,False,False,,To_comment,Extracellular_add,,PF00129;
Q9BZM5,N2DL2_HUMAN,True,False,True,,False,False,,False,False,,To_add,,,PF00129;
Q9BZM6,N2DL1_HUMAN,True,False,False,,False,True,,False,False,,To_comment,Receptor_add | Extracellular_add,,PF00129;
Q9BZW8,CD244_HUMAN,True,False,False,,False,True,,False,False,,To_comment,Extracellular_add,,PF13895;PF11465;
Q9BZZ2,SN_HUMAN,True,False,True,,False,False,,False,True,Sialic acid-binding Ig-like,To_add,,Sialic acid-binding Ig-like,PF08205;PF07679;PF13895;PF07686;
Q9C0C4,SEM4C_HUMAN,True,False,False,,False,True,,False,False,,To_comment,Receptor_add,,PF01437;PF01403;
Q9GZP0,PDGFD_HUMAN,False,False,True,Growthfactor,True,False,,False,False,,To_add,,,PF00431;PF00341;
Q9GZQ4,NMUR2_HUMAN,True,False,False,,False,True,,False,False,,To_add,,,PF00001;
Q9GZQ6,NPFF1_HUMAN,True,False,False,,False,True,,False,False,,To_add,,,PF00001;
Q9GZV9,FGF23_HUMAN,False,False,True,Growthfactor,True,False,,False,False,,To_add,,,PF00167;
Q9GZX6,IL22_HUMAN,False,False,True,Cytokine,True,False,,False,False,,To_add,,,PF14565;
Q9GZZ7,GFRA4_HUMAN,True,False,True,,False,True,,False,False,,To_add,,,PF02351;
Q9H1J7,WNT5B_HUMAN,False,False,True,CellSignal_WNT,True,False,,False,False,,To_add,,,PF00110;
Q9H293,IL25_HUMAN,False,False,True,Cytokine,True,False,,False,False,,To_add,,,PF06083;
Q9H2A7,CXL16_HUMAN,True,False,True,Cytokine,True,True,Chemokine_receptor_add,False,False,,To_add,,,
Q9H2X3,CLC4M_HUMAN,True,False,True,,False,True,,False,False,,To_add,,,PF00059;
Q9H3N8,HRH4_HUMAN,True,False,False,,False,True,,False,False,,To_add,,,PF00001;
Q9H3S1,SEM4A_HUMAN,True,False,False,,False,False,,False,False,,To_add,,,PF01437;PF01403;
Q9H461,FZD8_HUMAN,True,False,False,,False,True,,False,False,,To_comment,Extracellular_add,,PF01534;PF01392;
Q9H4G0,E41L1_HUMAN,False,False,False,,False,False,,False,False,,To_add,,,PF05902;PF08736;PF09380;PF00373;PF09379;PF04382;
Q9H665,IGFR1_HUMAN,True,False,False,,False,True,,False,False,,To_add,,,
Q9H6X2,ANTR1_HUMAN,True,False,False,,False,True,,False,False,,To_add,,,PF05586;PF05587;PF00092;
Q9H7M9,GI24_HUMAN,True,False,False,,False,True,,False,False,,To_add,,,PF07686;
Q9HAV5,TNR27_HUMAN,True,False,False,,False,True,TNF_receptor_add,False,False,,To_add,,TNF_receptor_add (uniprot),PF00020;
Q9HB29,ILRL2_HUMAN,True,False,False,,False,True,Cytokine_receptor,False,False,,To_add,,Iglike,PF13895;PF18452;PF01582;
Q9HB89,NMUR1_HUMAN,True,False,False,,False,True,,False,False,,To_add,,,PF00001;
Q9HBE4,IL21_HUMAN,False,False,True,Cytokine,True,False,,False,False,,To_add,,,PF02372;
Q9HBE5,IL21R_HUMAN,True,False,False,,False,True,Cytokine_receptor_add,False,False,,To_add,,cytokine_receptor,
Q9HBX8,LGR6_HUMAN,True,False,False,,False,True,,False,False,,To_add,,,PF13855;
Q9HBX9,RXFP1_HUMAN,True,False,False,,False,True,,False,False,,To_add,,,PF00001;PF00057;PF13855;
Q9HC23,PROK2_HUMAN,False,False,True,,False,False,,False,False,,To_add,,,PF06607;
Q9HC73,CRLF2_HUMAN,True,False,True,,False,True,,False,False,,To_add,,,
Q9HC97,GPR35_HUMAN,True,False,False,,False,True,,False,False,,To_add,,,PF00001;
Q9HCM2,PLXA4_HUMAN,True,False,False,,False,True,,False,False,,To_add,,,PF08337;PF01437;PF01403;PF01833;PF18020;PF17960;
Q9HCQ7,NPVF_HUMAN,False,False,True,,False,False,,False,False,,To_add,,,
Q9HCU4,CELR2_HUMAN,True,False,False,,False,True,,False,False,,To_add,,,PF00002;PF00028;PF00008;PF16489;PF01825;PF12661;PF00053;PF02210;
Q9HD89,RETN_HUMAN,False,False,True,Hormone,True,False,,False,False,,To_add,,,PF06954;
Q9NNX6,CD209_HUMAN,True,False,True,,False,True,,False,False,,To_add,,,PF00059;
Q9NP84,TNR12_HUMAN,True,False,False,,False,True,TNF_receptor_add,False,False,,To_add,,TNF_receptor_add (uniprot),PF12191;
Q9NPB9,ACKR4_HUMAN,True,False,False,,False,True,Atipical_chemokine_receptor_add,False,False,,To_add,,,PF00001;
Q9NPF7,IL23A_HUMAN,False,False,True,Cytokine,True,False,,False,False,,To_add,,,PF16649;
Q9NPG1,FZD3_HUMAN,True,False,False,,False,True,,False,False,,To_comment,Extracellular_add,,PF01534;PF01392;
Q9NPH3,IL1AP_HUMAN,True,False,True,Cytokine,True,True,Cytokine_receptor_add,False,False,,To_add,,,PF18452;PF01582;
Q9NPH9,IL26_HUMAN,False,False,True,Cytokine,True,False,,False,False,,To_add,,,PF00726;
Q9NQS3,PVRL3_HUMAN,True,False,False,,False,False,,False,False,,To_comment,Extracellular_add,,PF08205;PF07686;
Q9NR23,GDF3_HUMAN,False,False,True,Growthfactor | Cytokine,True,False,,False,False,,To_add,,,PF00019;PF00688;
Q9NR61,DLL4_HUMAN,True,False,False,,False,False,,False,False,,To_comment,extracellular_add,ligandIUPHAR,PF01414;PF00008;PF07657;
Q9NRA1,PDGFC_HUMAN,True,False,True,Growthfactor,True,False,,False,False,,To_add,,,PF00431;PF00341;
Q9NRJ3,CCL28_HUMAN,False,False,True,Cytokine,True,False,,False,False,,To_add,,,PF00048;
Q9NRM6,I17RB_HUMAN,True,False,True,Cytokine,True,True,Cytokine_receptor,False,False,,To_add,,,PF16556;PF08357;
Q9NRV9,HEBP1_HUMAN,True,False,False,,False,False,,False,False,,To_add | To_comment,transmembrane_add | extracellular_add,"Genecards: This protein includes a natural chemoattractant peptide of 21 amino acids at the N-terminus, which is a natural ligand for formyl peptide receptor-like receptor 2 (FPRL2) ",PF04832;
Q9NSD7,RL3R1_HUMAN,True,False,False,,False,True,,False,False,,To_add,,,PF00001;
Q9NTN9,SEM4G_HUMAN,True,False,False,,False,False,,False,False,,To_add,,Possible_receptor,PF01437;PF01403;
Q9NYJ7,DLL3_HUMAN,True,False,False,,False,False,,False,False,,To_add | To_comment,transmembrane_add | extracellular_add,,PF00008;PF12661;
Q9NYQ7,CELR3_HUMAN,True,False,False,,False,True,,False,False,,To_add,,,PF00002;PF00028;PF00008;PF16489;PF01825;PF00053;PF02210;
Q9NYY1,IL20_HUMAN,False,False,True,Cytokine,True,False,,False,False,,To_add,,,PF00726;
Q9NZC2,TREM2_HUMAN,True,False,True,,False,True,,False,False,,To_add,,,PF07686;
Q9NZD1,GPC5D_HUMAN,True,False,False,,False,True,,False,False,,To_add,,,PF00003;
Q9NZH0,GPC5B_HUMAN,True,False,False,,False,True,,False,False,,To_add,,,PF00003;
Q9NZH6,IL37_HUMAN,False,False,True,Cytokine,True,False,,False,False,,To_add,,,PF00340;
Q9NZH7,IL36B_HUMAN,False,False,True,Cytokine,True,False,,False,False,,To_add,,,
Q9NZH8,IL36G_HUMAN,False,False,True,Cytokine,True,False,,False,False,,To_add,,,PF00340;
Q9NZN1,IRPL1_HUMAN,True,False,False,,False,True,Cytokine_receptor_add,False,False,,To_add,,,PF00047;PF18452;PF01582;
Q9NZQ7,PD1L1_HUMAN,True,False,False,,False,True,,False,False,,To_comment,extracellular_add,ligandIUPHAR,PF08205;PF07686;
Q9NZS2,KLRF1_HUMAN,True,False,False,,False,True,KLR_add,False,False,,To_add | To_comment,Extracellular_add,KLR_add (uniprot),PF00059;
Q9P0M4,IL17C_HUMAN,False,False,True,Cytokine,True,False,,False,False,,To_add,,,PF06083;
Q9P0W0,IFNK_HUMAN,False,False,True,Cytokine,True,False,,False,False,,To_add,,,PF00143;
Q9P1W8,SIRPG_HUMAN,True,False,False,,False,False,,False,False,,To_add,,Iglike,PF07654;PF07686;
Q9P218,COKA1_HUMAN,False,False,True,,False,False,,False,False,,To_add,,Collagen,PF01391;PF00041;PF00092;
Q9P296,C5AR2_HUMAN,True,False,False,,False,True,,False,False,,To_add,,,PF00001;
Q9UBC7,GALP_HUMAN,False,False,True,Hormone,True,False,,False,False,,To_add,,,PF01296;
Q9UBD3,XCL2_HUMAN,False,False,True,Cytokine,True,False,,False,False,,To_add,,,PF00048;
Q9UBD9,CLCF1_HUMAN,False,False,True,Cytokine,True,False,,False,False,,To_add,,,PF06875;
Q9UBG0,MRC2_HUMAN,True,False,False,,False,True,,False,False,,To_add,,May play a role as endocytotic lectin receptor displaying calcium-dependent lectin activity. (uniprot),PF00040;PF00059;
Q9UBH0,I36RA_HUMAN,False,False,True,Cytokine,True,False,,False,False,,To_add,,,PF00340;
Q9UBH6,XPR1_HUMAN,True,False,False,,False,True,,False,False,,To_add,,,PF03124;PF03105;
Q9UBK5,HCST_HUMAN,True,False,False,,False,False,,False,False,,To_add,,Transmembrane adapter protein (uniprot),PF07213;
Q9UBN6,TR10D_HUMAN,True,False,False,,False,True,TNF_receptor_add,False,False,,To_add,,TNF_receptor_add (uniprot),PF00020;
Q9UBR5,CKLF_HUMAN,True,False,True,Cytokine,True,False,,False,False,,To_add,,Cytokine (uniprot),
Q9UBU3,GHRL_HUMAN,False,False,True,Hormone,True,False,,False,False,,To_add,,,PF04643;PF04644;
Q9UEF7,KLOT_HUMAN,True,False,True,Hormone,True,False,,False,False,,To_add,,,PF00232;
Q9UEW3,MARCO_HUMAN,True,False,False,,False,True,,False,False,,To_add,,Pattern recognition receptor (PRR) (uniprot),PF01391;PF00530;
Q9UF33,EPHA6_HUMAN,True,False,False,,False,True,,False,False,,To_add | To_comment,,Adhesion_add (uniprot),PF14575;PF01404;PF00041;PF07714;PF00536;
Q9UHA7,IL36A_HUMAN,False,False,True,Cytokine,True,False,,False,False,,To_add,,,PF00340;
Q9UHD0,IL19_HUMAN,False,False,True,Cytokine,True,False,,False,False,,To_add,,,PF00726;
Q9UHF4,I20RA_HUMAN,True,False,False,,False,True,Cytokine_receptor,False,False,,To_add,,cytokine_receptor,PF09294;PF01108;
Q9UHP7,CLC2D_HUMAN,True,False,False,,False,True,,False,False,,To_comment,Extracellular_add,,PF00059;
Q9UIW2,PLXA1_HUMAN,True,False,False,,False,False,,False,False,,To_add,,,PF08337;PF01437;PF01403;PF01833;PF18020;PF17960;
Q9UK05,GDF2_HUMAN,False,False,True,Growthfactor | Cytokine,True,False,,False,False,,To_add,,,PF00019;PF00688;
Q9UKJ1,PILRA_HUMAN,True,False,True,,False,True,,False,False,,To_add,,,PF07686;
Q9UKP6,UR2R_HUMAN,True,False,False,,False,True,,False,False,,To_add,,,PF00001;
Q9UKX5,ITA11_HUMAN,True,False,False,,False,True,,False,False,,To_add,,Integrin (uniprot),PF01839;PF08441;PF00092;
Q9ULL4,PLXB3_HUMAN,True,False,False,,False,True,,False,False,,To_add,,,PF08337;PF01437;PF01403;PF01833;PF18020;PF17960;
Q9ULV1,FZD4_HUMAN,True,False,False,,False,True,,False,False,,To_comment,Extracellular_add,,PF01534;PF01392;
Q9ULW2,FZD10_HUMAN,True,False,False,,False,True,,False,False,,To_comment,Extracellular_add,,PF01534;PF01392;
Q9ULZ1,APEL_HUMAN,False,False,True,Hormone,True,False,,False,False,,To_add,,,PF15360;
Q9UM47,NOTC3_HUMAN,True,False,False,,False,True,,False,False,,To_add,,,PF12796;PF11936;PF00008;PF07645;PF12661;PF06816;PF07684;PF00066;
Q9UM73,ALK_HUMAN,True,False,False,,False,True,,False,False,,To_add,,,PF00629;PF07714;
Q9UMD9,COHA1_HUMAN,False,False,True,,False,False,,False,False,,To_add,,Collagen,PF01391;
Q9UNE0,EDAR_HUMAN,True,False,False,,False,True,TNF_receptor_add,False,False,,To_add,,TNF_receptor_add (uniprot),
Q9UNG2,TNF18_HUMAN,True,False,True,cytokine,True,False,,False,False,,To_add,,cytokine,
Q9UP38,FZD1_HUMAN,True,False,False,,False,True,,False,False,,To_comment,Extracellular_add,,PF01534;PF01392;
Q9Y219,JAG2_HUMAN,True,False,False,,False,False,,False,False,,To_add | To_comment,transmembrane_add | extracellular_add,Uniprot:Putative Notch ligand involved in the mediation of Notch signaling. ,PF01414;PF00008;PF07645;PF12661;PF07657;
Q9Y258,CCL26_HUMAN,False,False,True,Cytokine,True,False,,False,False,,To_add,,,PF00048;
Q9Y264,ANGP4_HUMAN,False,False,True,,False,False,,False,False,,To_add,,,PF00147;
Q9Y275,TN13B_HUMAN,True,False,True,Cytokine,True,False,,False,False,,To_add,,,PF00229;
Q9Y4D7,PLXD1_HUMAN,True,False,False,,False,True,,False,False,,To_add,,,PF08337;PF01437;PF01403;PF01833;PF17960;
Q9Y4X3,CCL27_HUMAN,False,False,True,Cytokine,True,False,,False,False,,To_add,,,PF00048;
Q9Y5Q6,INSL5_HUMAN,False,False,True,Hormone,True,False,,False,False,,To_add,,,PF00049;
Q9Y5U5,TNR18_HUMAN,True,False,True,,False,True,TNF_receptor_add,False,False,,To_add,,,
Q9Y624,JAM1_HUMAN,True,False,False,,False,True,,False,False,,To_comment,Extracellular_add,,PF07686;
Q9Y6Q6,TNR11_HUMAN,True,False,False,,False,True,TNF_receptor_add,False,False,,To_add,,,PF18278;PF00020;
Q9Y6W8,ICOS_HUMAN,True,False,True,,False,True,,False,False,,To_comment,Receptor_add,,PF15910;
