multidata_name_1,entry_name_1,multidata_name_2,entry_name_2,score_1,score_2,source,comments,
IL21 receptor,,Q9HBE4,IL21_HUMAN,1,1,curated,"3tgx, PDB partially",
IL9 receptor,,P15248,IL9_HUMAN,1,1,curated,,
NKG2D II receptor,,Q5VY80,RET1L_HUMAN,1,1,curated,"Induces NK Cell Activation. Reviewed in PMID: 24223577. 4s0u, PDB partially",
LIFR,,P15018,LIF_HUMAN,1,1,curated,"1pvh, PDB partially",
IL36 receptor,,Q8WWZ1,IL1FA_HUMAN,1,1,curated,to check,
Type I IFNR,,P05000,IFNW1_HUMAN,1,1,curated,"3se4, PDB",
Type II IFNR,,P01579,IFNG_HUMAN,1,1,curated,"1fg9, PDB",
IL3 receptor,,P08700,IL3_HUMAN,1,1,curated,,
IL35 receptor,,IL35,,1,1,curated,,
IL1 receptor inhibitor,,P01583,IL1A_HUMAN,1,1,curated,low affinity,
IL33 receptor,,O95760,IL33_HUMAN,1,1,curated,,
IL27 receptor,,IL27,,1,1,curated,,
IL23 receptor,,IL23,,1,1,curated,,
GMCSFR,,P04141,CSF2_HUMAN,1,1,curated,"4nkq, PDB",
IL1 receptor,,P01583,IL1A_HUMAN,1,1,curated,,
IL7 receptor,,P13232,IL7_HUMAN,1,1,curated,"3di2, PDB partially",
Glycoprotein Ib  complex,,P00734,THRB_HUMAN,1,1,curated,"1hyr, PDB partially",
OSMR,,P13725,ONCM_HUMAN,1,1,curated,,
BMPR1A complex,,P43026,GDF5_HUMAN,1,1,curated,InWeb: P36894 P43026,
LIFR,,P13725,ONCM_HUMAN,1,1,curated,,
IL18 receptor,,Q14116,IL18_HUMAN,1,1,curated,"3wo3, PDB partially",
IL17 receptor AC,,IL17 AF,,1,1,curated,,
IL12 receptor,,IL12,,1,1,curated,,
IL28 receptor,,Q8IZI9,IFNL3_HUMAN,1,1,curated,"5t5w, PDB",
SIRB1 complex,,Q08722,CD47_HUMAN,1,1,curated,"2jjs, PDB partially",
IL22 receptor,,Q9GZX6,IL22_HUMAN,1,1,curated,"3dgc, PDB",
aVb6 complex,,P01137,TGFB1_HUMAN,1,1,curated,"5ffo, PDB",
NKG2D II receptor,,Q29983,MICA_HUMAN,1,1,curated,"1hyr, PDB partially, Induces NK Cell Activation. Reviewed in PMID: 24223577",
NKG2D II receptor,,Q29980,MICB_HUMAN,1,1,curated,Induces NK Cell Activation. Reviewed in PMID: 24223577,
CNTF-1R,,Q9UBD9,CLCF1_HUMAN,1,1,curated,,
IL1 receptor,,P01584,IL1B_HUMAN,1,1,curated,"4dep, PDB",
IL1 receptor inhibitor,,P01584,IL1B_HUMAN,1,1,curated,"3o4o, PDB",
FcRn complex,,P02768,ALBU_HUMAN,1,1,curated,"4n0u, PDB & 4k71, PDB",
IL10 receptor,,P22301,IL10_HUMAN,1,1,curated,"1j7v, PDB partially",
TSLPR,,Q969D9,TSLP_HUMAN,1,1,curated,"5j11, PDB",
NKG2D II receptor,,Q9BZM4,N2DL3_HUMAN,1,1,curated,"Induces NK Cell Activation. Reviewed in PMID: 24223577. 1kcg, PDB partially",
IL6 receptor,,P05231,IL6_HUMAN,1,1,curated,"1p9m, PDB",
IL17 receptor AC,,Q16552,IL17_HUMAN,1,1,curated,,
IL5 receptor,,P05113,IL5_HUMAN,1,1,curated,"3qt2, PDB partially",
IL4 receptor,,P05112,IL4_HUMAN,1,1,curated,"3qb7, PDB",
IL13 receptor,,P05112,IL4_HUMAN,1,1,curated,"3bpn, PDB",
BMPR1B complex,,P36894,BMR1A_HUMAN,1,1,curated,"3evs,  PDB complex higher affinity",
TSLPR,,Q9HC73,CRLF2_HUMAN,1,1,curated,DOI  10.1038/ncomms14937,
IL1 receptor inhibitor,,P18510,IL1RA_HUMAN,1,1,curated,low affinity,
IL1 receptor,,P18510,IL1RA_HUMAN,1,1,curated,"1ira, PDB partially",
Type I IFNR,,P01563,IFNA2_HUMAN,1,1,curated,"3se3, PDB",
IL36 receptor,,Q9NZH8,IL36G_HUMAN,1,1,curated,,
CD8 receptor,,P06239,LCK_HUMAN,1,1,curated,"1q69, PDB partially",
IL20 receptor Type II,,Q13007,IL24_HUMAN,1,1,curated,,
BMPR1A complex,,P12644,BMP4_HUMAN,1,1,curated,InWeb: P12644 P36894,
CNTF-1R,,P26441,CNTF_HUMAN,1,1,curated,,
IL36 receptor,,Q9UBH0,I36RA_HUMAN,1,1,curated,,
BMPR1B complex,,P12643,BMP2_HUMAN,1,1,curated,"InWeb: P12643 Q13873; NA, lower affinity ",
BMPR1A complex,,P12643,BMP2_HUMAN,1,1,curated,"1es7, PDB partially higher affinity",
IL20 receptor Type I,,Q9UHD0,IL19_HUMAN,1,1,curated,,
IL20 receptor Type II,,Q9NYY1,IL20_HUMAN,1,1,curated,,
IL20 receptor Type I,,Q9NYY1,IL20_HUMAN,1,1,curated,,
IL37 receptor,,Q9NZH6,IL37_HUMAN,1,1,curated,"See paper Nold-Petry et al., 2015",
IL13 receptor,,P35225,IL13_HUMAN,1,1,curated,"3bpo, PDB",
IL17 receptor AE,,Q9P0M4,IL17C_HUMAN,1,1,curated,,
IL15 receptor,,P40933,IL15_HUMAN,1,1,curated,"2z3q, PDB partially",
IL17 receptor AC,,Q96PD4,IL17F_HUMAN,1,1,curated,,
IL2 receptor_I,,P60568,IL2_HUMAN,1,1,curated,"3qaz, PDB",
IL2 receptor_HA,,P60568,IL2_HUMAN,1,1,curated,"2b5i, PDB",
IL17 receptor AB,,Q9H293,IL25_HUMAN,1,1,curated,NA IL17E called IL25,
IL36 receptor,,Q9UHA7,IL36A_HUMAN,1,1,curated,,
IL36 receptor,,Q9NZH7,IL36B_HUMAN,1,1,curated,,
Glycoprotein Ib  complex,,P04275,VWF_HUMAN,1,1,curated,"1m10, PDB partially . Platets needed for its activation.",
IL26 receptor,,Q9NPH9,IL26_HUMAN,1,1,curated,"Rutz et al., Nat Rev. 2014",
BMPR1A complex,,Q6KF10,GDF6_HUMAN,1,1,curated,InWeb: P36894 Q6KF10,
IL20 receptor Type I,,Q13007,IL24_HUMAN,1,1,curated,,
BMPR1A complex,,P22004,BMP6_HUMAN,1,1,curated,InWeb: P22004 P36894,
Q12918,KLRB1_HUMAN,Q9UHP7,CLC2D_HUMAN,1,1,curated,Induces NK Cell Inhibition. Reviewed in PMID: 24223577,
Q92478,CLC2B_HUMAN,Q9NZS2,KLRF1_HUMAN,1,1,curated,Induces NK Cell Activation. Reviewed in PMID: 24223577,
D3W0D1,KLRF2_HUMAN,Q6UVW9,CLC2A_HUMAN,1,1,curated,Induces NK Cell Activation. Reviewed in PMID: 24223577,
NKG2D II receptor,,Q9BZM6,N2DL1_HUMAN,1,1,curated,Induces NK Cell Activation. Reviewed in PMID: 24223577,
NKG2D II receptor,,Q9BZM5,N2DL2_HUMAN,1,1,curated,Induces NK Cell Activation. Reviewed in PMID: 24223577,
NKG2D II receptor,,Q8TD07,N2DL4_HUMAN,1,1,curated,Induces NK Cell Activation. Reviewed in PMID: 24223577,
NKG2D II receptor,,Q6H3X3,RET1G_HUMAN,1,1,curated,Induces NK Cell Activation. Reviewed in PMID: 24223577,
P13747,HLAE_HUMAN,P26715,NKG2A_HUMAN,1,1,curated,Induces NK Cell Inhibition. Reviewed in PMID: 24223577,
P13747,HLAE_HUMAN,P26718,NKG2D_HUMAN,1,1,curated,Induces NK Cell Activation. Reviewed in PMID: 24223577,
P06731,CEAM5_HUMAN,P13688,CEAM1_HUMAN,1,1,curated,Induces NK Cell Inhibition. Reviewed in PMID:24987108,
P10747,CD28_HUMAN,P33681,CD80_HUMAN,1,1,curated,antigen-stimulated T cells become activated. Reviewed in PMID: 23954143,
P10747,CD28_HUMAN,P42081,CD86_HUMAN,1,1,curated,antigen-stimulated T cells become activated. Reviewed in PMID: 23954143,
P16410,CTLA4_HUMAN,P33681,CD80_HUMAN,1,1,curated,antigen-stimulated T cells become anergic. Reviewed in PMID: 23954143,
P16410,CTLA4_HUMAN,P42081,CD86_HUMAN,1,1,curated,antigen-stimulated T cells become anergic. Reviewed in PMID: 23954143,
Q9Y6W8,ICOS_HUMAN,O75144,ICOSL_HUMAN,1,1,curated,important for T follicular helper cells (Tfh) and type 2 T helper cell (Th2) responses. Reviewed in PMID: 23954143,
Q15116,PDCD1_HUMAN,Q9NZQ7,PD1L1_HUMAN,1,1,curated,antigen-stimulated T cells become anergic. PMID: 23954143,
Q15116,PDCD1_HUMAN,Q9BQ51,PD1L2_HUMAN,1,1,curated,antigen-stimulated T cells become anergic. PMID: 23954143,
Q8TDQ0,HAVR2_HUMAN,O00182,LEG9_HUMAN,1,1,curated,Reviewed in PMID: 27192565,
P41217,OX2G_HUMAN,Q8TD46,MO2R1_HUMAN,1,1,curated,Reviewed in PMID: 23602662,
Q08722,CD47_HUMAN,P78324,SHPS1_HUMAN,1,1,curated,Reviewed in PMID: 23602662,
P06729,CD2_HUMAN,P19256,LFA3_HUMAN,1,1,curated,Reviewed in PMID: 23602662,
P29965,CD40L_HUMAN,P25942,TNR5_HUMAN,1,1,curated,Reviewed in PMID: 23602662,
P30203,CD6_HUMAN,Q13740,CD166_HUMAN,1,1,curated,Reviewed in PMID: 23602662,
P05362,ICAM1_HUMAN,P20701,ITAL_HUMAN,1,1,curated,Reviewed in PMID: 23602662,
O14931,NCTR3_HUMAN,P46379,BAG6_HUMAN,1,1,curated,activating interaction from uniprot,
O14931,NCTR3_HUMAN,Q68D85,NR3L1_HUMAN,1,1,curated,activating interaction from uniprot,
Q15762,CD226_HUMAN,Q92692,NECT2_HUMAN,1,1,curated,"activating interaction PMID: 15607800, NK cell cytotoxicity. PMID: 24440149",
Q15762,CD226_HUMAN,P15151,PVR_HUMAN,1,1,curated,"activating interaction PMID: 15607800, NK cell cytotoxicity. PMID: 24440149",
P26717,NKG2C_HUMAN,P13747,HLAE_HUMAN,1,1,curated,activating interaction. uniprot & PMID: 26697006,
Q9BZW8,CD244_HUMAN,P09326,CD48_HUMAN,1,1,curated,activating interaction. uniprot & PMID: 26697006,
P26842,CD27_HUMAN,P32970,CD70_HUMAN,1,1,curated,activating interaction for NK and T cells. uniprot & PMID: 26697006,
Q92854,SEM4D_HUMAN,P21854,CD72_HUMAN,1,1,curated,PMID: 24319778,
O95727,CRTAM_HUMAN,Q9BY67,CADM1_HUMAN,1,1,curated,uniprot,
P40200,TACT_HUMAN,P15151,PVR_HUMAN,1,1,curated,uniprot,
P40200,TACT_HUMAN,Q15223,NECT1_HUMAN,1,1,curated,PMID: 24658051,
Q495A1,TIGIT_HUMAN,P15151,PVR_HUMAN,1,1,curated,"PMID: 19815499, Induces NK Cell Inhibition. Reviewed in PMID:24987108",
Q495A1,TIGIT_HUMAN,Q92692,NECT2_HUMAN,1,1,curated,"PMID: 1313846, Induces NK Cell Inhibition. Reviewed in PMID:24987108",
Q495A1,TIGIT_HUMAN,Q9NQS3,NECT3_HUMAN,1,1,curated,PMID: 1313846,
P29323,EPHB2_HUMAN,P52803,EFNA5_HUMAN,1,1,curated,PMID:15107857,
Q8NHL6,LIRB1_HUMAN,P17693,HLAG_HUMAN,1,1,curated,"uniprot, Induces NK Cell Inhibition. Reviewed in PMID:24987108",
Q8N423,LIRB2_HUMAN,P17693,HLAG_HUMAN,1,1,curated,uniprot,
FLT1 complex,,P15692,VEGFA_HUMAN,1,1,curated,uniprot,
FLT1 complex,,P49765,VEGFB_HUMAN,1,1,curated,uniprot,
FLT1 complex,,P49763,PLGF_HUMAN,1,1,curated,uniprot,
PDGFR complex,,P01127,PDGFB_HUMAN,1,1,curated,uniprot,
PDGFR complex,,Q9GZP0,PDGFD_HUMAN,1,1,curated,uniprot,
aLb2 complex,,P05362,ICAM1_HUMAN,1,1,curated,uniprot,
aLb2 complex,,P13598,ICAM2_HUMAN,1,1,curated,uniprot,
aLb2 complex,,P32942,ICAM3_HUMAN,1,1,curated,uniprot,
aLb2 complex,,Q14773,ICAM4_HUMAN,1,1,curated,uniprot,
aLb2 complex,,Q9Y624,JAM1_HUMAN,1,1,curated,"(PubMed:11812992, PubMed:15528364)",
aMb2 complex,,P01024,CO3_HUMAN,1,1,curated,uniprot,
aMb2 complex,,fibrinogen,,1,1,curated,uniprot,
aMb2 complex,,P00742,FA10_HUMAN,1,1,curated,uniprot,
aMb2 complex,,P05362,ICAM1_HUMAN,1,1,curated,uniprot,
aXb2 complex,,fibrinogen,,1,1,curated,uniprot,
aDb2 complex,,P32942,ICAM3_HUMAN,1,1,curated,uniprot,
aDb2 complex,,P19320,VCAM1_HUMAN,1,1,curated,uniprot,
aEb7 complex,,P12830,CADH1_HUMAN,1,1,curated,uniprot,
a2b1 complex,,P02751,FINC_HUMAN,1,1,curated,uniprot,
a3b1 complex,,P02751,FINC_HUMAN,1,1,curated,uniprot,
a4b1 complex,,P02751,FINC_HUMAN,1,1,curated,uniprot,
a8b1 complex,,P02751,FINC_HUMAN,1,1,curated,uniprot,
a10b1 complex,,P02751,FINC_HUMAN,1,1,curated,uniprot,
a11b1 complex,,P02751,FINC_HUMAN,1,1,curated,uniprot,
aVb1 complex,,P02751,FINC_HUMAN,1,1,curated,uniprot,
a5b1 complex,,P02751,FINC_HUMAN,1,1,curated,uniprot,
a2b1 complex,,P11047,LAMC1_HUMAN,1,1,curated,uniprot,
a6b1 complex,,P11047,LAMC1_HUMAN,1,1,curated,uniprot,
a7b1 complex,,P11047,LAMC1_HUMAN,1,1,curated,uniprot,
a3b1 complex,,P07996,TSP1_HUMAN,1,1,curated,uniprot,
a3b1 complex,,Q6UVK1,CSPG4_HUMAN,1,1,curated,uniprot,
aVb1 complex,,P04004,VTNC_HUMAN,1,1,curated,uniprot,
a4b1 complex,,P14555,PA2GA_HUMAN,1,1,curated,uniprot,
a5b1 complex,,P14555,PA2GA_HUMAN,1,1,curated,uniprot,
a5b1 complex,,P35555,FBN1_HUMAN,1,1,curated,uniprot,
a9b1 complex,,P19320,VCAM1_HUMAN,1,1,curated,uniprot,
aVb3 complex,,P02751,FINC_HUMAN,1,1,curated,uniprot,
aVb3 complex,,P11047,LAMC1_HUMAN,1,1,curated,uniprot,
aVb3 complex,,P08253,MMP2_HUMAN,1,1,curated,uniprot,
aVb3 complex,,Q99983,OMD_HUMAN,1,1,curated,uniprot,
aVb3 complex,,P00734,THRB_HUMAN,1,1,curated,uniprot,
aVb3 complex,,P07996,TSP1_HUMAN,1,1,curated,uniprot,
aVb3 complex,,P04004,VTNC_HUMAN,1,1,curated,uniprot,
aVb3 complex,,P04275,VWF_HUMAN,1,1,curated,uniprot,
a2Bb3 complex,,P02751,FINC_HUMAN,1,1,curated,uniprot,
a2Bb3 complex,,fibrinogen,FINC_HUMAN,1,1,curated,uniprot,
a2Bb3 complex,,P00747,FINC_HUMAN,1,1,curated,uniprot,
a2Bb3 complex,,P00734,THRB_HUMAN,1,1,curated,uniprot,
a2Bb3 complex,,P07996,TSP1_HUMAN,1,1,curated,uniprot,
a2Bb3 complex,,P04004,VTNC_HUMAN,1,1,curated,uniprot,
a8b1 complex,,P24821,TENA_HUMAN,1,1,curated,uniprot,
aVb6 complex,,P24821,TENA_HUMAN,1,1,curated,uniprot,
a4b7 complex,,Q13477,MADCA_HUMAN,1,1,curated,uniprot,
aVb5 complex,,P02751,FINC_HUMAN,1,1,curated,uniprot,
a4b7 complex,,P19320,VCAM1_HUMAN,1,1,curated,uniprot,
a4b7 complex,,P02751,FINC_HUMAN,1,1,curated,uniprot,
a4b1 complex,,P24821,TENA_HUMAN,1,1,curated,uniprot,
a3b1 complex,,Q16787,LAMA3_HUMAN,1,1,curated,uniprot,
a9b1 complex,,P24821,TENA_HUMAN,1,1,curated,uniprot,
aVb3 complex,,P24821,TENA_HUMAN,1,1,curated,uniprot,
a1b1 complex,,P02452,CO1A1_HUMAN,1,1,curated,uniprot,
a1b1 complex,,P02458,CO2A1_HUMAN,1,1,curated,uniprot,
a1b1 complex,,P02461,CO3A1_HUMAN,1,1,curated,uniprot,
a1b1 complex,,P02462,CO4A1_HUMAN,1,1,curated,uniprot,
a1b1 complex,,A6NMZ7,CO6A6_HUMAN,1,1,curated,uniprot,
a1b1 complex,,A8TX70,CO6A5_HUMAN,1,1,curated,uniprot,
a1b1 complex,,P05997,CO5A2_HUMAN,1,1,curated,uniprot,
a1b1 complex,,P08123,CO1A2_HUMAN,1,1,curated,uniprot,
a1b1 complex,,P08572,CO4A2_HUMAN,1,1,curated,uniprot,
a1b1 complex,,P12107,COBA1_HUMAN,1,1,curated,uniprot,
a1b1 complex,,P12109,CO6A1_HUMAN,1,1,curated,uniprot,
a1b1 complex,,P12110,CO6A2_HUMAN,1,1,curated,uniprot,
a1b1 complex,,P12111,CO6A3_HUMAN,1,1,curated,uniprot,
a1b1 complex,,P13942,COBA2_HUMAN,1,1,curated,uniprot,
a1b1 complex,,P20849,CO9A1_HUMAN,1,1,curated,uniprot,
a1b1 complex,,P20908,CO5A1_HUMAN,1,1,curated,uniprot,
a1b1 complex,,P25067,CO8A2_HUMAN,1,1,curated,uniprot,
a1b1 complex,,P25940,CO5A3_HUMAN,1,1,curated,uniprot,
a1b1 complex,,P27658,CO8A1_HUMAN,1,1,curated,uniprot,
a1b1 complex,,P29400,CO4A5_HUMAN,1,1,curated,uniprot,
a1b1 complex,,P39059,COFA1_HUMAN,1,1,curated,uniprot,
a1b1 complex,,P39060,COIA1_HUMAN,1,1,curated,uniprot,
a1b1 complex,,P53420,CO4A4_HUMAN,1,1,curated,uniprot,
a1b1 complex,,Q01955,CO4A3_HUMAN,1,1,curated,uniprot,
a1b1 complex,,Q02388,CO7A1_HUMAN,1,1,curated,uniprot,
a1b1 complex,,Q03692,COAA1_HUMAN,1,1,curated,uniprot,
a1b1 complex,,Q05707,COEA1_HUMAN,1,1,curated,uniprot,
a1b1 complex,,Q07092,COGA1_HUMAN,1,1,curated,uniprot,
a1b1 complex,,Q14031,CO4A6_HUMAN,1,1,curated,uniprot,
a1b1 complex,,Q14050,CO9A3_HUMAN,1,1,curated,uniprot,
a1b1 complex,,Q14055,CO9A2_HUMAN,1,1,curated,uniprot,
a1b1 complex,,Q14993,COJA1_HUMAN,1,1,curated,uniprot,
a1b1 complex,,Q17RW2,COOA1_HUMAN,1,1,curated,uniprot,
a1b1 complex,,Q2UY09,COSA1_HUMAN,1,1,curated,uniprot,
a1b1 complex,,Q5TAT6,CODA1_HUMAN,1,1,curated,uniprot,
a1b1 complex,,Q8IZC6,CORA1_HUMAN,1,1,curated,uniprot,
a1b1 complex,,Q8NFW1,COMA1_HUMAN,1,1,curated,uniprot,
a1b1 complex,,Q96A83,COQA1_HUMAN,1,1,curated,uniprot,
a1b1 complex,,Q96P44,COLA1_HUMAN,1,1,curated,uniprot,
a1b1 complex,,Q99715,COCA1_HUMAN,1,1,curated,uniprot,
a1b1 complex,,Q9P218,COKA1_HUMAN,1,1,curated,uniprot,
a1b1 complex,,Q9UMD9,COHA1_HUMAN,1,1,curated,uniprot,
a2b1 complex,,P02452,CO1A1_HUMAN,1,1,curated,uniprot,
a2b1 complex,,P02458,CO2A1_HUMAN,1,1,curated,uniprot,
a2b1 complex,,P02461,CO3A1_HUMAN,1,1,curated,uniprot,
a2b1 complex,,P02462,CO4A1_HUMAN,1,1,curated,uniprot,
a2b1 complex,,A6NMZ7,CO6A6_HUMAN,1,1,curated,uniprot,
a2b1 complex,,A8TX70,CO6A5_HUMAN,1,1,curated,uniprot,
a2b1 complex,,P05997,CO5A2_HUMAN,1,1,curated,uniprot,
a2b1 complex,,P08123,CO1A2_HUMAN,1,1,curated,uniprot,
a2b1 complex,,P08572,CO4A2_HUMAN,1,1,curated,uniprot,
a2b1 complex,,P12107,COBA1_HUMAN,1,1,curated,uniprot,
a2b1 complex,,P12109,CO6A1_HUMAN,1,1,curated,uniprot,
a2b1 complex,,P12110,CO6A2_HUMAN,1,1,curated,uniprot,
a2b1 complex,,P12111,CO6A3_HUMAN,1,1,curated,uniprot,
a2b1 complex,,P13942,COBA2_HUMAN,1,1,curated,uniprot,
a2b1 complex,,P20849,CO9A1_HUMAN,1,1,curated,uniprot,
a2b1 complex,,P20908,CO5A1_HUMAN,1,1,curated,uniprot,
a2b1 complex,,P25067,CO8A2_HUMAN,1,1,curated,uniprot,
a2b1 complex,,P25940,CO5A3_HUMAN,1,1,curated,uniprot,
a2b1 complex,,P27658,CO8A1_HUMAN,1,1,curated,uniprot,
a2b1 complex,,P29400,CO4A5_HUMAN,1,1,curated,uniprot,
a2b1 complex,,P39059,COFA1_HUMAN,1,1,curated,uniprot,
a2b1 complex,,P39060,COIA1_HUMAN,1,1,curated,uniprot,
a2b1 complex,,P53420,CO4A4_HUMAN,1,1,curated,uniprot,
a2b1 complex,,Q01955,CO4A3_HUMAN,1,1,curated,uniprot,
a2b1 complex,,Q02388,CO7A1_HUMAN,1,1,curated,uniprot,
a2b1 complex,,Q03692,COAA1_HUMAN,1,1,curated,uniprot,
a2b1 complex,,Q05707,COEA1_HUMAN,1,1,curated,uniprot,
a2b1 complex,,Q07092,COGA1_HUMAN,1,1,curated,uniprot,
a2b1 complex,,Q14031,CO4A6_HUMAN,1,1,curated,uniprot,
a2b1 complex,,Q14050,CO9A3_HUMAN,1,1,curated,uniprot,
a2b1 complex,,Q14055,CO9A2_HUMAN,1,1,curated,uniprot,
a2b1 complex,,Q14993,COJA1_HUMAN,1,1,curated,uniprot,
a2b1 complex,,Q17RW2,COOA1_HUMAN,1,1,curated,uniprot,
a2b1 complex,,Q2UY09,COSA1_HUMAN,1,1,curated,uniprot,
a2b1 complex,,Q5TAT6,CODA1_HUMAN,1,1,curated,uniprot,
a2b1 complex,,Q8IZC6,CORA1_HUMAN,1,1,curated,uniprot,
a2b1 complex,,Q8NFW1,COMA1_HUMAN,1,1,curated,uniprot,
a2b1 complex,,Q96A83,COQA1_HUMAN,1,1,curated,uniprot,
a2b1 complex,,Q96P44,COLA1_HUMAN,1,1,curated,uniprot,
a2b1 complex,,Q99715,COCA1_HUMAN,1,1,curated,uniprot,
a2b1 complex,,Q9P218,COKA1_HUMAN,1,1,curated,uniprot,
a2b1 complex,,Q9UMD9,COHA1_HUMAN,1,1,curated,uniprot,
a10b1 complex,,P02452,CO1A1_HUMAN,1,1,curated,uniprot,
a10b1 complex,,P02458,CO2A1_HUMAN,1,1,curated,uniprot,
a10b1 complex,,P02461,CO3A1_HUMAN,1,1,curated,uniprot,
a10b1 complex,,P02462,CO4A1_HUMAN,1,1,curated,uniprot,
a10b1 complex,,A6NMZ7,CO6A6_HUMAN,1,1,curated,uniprot,
a10b1 complex,,A8TX70,CO6A5_HUMAN,1,1,curated,uniprot,
a10b1 complex,,P05997,CO5A2_HUMAN,1,1,curated,uniprot,
a10b1 complex,,P08123,CO1A2_HUMAN,1,1,curated,uniprot,
a10b1 complex,,P08572,CO4A2_HUMAN,1,1,curated,uniprot,
a10b1 complex,,P12107,COBA1_HUMAN,1,1,curated,uniprot,
a10b1 complex,,P12109,CO6A1_HUMAN,1,1,curated,uniprot,
a10b1 complex,,P12110,CO6A2_HUMAN,1,1,curated,uniprot,
a10b1 complex,,P12111,CO6A3_HUMAN,1,1,curated,uniprot,
a10b1 complex,,P13942,COBA2_HUMAN,1,1,curated,uniprot,
a10b1 complex,,P20849,CO9A1_HUMAN,1,1,curated,uniprot,
a10b1 complex,,P20908,CO5A1_HUMAN,1,1,curated,uniprot,
a10b1 complex,,P25067,CO8A2_HUMAN,1,1,curated,uniprot,
a10b1 complex,,P25940,CO5A3_HUMAN,1,1,curated,uniprot,
a10b1 complex,,P27658,CO8A1_HUMAN,1,1,curated,uniprot,
a10b1 complex,,P29400,CO4A5_HUMAN,1,1,curated,uniprot,
a10b1 complex,,P39059,COFA1_HUMAN,1,1,curated,uniprot,
a10b1 complex,,P39060,COIA1_HUMAN,1,1,curated,uniprot,
a10b1 complex,,P53420,CO4A4_HUMAN,1,1,curated,uniprot,
a10b1 complex,,Q01955,CO4A3_HUMAN,1,1,curated,uniprot,
a10b1 complex,,Q02388,CO7A1_HUMAN,1,1,curated,uniprot,
a10b1 complex,,Q03692,COAA1_HUMAN,1,1,curated,uniprot,
a10b1 complex,,Q05707,COEA1_HUMAN,1,1,curated,uniprot,
a10b1 complex,,Q07092,COGA1_HUMAN,1,1,curated,uniprot,
a10b1 complex,,Q14031,CO4A6_HUMAN,1,1,curated,uniprot,
a10b1 complex,,Q14050,CO9A3_HUMAN,1,1,curated,uniprot,
a10b1 complex,,Q14055,CO9A2_HUMAN,1,1,curated,uniprot,
a10b1 complex,,Q14993,COJA1_HUMAN,1,1,curated,uniprot,
a10b1 complex,,Q17RW2,COOA1_HUMAN,1,1,curated,uniprot,
a10b1 complex,,Q2UY09,COSA1_HUMAN,1,1,curated,uniprot,
a10b1 complex,,Q5TAT6,CODA1_HUMAN,1,1,curated,uniprot,
a10b1 complex,,Q8IZC6,CORA1_HUMAN,1,1,curated,uniprot,
a10b1 complex,,Q8NFW1,COMA1_HUMAN,1,1,curated,uniprot,
a10b1 complex,,Q96A83,COQA1_HUMAN,1,1,curated,uniprot,
a10b1 complex,,Q96P44,COLA1_HUMAN,1,1,curated,uniprot,
a10b1 complex,,Q99715,COCA1_HUMAN,1,1,curated,uniprot,
a10b1 complex,,Q9P218,COKA1_HUMAN,1,1,curated,uniprot,
a10b1 complex,,Q9UMD9,COHA1_HUMAN,1,1,curated,uniprot,
a11b1 complex,,P02452,CO1A1_HUMAN,1,1,curated,uniprot,
a11b1 complex,,P02458,CO2A1_HUMAN,1,1,curated,uniprot,
a11b1 complex,,P02461,CO3A1_HUMAN,1,1,curated,uniprot,
a11b1 complex,,P02462,CO4A1_HUMAN,1,1,curated,uniprot,
a11b1 complex,,A6NMZ7,CO6A6_HUMAN,1,1,curated,uniprot,
a11b1 complex,,A8TX70,CO6A5_HUMAN,1,1,curated,uniprot,
a11b1 complex,,P05997,CO5A2_HUMAN,1,1,curated,uniprot,
a11b1 complex,,P08123,CO1A2_HUMAN,1,1,curated,uniprot,
a11b1 complex,,P08572,CO4A2_HUMAN,1,1,curated,uniprot,
a11b1 complex,,P12107,COBA1_HUMAN,1,1,curated,uniprot,
a11b1 complex,,P12109,CO6A1_HUMAN,1,1,curated,uniprot,
a11b1 complex,,P12110,CO6A2_HUMAN,1,1,curated,uniprot,
a11b1 complex,,P12111,CO6A3_HUMAN,1,1,curated,uniprot,
a11b1 complex,,P13942,COBA2_HUMAN,1,1,curated,uniprot,
a11b1 complex,,P20849,CO9A1_HUMAN,1,1,curated,uniprot,
a11b1 complex,,P20908,CO5A1_HUMAN,1,1,curated,uniprot,
a11b1 complex,,P25067,CO8A2_HUMAN,1,1,curated,uniprot,
a11b1 complex,,P25940,CO5A3_HUMAN,1,1,curated,uniprot,
a11b1 complex,,P27658,CO8A1_HUMAN,1,1,curated,uniprot,
a11b1 complex,,P29400,CO4A5_HUMAN,1,1,curated,uniprot,
a11b1 complex,,P39059,COFA1_HUMAN,1,1,curated,uniprot,
a11b1 complex,,P39060,COIA1_HUMAN,1,1,curated,uniprot,
a11b1 complex,,P53420,CO4A4_HUMAN,1,1,curated,uniprot,
a11b1 complex,,Q01955,CO4A3_HUMAN,1,1,curated,uniprot,
a11b1 complex,,Q02388,CO7A1_HUMAN,1,1,curated,uniprot,
a11b1 complex,,Q03692,COAA1_HUMAN,1,1,curated,uniprot,
a11b1 complex,,Q05707,COEA1_HUMAN,1,1,curated,uniprot,
a11b1 complex,,Q07092,COGA1_HUMAN,1,1,curated,uniprot,
a11b1 complex,,Q14031,CO4A6_HUMAN,1,1,curated,uniprot,
a11b1 complex,,Q14050,CO9A3_HUMAN,1,1,curated,uniprot,
a11b1 complex,,Q14055,CO9A2_HUMAN,1,1,curated,uniprot,
a11b1 complex,,Q14993,COJA1_HUMAN,1,1,curated,uniprot,
a11b1 complex,,Q17RW2,COOA1_HUMAN,1,1,curated,uniprot,
a11b1 complex,,Q2UY09,COSA1_HUMAN,1,1,curated,uniprot,
a11b1 complex,,Q5TAT6,CODA1_HUMAN,1,1,curated,uniprot,
a11b1 complex,,Q8IZC6,CORA1_HUMAN,1,1,curated,uniprot,
a11b1 complex,,Q8NFW1,COMA1_HUMAN,1,1,curated,uniprot,
a11b1 complex,,Q96A83,COQA1_HUMAN,1,1,curated,uniprot,
a11b1 complex,,Q96P44,COLA1_HUMAN,1,1,curated,uniprot,
a11b1 complex,,Q99715,COCA1_HUMAN,1,1,curated,uniprot,
a11b1 complex,,Q9P218,COKA1_HUMAN,1,1,curated,uniprot,
a11b1 complex,,Q9UMD9,COHA1_HUMAN,1,1,curated,uniprot,
P43626,KI2L1_HUMAN,HLAC,HLAC,1,1,curated,PMID: 28484462,
P43628,KI2L3_HUMAN,HLAC,HLAC,1,1,curated,PMID: 28484462,
P43629,KI3L1_HUMAN,HLAA,HLAA,1,1,curated,uniprot,
P43630,KI3L2_HUMAN,HLAB,HLAB,1,1,curated,uniprot,
CD94:NKG2A,,P13747,HLAE_HUMAN,1,1,curated,PMID: 28484462,
CD94:NKG2C,,P13747,HLAE_HUMAN,1,1,curated,PMID: 28484462,
CD94:NKG2E,,P13747,HLAE_HUMAN,1,1,curated,PMID: 28484462,
a4b1 complex,,P10451,OSTP_HUMAN,1,1,curated,"PMID: 1830891, PMID: 8970045",
a9b1 complex,,P10451,OSTP_HUMAN,1,1,curated,"PMID: 1830891, PMID: 8970045",
aVb3 complex,,P10451,OSTP_HUMAN,1,1,curated,PMID: 24442579,
a6b4 complex,,P05019,IGF1_HUMAN,1,1,curated,uniprot,
a6b4 complex,,Q02297,NRG1_HUMAN,1,1,curated,uniprot,
P41217,OX2G_HUMAN,Q8TD46,MO2R1_HUMAN,1,1,curated,"PMID: 22020332, also called CD200-CD200R",
P04628,WNT1_HUMAN,Q9UP38,FZD1_HUMAN,1,1,curated,PMID: 24032637,
P09544,WNT2_HUMAN,Q14332,FZD2_HUMAN,1,1,curated,PMID: 24032637,
P09544,WNT2_HUMAN,Q9NPG1,FZD3_HUMAN,1,1,curated,PMID: 24032637,
P09544,WNT2_HUMAN,Q9ULV1,FZD4_HUMAN,1,1,curated,PMID: 24032637,
P09544,WNT2_HUMAN,O00144,FZD9_HUMAN,1,1,curated,PMID: 24032637,
Q93097,WNT2B_HUMAN,Q9ULV1,FZD4_HUMAN,1,1,curated,PMID: 24032637,
P56703,WNT3_HUMAN,O75084,FZD7_HUMAN,1,1,curated,PMID: 24032637,
P56705,WNT4_HUMAN,O60353,FZD6_HUMAN,1,1,curated,PMID: 24032637,
P41221,WNT5A_HUMAN,Q9UP38,FZD1_HUMAN,1,1,curated,PMID: 24032637,
P41221,WNT5A_HUMAN,Q14332,FZD2_HUMAN,1,1,curated,PMID: 24032637,
P41221,WNT5A_HUMAN,Q9NPG1,FZD3_HUMAN,1,1,curated,PMID: 24032637,
P41221,WNT5A_HUMAN,Q13467,FZD5_HUMAN,1,1,curated,PMID: 24032637,
P41221,WNT5A_HUMAN,O60353,FZD6_HUMAN,1,1,curated,PMID: 24032637,
O00755,WNT7A_HUMAN,Q13467,FZD5_HUMAN,1,1,curated,PMID: 24032637,
P56706,WNT7B_HUMAN,Q9UP38,FZD1_HUMAN,1,1,curated,PMID: 24032637,
P56706,WNT7B_HUMAN,Q9ULV1,FZD4_HUMAN,1,1,curated,PMID: 24032637,
P56706,WNT7B_HUMAN,Q9ULW2,FZD10_HUMAN,1,1,curated,PMID: 24032637,
Q14563,SEM3A_HUMAN,PlexinA1_complex3,,1,1,curated,PMID: 22325954,
Q14563,SEM3A_HUMAN,PlexinA2_complex1,,1,1,curated,PMID: 22325954,
Q14563,SEM3A_HUMAN,PlexinA3_complex1,,1,1,curated,PMID: 22325954,
Q14563,SEM3A_HUMAN,PlexinA4_complex1,,1,1,curated,PMID: 22325954,
O15041,SEM3E_HUMAN,Q9Y4D7,PLXD1_HUMAN,1,1,curated,PMID: 22325954,
Q9H3S1,SEM4A_HUMAN,Q9Y4D7,PLXD1_HUMAN,1,1,curated,PMID: 22325954,
Q92854,SEM4D_HUMAN,O43157,PLXB1_HUMAN,1,1,curated,PMID: 22325954,
Q92854,SEM4D_HUMAN,O15031,PLXB2_HUMAN,1,1,curated,PMID: 22325954,
Q92854,SEM4D_HUMAN,P21854,CD72_HUMAN,1,1,curated,PMID: 22325954,
Q8NFY4,SEM6D_HUMAN,PlexinA1_complex1,,1,1,curated,PMID: 22325954,
Q8NFY4,SEM6D_HUMAN,PlexinA1_complex2,,1,1,curated,PMID: 22325954,
O75326,SEM7A_HUMAN,a1b1 complex,,1,1,curated,PMID: 22325954,
O75326,SEM7A_HUMAN,O60486,PLXC1_HUMAN,1,1,curated,PMID: 22325954,
P01562,IFNA1_HUMAN,Type I IFNR,,1,1,curated,PMID: 9208871,
P01574,IFNB_HUMAN,Type I IFNR,,1,1,curated,PMID: 9208871,
Q86WN2,IFNE_HUMAN,Type I IFNR,,1,1,curated,PMID: 9208871,
Q9P0W0,IFNK_HUMAN,Type I IFNR,,1,1,curated,PMID: 9208871,
P05000,IFNW1_HUMAN,Type I IFNR,,1,1,curated,PMID: 9208871,
P01579,IFNG_HUMAN,Type II IFNR,,1,1,curated,PMID: 9208871,
Q8IU54,IFNL1_HUMAN,Type III IFNR,,1,1,curated,PMID: 9208871,
Q8IZJ0,IFNL2_HUMAN,Type III IFNR,,1,1,curated,PMID: 9208871,
Q8IZI9,IFNL3_HUMAN,Type III IFNR,,1,1,curated,PMID: 9208871,
P35968,VGFR2_HUMAN,P15692,VEGFA_HUMAN,1,1,curated,uniprot,
P35968,VGFR2_HUMAN,P49767,VEGFC_HUMAN,1,1,curated,uniprot,
P35968,VGFR2_HUMAN,O43915,VEGFD_HUMAN,1,1,curated,uniprot,
P17948,VGFR1_HUMAN,P15692,VEGFA_HUMAN,1,1,curated,uniprot,VEGFR1 also called FLT1
P17948,VGFR1_HUMAN,P49765,VEGFB_HUMAN,1,1,curated,uniprot,VEGFR1 also called FLT1
P17948,VGFR1_HUMAN,P49763,PLGF_HUMAN,1,1,curated,uniprot,VEGFR1 also called FLT1
P35916,VGFR3_HUMAN,P49767,VEGFC_HUMAN,1,1,curated,uniprot,VEGFR3 also called FLT4
P35916,VGFR3_HUMAN,O43915,VEGFD_HUMAN,1,1,curated,uniprot,VEGFR3 also called FLT4
Q9C0C4,SEM4C_HUMAN,O15031,PLXB2_HUMAN,1,1,curated,uniprot,
Q9NTN9,SEM4G_HUMAN,O15031,PLXB2_HUMAN,1,1,curated,uniprot,
Q13591,SEM5A_HUMAN,Q9ULL4,PLXB3_HUMAN,1,1,curated,uniprot,