multidata_name_1,entry_name_1,multidata_name_2,entry_name_2,score_1,score_2,source,comments_interaction,family,dlrp,iuhpar
IL21 receptor,,Q9HBE4,IL21_HUMAN,1,1,curated,"3tgx, PDB partially, uniprot",,,
IL9 receptor,,P15248,IL9_HUMAN,1,1,curated,uniprot,cytokine,TRUE,
NKG2D II receptor,,Q5VY80,RET1L_HUMAN,1,1,curated,"Induces NK Cell Activation. Reviewed in PMID: 24223577. 4s0u, PDB partially",,,
LIFR,,P15018,LIF_HUMAN,1,1,curated,"1pvh, PDB partially",cytokine,TRUE,
IL36 receptor,,Q8WWZ1,IL1FA_HUMAN,1,1,curated,to check,,,
IL3 receptor,,P08700,IL3_HUMAN,1,1,curated,uniprot,cytokine,TRUE,
IL35 receptor,,IL35,,1,1,curated,uniprot,,,
IL1 receptor inhibitor,,P01583,IL1A_HUMAN,1,1,curated,"low affinity, uniprot",cytokine,TRUE,
IL33 receptor,,O95760,IL33_HUMAN,1,1,curated,uniprot,,,
IL27 receptor,,IL27,,1,1,curated,uniprot,,,
IL23 receptor,,IL23,,1,1,curated,uniprot,,,
GMCSFR,,P04141,CSF2_HUMAN,1,1,curated,"4nkq, PDB",cytokine,TRUE,
IL1 receptor,,P01583,IL1A_HUMAN,1,1,curated,uniprot,,,
IL7 receptor,,P13232,IL7_HUMAN,1,1,curated,"3di2, PDB partially",cytokine,TRUE,
Glycoprotein Ib  complex,,P00734,THRB_HUMAN,1,1,curated,"1hyr, PDB partially",,,
OSMR,,P13725,ONCM_HUMAN,1,1,curated,uniprot,cytokine,TRUE,
LIFR,,P13725,ONCM_HUMAN,1,1,curated,uniprot,cytokine,,
LIFR,,P13725,ONCM_HUMAN,1,1,curated,uniprot,cytokine,,
IL18 receptor,,Q14116,IL18_HUMAN,1,1,curated,"3wo3, PDB partially",cytokine,TRUE,
IL17 receptor AC,,IL17 AF,,1,1,curated,uniprot,,,
IL12 receptor,,IL12,,1,1,curated,uniprot,cytokine,TRUE,
IL28 receptor,,Q8IZI9,IFNL3_HUMAN,1,1,curated,"5t5w, PDB",,,
SIRB1 complex,,Q08722,CD47_HUMAN,1,1,curated,"2jjs, PDB partially",,,
IL22 receptor,,Q9GZX6,IL22_HUMAN,1,1,curated,"3dgc, PDB",,,
aVb6 complex,,P01137,TGFB1_HUMAN,1,1,curated,"5ffo, PDB",,,
NKG2D II receptor,,Q29983,MICA_HUMAN,1,1,curated,"1hyr, PDB partially, Induces NK Cell Activation. Reviewed in PMID: 24223577",,,
NKG2D II receptor,,Q29980,MICB_HUMAN,1,1,curated,Induces NK Cell Activation. Reviewed in PMID: 24223577,,,
CNTF-1R,,Q9UBD9,CLCF1_HUMAN,1,1,curated,uniprot,,,
IL1 receptor,,P01584,IL1B_HUMAN,1,1,curated,"4dep, PDB",,,
IL1 receptor inhibitor,,P01584,IL1B_HUMAN,1,1,curated,"3o4o, PDB",,,
FcRn complex,,P02768,ALBU_HUMAN,1,1,curated,"4n0u, PDB & 4k71, PDB",,,
IL10 receptor,,P22301,IL10_HUMAN,1,1,curated,"1j7v, PDB partially",cytokine,TRUE,
TSLPR,,Q969D9,TSLP_HUMAN,1,1,curated,"5j11, PDB",,,
NKG2D II receptor,,Q9BZM4,N2DL3_HUMAN,1,1,curated,"Induces NK Cell Activation. Reviewed in PMID: 24223577. 1kcg, PDB partially",,,
IL6 receptor,,P05231,IL6_HUMAN,1,1,curated,"1p9m, PDB",cytokine,TRUE,
IL17 receptor AC,,Q16552,IL17_HUMAN,1,1,curated,uniprot,,,
IL5 receptor,,P05113,IL5_HUMAN,1,1,curated,"3qt2, PDB partially",cytokine,TRUE,
IL4 receptor,,P05112,IL4_HUMAN,1,1,curated,"3qb7, PDB",cytokine,TRUE,
IL13 receptor,,P05112,IL4_HUMAN,1,1,curated,"3bpn, PDB",cytokine,TRUE,
BMPR1B_BMPR2,,P36894,BMR1A_HUMAN,1,1,curated,"3evs,  PDB complex higher affinity",,,
TSLPR,,Q9HC73,CRLF2_HUMAN,1,1,curated,DOI  10.1038/ncomms14937,,,
IL1 receptor inhibitor,,P18510,IL1RA_HUMAN,1,1,curated,low affinity,,,
IL1 receptor,,P18510,IL1RA_HUMAN,1,1,curated,"1ira, PDB partially",,,
Type I IFNR,,P01563,IFNA2_HUMAN,1,1,curated,"3se3, PDB",IFN,TRUE,
IL36 receptor,,Q9NZH8,IL36G_HUMAN,1,1,curated,uniprot,,,
CD8 receptor,,P06239,LCK_HUMAN,1,1,curated,"1q69, PDB partially",,,
IL20 receptor Type II,,Q13007,IL24_HUMAN,1,1,curated,uniprot,,,
CNTF-1R,,P26441,CNTF_HUMAN,1,1,curated,uniprot,cytokine,TRUE,
IL36 receptor,,Q9UBH0,I36RA_HUMAN,1,1,curated,uniprot,,,
IL20 receptor Type I,,Q9UHD0,IL19_HUMAN,1,1,curated,uniprot,,,
IL20 receptor Type II,,Q9NYY1,IL20_HUMAN,1,1,curated,uniprot,,,
IL20 receptor Type I,,Q9NYY1,IL20_HUMAN,1,1,curated,uniprot,,,
IL37 receptor,,Q9NZH6,IL37_HUMAN,1,1,curated,"See paper Nold-Petry et al., 2015",,,
IL13 receptor,,P35225,IL13_HUMAN,1,1,curated,"3bpo, PDB",,,
IL17 receptor AE,,Q9P0M4,IL17C_HUMAN,1,1,curated,uniprot,,,
IL15 receptor,,P40933,IL15_HUMAN,1,1,curated,"Need expression of IL15RA (Q13261) in other cells. 2z3q, PDB partially",cytokine,TRUE,
IL17 receptor AC,,Q96PD4,IL17F_HUMAN,1,1,curated,uniprot,,,
IL2 receptor_I,,P60568,IL2_HUMAN,1,1,curated,"3qaz, PDB",cytokine,TRUE,
IL2 receptor_HA,,P60568,IL2_HUMAN,1,1,curated,"2b5i, PDB",,,
IL17 receptor AB,,Q9H293,IL25_HUMAN,1,1,curated,NA IL17E called IL25,,,
IL36 receptor,,Q9UHA7,IL36A_HUMAN,1,1,curated,uniprot,,,
IL36 receptor,,Q9NZH7,IL36B_HUMAN,1,1,curated,uniprot,,,
Glycoprotein Ib  complex,,P04275,VWF_HUMAN,1,1,curated,"1m10, PDB partially . Platets needed for its activation.",,,
IL26 receptor,,Q9NPH9,IL26_HUMAN,1,1,curated,"Rutz et al., Nat Rev. 2014",,,
IL20 receptor Type I,,Q13007,IL24_HUMAN,1,1,curated,uniprot,,,
Q12918,KLRB1_HUMAN,Q9UHP7,CLC2D_HUMAN,1,1,curated,Induces NK Cell Inhibition. Reviewed in PMID: 24223577,,,
Q92478,CLC2B_HUMAN,Q9NZS2,KLRF1_HUMAN,1,1,curated,Induces NK Cell Activation. Reviewed in PMID: 24223577,,,
D3W0D1,KLRF2_HUMAN,Q6UVW9,CLC2A_HUMAN,1,1,curated,Induces NK Cell Activation. Reviewed in PMID: 24223577,,,
NKG2D II receptor,,Q9BZM6,N2DL1_HUMAN,1,1,curated,Induces NK Cell Activation. Reviewed in PMID: 24223577,,,
NKG2D II receptor,,Q9BZM5,N2DL2_HUMAN,1,1,curated,Induces NK Cell Activation. Reviewed in PMID: 24223577,,,
NKG2D II receptor,,Q8TD07,N2DL4_HUMAN,1,1,curated,Induces NK Cell Activation. Reviewed in PMID: 24223577,,,
NKG2D II receptor,,Q6H3X3,RET1G_HUMAN,1,1,curated,Induces NK Cell Activation. Reviewed in PMID: 24223577,,,
P13747,HLAE_HUMAN,P26715,NKG2A_HUMAN,1,1,curated,Induces NK Cell Inhibition. Reviewed in PMID: 24223577,,,
P13747,HLAE_HUMAN,P26718,NKG2D_HUMAN,1,1,curated,Induces NK Cell Activation. Reviewed in PMID: 24223577,,,
P06731,CEAM5_HUMAN,P13688,CEAM1_HUMAN,1,1,curated,Induces NK Cell Inhibition. Reviewed in PMID:24987108,,,
P10747,CD28_HUMAN,P33681,CD80_HUMAN,1,1,curated,antigen-stimulated T cells become activated. Reviewed in PMID: 23954143,,,
P10747,CD28_HUMAN,P42081,CD86_HUMAN,1,1,curated,antigen-stimulated T cells become activated. Reviewed in PMID: 23954143,,,
P16410,CTLA4_HUMAN,P33681,CD80_HUMAN,1,1,curated,antigen-stimulated T cells become anergic. Reviewed in PMID: 23954143,,,
P16410,CTLA4_HUMAN,P42081,CD86_HUMAN,1,1,curated,antigen-stimulated T cells become anergic. Reviewed in PMID: 23954143,,,
Q9Y6W8,ICOS_HUMAN,O75144,ICOSL_HUMAN,1,1,curated,important for T follicular helper cells (Tfh) and type 2 T helper cell (Th2) responses. Reviewed in PMID: 23954143,,,
Q15116,PDCD1_HUMAN,Q9NZQ7,PD1L1_HUMAN,1,1,curated,antigen-stimulated T cells become anergic. PMID: 23954143,,,
Q15116,PDCD1_HUMAN,Q9BQ51,PD1L2_HUMAN,1,1,curated,antigen-stimulated T cells become anergic. PMID: 23954143,,,
Q8TDQ0,HAVR2_HUMAN,O00182,LEG9_HUMAN,1,1,curated,Reviewed in PMID: 27192565,,,
Q08722,CD47_HUMAN,P78324,SHPS1_HUMAN,1,1,curated,Reviewed in PMID: 23602662,,,
P06729,CD2_HUMAN,P19256,LFA3_HUMAN,1,1,curated,Reviewed in PMID: 23602662,,,
P29965,CD40L_HUMAN,P25942,TNR5_HUMAN,1,1,curated,Reviewed in PMID: 23602662,TNF,TRUE,
P30203,CD6_HUMAN,Q13740,CD166_HUMAN,1,1,curated,Reviewed in PMID: 23602662,,,
P05362,ICAM1_HUMAN,P20701,ITAL_HUMAN,1,1,curated,Reviewed in PMID: 23602662,,,
O14931,NCTR3_HUMAN,P46379,BAG6_HUMAN,1,1,curated,activating interaction from uniprot,,,
O14931,NCTR3_HUMAN,Q68D85,NR3L1_HUMAN,1,1,curated,activating interaction from uniprot,,,
Q15762,CD226_HUMAN,Q92692,NECT2_HUMAN,1,1,curated,"activating interaction PMID: 15607800, NK cell cytotoxicity. PMID: 24440149",,,
Q15762,CD226_HUMAN,P15151,PVR_HUMAN,1,1,curated,"activating interaction PMID: 15607800, NK cell cytotoxicity. PMID: 24440149",,,
P26717,NKG2C_HUMAN,P13747,HLAE_HUMAN,1,1,curated,activating interaction. uniprot & PMID: 26697006,,,
Q9BZW8,CD244_HUMAN,P09326,CD48_HUMAN,1,1,curated,activating interaction. uniprot & PMID: 26697006,,,
P26842,CD27_HUMAN,P32970,CD70_HUMAN,1,1,curated,activating interaction for NK and T cells. uniprot & PMID: 26697006,TNF. Also called TNFSF7/TNFRSF7,TRUE,
O95727,CRTAM_HUMAN,Q9BY67,CADM1_HUMAN,1,1,curated,uniprot,,,
P40200,TACT_HUMAN,P15151,PVR_HUMAN,1,1,curated,uniprot,,,
P40200,TACT_HUMAN,Q15223,NECT1_HUMAN,1,1,curated,PMID: 24658051,,,
Q495A1,TIGIT_HUMAN,P15151,PVR_HUMAN,1,1,curated,"PMID: 19815499, Induces NK Cell Inhibition. Reviewed in PMID:24987108",,,
Q495A1,TIGIT_HUMAN,Q92692,NECT2_HUMAN,1,1,curated,"PMID: 1313846, Induces NK Cell Inhibition. Reviewed in PMID:24987108",,,
Q495A1,TIGIT_HUMAN,Q9NQS3,NECT3_HUMAN,1,1,curated,PMID: 1313846,,,
Q8NHL6,LIRB1_HUMAN,P17693,HLAG_HUMAN,1,1,curated,"uniprot, Induces NK Cell Inhibition. Reviewed in PMID:24987108",,,
Q8N423,LIRB2_HUMAN,P17693,HLAG_HUMAN,1,1,curated,uniprot,,,
FLT1 complex,,P15692,VEGFA_HUMAN,1,1,curated,uniprot,,,
FLT1 complex,,P49765,VEGFB_HUMAN,1,1,curated,uniprot,,,
FLT1 complex,,P49763,PLGF_HUMAN,1,1,curated,uniprot,,TRUE,
PDGFR complex,,P01127,PDGFB_HUMAN,1,1,curated,uniprot,,,
PDGFR complex,,Q9GZP0,PDGFD_HUMAN,1,1,curated,uniprot,,,
aLb2 complex,,P05362,ICAM1_HUMAN,1,1,curated,uniprot,,,
aLb2 complex,,P13598,ICAM2_HUMAN,1,1,curated,uniprot,,,
aLb2 complex,,P32942,ICAM3_HUMAN,1,1,curated,uniprot,,,
aLb2 complex,,Q14773,ICAM4_HUMAN,1,1,curated,uniprot,,,
aLb2 complex,,Q9Y624,JAM1_HUMAN,1,1,curated,"(PubMed:11812992, PubMed:15528364)",,,
aMb2 complex,,P01024,CO3_HUMAN,1,1,curated,uniprot,,,
aMb2 complex,,fibrinogen,,1,1,curated,uniprot,,,
aMb2 complex,,P00742,FA10_HUMAN,1,1,curated,uniprot,,,
aMb2 complex,,P05362,ICAM1_HUMAN,1,1,curated,uniprot,,,
aXb2 complex,,fibrinogen,,1,1,curated,uniprot,,,
aDb2 complex,,P32942,ICAM3_HUMAN,1,1,curated,uniprot,,,
aDb2 complex,,P19320,VCAM1_HUMAN,1,1,curated,uniprot,,,
aEb7 complex,,P12830,CADH1_HUMAN,1,1,curated,uniprot,,,
a2b1 complex,,P02751,FINC_HUMAN,1,1,curated,uniprot,,,
a3b1 complex,,P02751,FINC_HUMAN,1,1,curated,uniprot,,,
a4b1 complex,,P02751,FINC_HUMAN,1,1,curated,uniprot,,,
a8b1 complex,,P02751,FINC_HUMAN,1,1,curated,uniprot,,,
a10b1 complex,,P02751,FINC_HUMAN,1,1,curated,uniprot,,,
a11b1 complex,,P02751,FINC_HUMAN,1,1,curated,uniprot,,,
aVb1 complex,,P02751,FINC_HUMAN,1,1,curated,uniprot,,,
a5b1 complex,,P02751,FINC_HUMAN,1,1,curated,uniprot,,,
a2b1 complex,,P11047,LAMC1_HUMAN,1,1,curated,uniprot,,,
a6b1 complex,,P11047,LAMC1_HUMAN,1,1,curated,uniprot,,,
a7b1 complex,,P11047,LAMC1_HUMAN,1,1,curated,uniprot,,,
a3b1 complex,,P07996,TSP1_HUMAN,1,1,curated,uniprot,,,
a3b1 complex,,Q6UVK1,CSPG4_HUMAN,1,1,curated,uniprot,,,
aVb1 complex,,P04004,VTNC_HUMAN,1,1,curated,uniprot,,,
a4b1 complex,,P14555,PA2GA_HUMAN,1,1,curated,uniprot,,,
a5b1 complex,,P14555,PA2GA_HUMAN,1,1,curated,uniprot,,,
a5b1 complex,,P35555,FBN1_HUMAN,1,1,curated,uniprot,,,
a9b1 complex,,P19320,VCAM1_HUMAN,1,1,curated,uniprot,,,
aVb3 complex,,P02751,FINC_HUMAN,1,1,curated,uniprot,,,
aVb3 complex,,P11047,LAMC1_HUMAN,1,1,curated,uniprot,,,
aVb3 complex,,P08253,MMP2_HUMAN,1,1,curated,uniprot,,,
aVb3 complex,,Q99983,OMD_HUMAN,1,1,curated,uniprot,,,
aVb3 complex,,P00734,THRB_HUMAN,1,1,curated,uniprot,,,
aVb3 complex,,P07996,TSP1_HUMAN,1,1,curated,uniprot,,,
aVb3 complex,,P04004,VTNC_HUMAN,1,1,curated,uniprot,,,
aVb3 complex,,P04275,VWF_HUMAN,1,1,curated,uniprot,,,
a2Bb3 complex,,P02751,FINC_HUMAN,1,1,curated,uniprot,,,
a2Bb3 complex,,fibrinogen,FINC_HUMAN,1,1,curated,uniprot,,,
a2Bb3 complex,,P00747,FINC_HUMAN,1,1,curated,uniprot,,,
a2Bb3 complex,,P00734,THRB_HUMAN,1,1,curated,uniprot,,,
a2Bb3 complex,,P07996,TSP1_HUMAN,1,1,curated,uniprot,,,
a2Bb3 complex,,P04004,VTNC_HUMAN,1,1,curated,uniprot,,,
a8b1 complex,,P24821,TENA_HUMAN,1,1,curated,uniprot,,,
aVb6 complex,,P24821,TENA_HUMAN,1,1,curated,uniprot,,,
a4b7 complex,,Q13477,MADCA_HUMAN,1,1,curated,uniprot,,,
aVb5 complex,,P02751,FINC_HUMAN,1,1,curated,uniprot,,,
a4b7 complex,,P19320,VCAM1_HUMAN,1,1,curated,uniprot,,,
a4b7 complex,,P02751,FINC_HUMAN,1,1,curated,uniprot,,,
a4b1 complex,,P24821,TENA_HUMAN,1,1,curated,uniprot,,,
a3b1 complex,,Q16787,LAMA3_HUMAN,1,1,curated,uniprot,,,
a9b1 complex,,P24821,TENA_HUMAN,1,1,curated,uniprot,,,
aVb3 complex,,P24821,TENA_HUMAN,1,1,curated,uniprot,,,
a1b1 complex,,P02452,CO1A1_HUMAN,1,1,curated,uniprot,,,
a1b1 complex,,P02458,CO2A1_HUMAN,1,1,curated,uniprot,,,
a1b1 complex,,P02461,CO3A1_HUMAN,1,1,curated,uniprot,,,
a1b1 complex,,P02462,CO4A1_HUMAN,1,1,curated,uniprot,,,
a1b1 complex,,A6NMZ7,CO6A6_HUMAN,1,1,curated,uniprot,,,
a1b1 complex,,A8TX70,CO6A5_HUMAN,1,1,curated,uniprot,,,
a1b1 complex,,P05997,CO5A2_HUMAN,1,1,curated,uniprot,,,
a1b1 complex,,P08123,CO1A2_HUMAN,1,1,curated,uniprot,,,
a1b1 complex,,P08572,CO4A2_HUMAN,1,1,curated,uniprot,,,
a1b1 complex,,P12107,COBA1_HUMAN,1,1,curated,uniprot,,,
a1b1 complex,,P12109,CO6A1_HUMAN,1,1,curated,uniprot,,,
a1b1 complex,,P12110,CO6A2_HUMAN,1,1,curated,uniprot,,,
a1b1 complex,,P12111,CO6A3_HUMAN,1,1,curated,uniprot,,,
a1b1 complex,,P13942,COBA2_HUMAN,1,1,curated,uniprot,,,
a1b1 complex,,P20849,CO9A1_HUMAN,1,1,curated,uniprot,,,
a1b1 complex,,P20908,CO5A1_HUMAN,1,1,curated,uniprot,,,
a1b1 complex,,P25067,CO8A2_HUMAN,1,1,curated,uniprot,,,
a1b1 complex,,P25940,CO5A3_HUMAN,1,1,curated,uniprot,,,
a1b1 complex,,P27658,CO8A1_HUMAN,1,1,curated,uniprot,,,
a1b1 complex,,P29400,CO4A5_HUMAN,1,1,curated,uniprot,,,
a1b1 complex,,P39059,COFA1_HUMAN,1,1,curated,uniprot,,,
a1b1 complex,,P39060,COIA1_HUMAN,1,1,curated,uniprot,,,
a1b1 complex,,P53420,CO4A4_HUMAN,1,1,curated,uniprot,,,
a1b1 complex,,Q01955,CO4A3_HUMAN,1,1,curated,uniprot,,,
a1b1 complex,,Q02388,CO7A1_HUMAN,1,1,curated,uniprot,,,
a1b1 complex,,Q03692,COAA1_HUMAN,1,1,curated,uniprot,,,
a1b1 complex,,Q05707,COEA1_HUMAN,1,1,curated,uniprot,,,
a1b1 complex,,Q07092,COGA1_HUMAN,1,1,curated,uniprot,,,
a1b1 complex,,Q14031,CO4A6_HUMAN,1,1,curated,uniprot,,,
a1b1 complex,,Q14050,CO9A3_HUMAN,1,1,curated,uniprot,,,
a1b1 complex,,Q14055,CO9A2_HUMAN,1,1,curated,uniprot,,,
a1b1 complex,,Q14993,COJA1_HUMAN,1,1,curated,uniprot,,,
a1b1 complex,,Q17RW2,COOA1_HUMAN,1,1,curated,uniprot,,,
a1b1 complex,,Q2UY09,COSA1_HUMAN,1,1,curated,uniprot,,,
a1b1 complex,,Q5TAT6,CODA1_HUMAN,1,1,curated,uniprot,,,
a1b1 complex,,Q8IZC6,CORA1_HUMAN,1,1,curated,uniprot,,,
a1b1 complex,,Q8NFW1,COMA1_HUMAN,1,1,curated,uniprot,,,
a1b1 complex,,Q96A83,COQA1_HUMAN,1,1,curated,uniprot,,,
a1b1 complex,,Q96P44,COLA1_HUMAN,1,1,curated,uniprot,,,
a1b1 complex,,Q99715,COCA1_HUMAN,1,1,curated,uniprot,,,
a1b1 complex,,Q9P218,COKA1_HUMAN,1,1,curated,uniprot,,,
a1b1 complex,,Q9UMD9,COHA1_HUMAN,1,1,curated,uniprot,,,
a2b1 complex,,P02452,CO1A1_HUMAN,1,1,curated,uniprot,,,
a2b1 complex,,P02458,CO2A1_HUMAN,1,1,curated,uniprot,,,
a2b1 complex,,P02461,CO3A1_HUMAN,1,1,curated,uniprot,,,
a2b1 complex,,P02462,CO4A1_HUMAN,1,1,curated,uniprot,,,
a2b1 complex,,A6NMZ7,CO6A6_HUMAN,1,1,curated,uniprot,,,
a2b1 complex,,A8TX70,CO6A5_HUMAN,1,1,curated,uniprot,,,
a2b1 complex,,P05997,CO5A2_HUMAN,1,1,curated,uniprot,,,
a2b1 complex,,P08123,CO1A2_HUMAN,1,1,curated,uniprot,,,
a2b1 complex,,P08572,CO4A2_HUMAN,1,1,curated,uniprot,,,
a2b1 complex,,P12107,COBA1_HUMAN,1,1,curated,uniprot,,,
a2b1 complex,,P12109,CO6A1_HUMAN,1,1,curated,uniprot,,,
a2b1 complex,,P12110,CO6A2_HUMAN,1,1,curated,uniprot,,,
a2b1 complex,,P12111,CO6A3_HUMAN,1,1,curated,uniprot,,,
a2b1 complex,,P13942,COBA2_HUMAN,1,1,curated,uniprot,,,
a2b1 complex,,P20849,CO9A1_HUMAN,1,1,curated,uniprot,,,
a2b1 complex,,P20908,CO5A1_HUMAN,1,1,curated,uniprot,,,
a2b1 complex,,P25067,CO8A2_HUMAN,1,1,curated,uniprot,,,
a2b1 complex,,P25940,CO5A3_HUMAN,1,1,curated,uniprot,,,
a2b1 complex,,P27658,CO8A1_HUMAN,1,1,curated,uniprot,,,
a2b1 complex,,P29400,CO4A5_HUMAN,1,1,curated,uniprot,,,
a2b1 complex,,P39059,COFA1_HUMAN,1,1,curated,uniprot,,,
a2b1 complex,,P39060,COIA1_HUMAN,1,1,curated,uniprot,,,
a2b1 complex,,P53420,CO4A4_HUMAN,1,1,curated,uniprot,,,
a2b1 complex,,Q01955,CO4A3_HUMAN,1,1,curated,uniprot,,,
a2b1 complex,,Q02388,CO7A1_HUMAN,1,1,curated,uniprot,,,
a2b1 complex,,Q03692,COAA1_HUMAN,1,1,curated,uniprot,,,
a2b1 complex,,Q05707,COEA1_HUMAN,1,1,curated,uniprot,,,
a2b1 complex,,Q07092,COGA1_HUMAN,1,1,curated,uniprot,,,
a2b1 complex,,Q14031,CO4A6_HUMAN,1,1,curated,uniprot,,,
a2b1 complex,,Q14050,CO9A3_HUMAN,1,1,curated,uniprot,,,
a2b1 complex,,Q14055,CO9A2_HUMAN,1,1,curated,uniprot,,,
a2b1 complex,,Q14993,COJA1_HUMAN,1,1,curated,uniprot,,,
a2b1 complex,,Q17RW2,COOA1_HUMAN,1,1,curated,uniprot,,,
a2b1 complex,,Q2UY09,COSA1_HUMAN,1,1,curated,uniprot,,,
a2b1 complex,,Q5TAT6,CODA1_HUMAN,1,1,curated,uniprot,,,
a2b1 complex,,Q8IZC6,CORA1_HUMAN,1,1,curated,uniprot,,,
a2b1 complex,,Q8NFW1,COMA1_HUMAN,1,1,curated,uniprot,,,
a2b1 complex,,Q96A83,COQA1_HUMAN,1,1,curated,uniprot,,,
a2b1 complex,,Q96P44,COLA1_HUMAN,1,1,curated,uniprot,,,
a2b1 complex,,Q99715,COCA1_HUMAN,1,1,curated,uniprot,,,
a2b1 complex,,Q9P218,COKA1_HUMAN,1,1,curated,uniprot,,,
a2b1 complex,,Q9UMD9,COHA1_HUMAN,1,1,curated,uniprot,,,
a10b1 complex,,P02452,CO1A1_HUMAN,1,1,curated,uniprot,,,
a10b1 complex,,P02458,CO2A1_HUMAN,1,1,curated,uniprot,,,
a10b1 complex,,P02461,CO3A1_HUMAN,1,1,curated,uniprot,,,
a10b1 complex,,P02462,CO4A1_HUMAN,1,1,curated,uniprot,,,
a10b1 complex,,A6NMZ7,CO6A6_HUMAN,1,1,curated,uniprot,,,
a10b1 complex,,A8TX70,CO6A5_HUMAN,1,1,curated,uniprot,,,
a10b1 complex,,P05997,CO5A2_HUMAN,1,1,curated,uniprot,,,
a10b1 complex,,P08123,CO1A2_HUMAN,1,1,curated,uniprot,,,
a10b1 complex,,P08572,CO4A2_HUMAN,1,1,curated,uniprot,,,
a10b1 complex,,P12107,COBA1_HUMAN,1,1,curated,uniprot,,,
a10b1 complex,,P12109,CO6A1_HUMAN,1,1,curated,uniprot,,,
a10b1 complex,,P12110,CO6A2_HUMAN,1,1,curated,uniprot,,,
a10b1 complex,,P12111,CO6A3_HUMAN,1,1,curated,uniprot,,,
a10b1 complex,,P13942,COBA2_HUMAN,1,1,curated,uniprot,,,
a10b1 complex,,P20849,CO9A1_HUMAN,1,1,curated,uniprot,,,
a10b1 complex,,P20908,CO5A1_HUMAN,1,1,curated,uniprot,,,
a10b1 complex,,P25067,CO8A2_HUMAN,1,1,curated,uniprot,,,
a10b1 complex,,P25940,CO5A3_HUMAN,1,1,curated,uniprot,,,
a10b1 complex,,P27658,CO8A1_HUMAN,1,1,curated,uniprot,,,
a10b1 complex,,P29400,CO4A5_HUMAN,1,1,curated,uniprot,,,
a10b1 complex,,P39059,COFA1_HUMAN,1,1,curated,uniprot,,,
a10b1 complex,,P39060,COIA1_HUMAN,1,1,curated,uniprot,,,
a10b1 complex,,P53420,CO4A4_HUMAN,1,1,curated,uniprot,,,
a10b1 complex,,Q01955,CO4A3_HUMAN,1,1,curated,uniprot,,,
a10b1 complex,,Q02388,CO7A1_HUMAN,1,1,curated,uniprot,,,
a10b1 complex,,Q03692,COAA1_HUMAN,1,1,curated,uniprot,,,
a10b1 complex,,Q05707,COEA1_HUMAN,1,1,curated,uniprot,,,
a10b1 complex,,Q07092,COGA1_HUMAN,1,1,curated,uniprot,,,
a10b1 complex,,Q14031,CO4A6_HUMAN,1,1,curated,uniprot,,,
a10b1 complex,,Q14050,CO9A3_HUMAN,1,1,curated,uniprot,,,
a10b1 complex,,Q14055,CO9A2_HUMAN,1,1,curated,uniprot,,,
a10b1 complex,,Q14993,COJA1_HUMAN,1,1,curated,uniprot,,,
a10b1 complex,,Q17RW2,COOA1_HUMAN,1,1,curated,uniprot,,,
a10b1 complex,,Q2UY09,COSA1_HUMAN,1,1,curated,uniprot,,,
a10b1 complex,,Q5TAT6,CODA1_HUMAN,1,1,curated,uniprot,,,
a10b1 complex,,Q8IZC6,CORA1_HUMAN,1,1,curated,uniprot,,,
a10b1 complex,,Q8NFW1,COMA1_HUMAN,1,1,curated,uniprot,,,
a10b1 complex,,Q96A83,COQA1_HUMAN,1,1,curated,uniprot,,,
a10b1 complex,,Q96P44,COLA1_HUMAN,1,1,curated,uniprot,,,
a10b1 complex,,Q99715,COCA1_HUMAN,1,1,curated,uniprot,,,
a10b1 complex,,Q9P218,COKA1_HUMAN,1,1,curated,uniprot,,,
a10b1 complex,,Q9UMD9,COHA1_HUMAN,1,1,curated,uniprot,,,
a11b1 complex,,P02452,CO1A1_HUMAN,1,1,curated,uniprot,,,
a11b1 complex,,P02458,CO2A1_HUMAN,1,1,curated,uniprot,,,
a11b1 complex,,P02461,CO3A1_HUMAN,1,1,curated,uniprot,,,
a11b1 complex,,P02462,CO4A1_HUMAN,1,1,curated,uniprot,,,
a11b1 complex,,A6NMZ7,CO6A6_HUMAN,1,1,curated,uniprot,,,
a11b1 complex,,A8TX70,CO6A5_HUMAN,1,1,curated,uniprot,,,
a11b1 complex,,P05997,CO5A2_HUMAN,1,1,curated,uniprot,,,
a11b1 complex,,P08123,CO1A2_HUMAN,1,1,curated,uniprot,,,
a11b1 complex,,P08572,CO4A2_HUMAN,1,1,curated,uniprot,,,
a11b1 complex,,P12107,COBA1_HUMAN,1,1,curated,uniprot,,,
a11b1 complex,,P12109,CO6A1_HUMAN,1,1,curated,uniprot,,,
a11b1 complex,,P12110,CO6A2_HUMAN,1,1,curated,uniprot,,,
a11b1 complex,,P12111,CO6A3_HUMAN,1,1,curated,uniprot,,,
a11b1 complex,,P13942,COBA2_HUMAN,1,1,curated,uniprot,,,
a11b1 complex,,P20849,CO9A1_HUMAN,1,1,curated,uniprot,,,
a11b1 complex,,P20908,CO5A1_HUMAN,1,1,curated,uniprot,,,
a11b1 complex,,P25067,CO8A2_HUMAN,1,1,curated,uniprot,,,
a11b1 complex,,P25940,CO5A3_HUMAN,1,1,curated,uniprot,,,
a11b1 complex,,P27658,CO8A1_HUMAN,1,1,curated,uniprot,,,
a11b1 complex,,P29400,CO4A5_HUMAN,1,1,curated,uniprot,,,
a11b1 complex,,P39059,COFA1_HUMAN,1,1,curated,uniprot,,,
a11b1 complex,,P39060,COIA1_HUMAN,1,1,curated,uniprot,,,
a11b1 complex,,P53420,CO4A4_HUMAN,1,1,curated,uniprot,,,
a11b1 complex,,Q01955,CO4A3_HUMAN,1,1,curated,uniprot,,,
a11b1 complex,,Q02388,CO7A1_HUMAN,1,1,curated,uniprot,,,
a11b1 complex,,Q03692,COAA1_HUMAN,1,1,curated,uniprot,,,
a11b1 complex,,Q05707,COEA1_HUMAN,1,1,curated,uniprot,,,
a11b1 complex,,Q07092,COGA1_HUMAN,1,1,curated,uniprot,,,
a11b1 complex,,Q14031,CO4A6_HUMAN,1,1,curated,uniprot,,,
a11b1 complex,,Q14050,CO9A3_HUMAN,1,1,curated,uniprot,,,
a11b1 complex,,Q14055,CO9A2_HUMAN,1,1,curated,uniprot,,,
a11b1 complex,,Q14993,COJA1_HUMAN,1,1,curated,uniprot,,,
a11b1 complex,,Q17RW2,COOA1_HUMAN,1,1,curated,uniprot,,,
a11b1 complex,,Q2UY09,COSA1_HUMAN,1,1,curated,uniprot,,,
a11b1 complex,,Q5TAT6,CODA1_HUMAN,1,1,curated,uniprot,,,
a11b1 complex,,Q8IZC6,CORA1_HUMAN,1,1,curated,uniprot,,,
a11b1 complex,,Q8NFW1,COMA1_HUMAN,1,1,curated,uniprot,,,
a11b1 complex,,Q96A83,COQA1_HUMAN,1,1,curated,uniprot,,,
a11b1 complex,,Q96P44,COLA1_HUMAN,1,1,curated,uniprot,,,
a11b1 complex,,Q99715,COCA1_HUMAN,1,1,curated,uniprot,,,
a11b1 complex,,Q9P218,COKA1_HUMAN,1,1,curated,uniprot,,,
a11b1 complex,,Q9UMD9,COHA1_HUMAN,1,1,curated,uniprot,,,
P43626,KI2L1_HUMAN,HLAC,HLAC,1,1,curated,PMID: 28484462,,,
P43628,KI2L3_HUMAN,HLAC,HLAC,1,1,curated,PMID: 28484462,,,
P43629,KI3L1_HUMAN,HLAA,HLAA,1,1,curated,uniprot,,,
P43630,KI3L2_HUMAN,HLAB,HLAB,1,1,curated,uniprot,,,
CD94:NKG2A,,P13747,HLAE_HUMAN,1,1,curated,PMID: 28484462,,,
CD94:NKG2C,,P13747,HLAE_HUMAN,1,1,curated,PMID: 28484462,,,
CD94:NKG2E,,P13747,HLAE_HUMAN,1,1,curated,PMID: 28484462,,,
a4b1 complex,,P10451,OSTP_HUMAN,1,1,curated,"PMID: 1830891, PMID: 8970045",,,
a9b1 complex,,P10451,OSTP_HUMAN,1,1,curated,"PMID: 1830891, PMID: 8970045",,,
aVb3 complex,,P10451,OSTP_HUMAN,1,1,curated,PMID: 24442579,,,
a6b4 complex,,P05019,IGF1_HUMAN,1,1,curated,uniprot,,,
a6b4 complex,,Q02297,NRG1_HUMAN,1,1,curated,uniprot,,,
P41217,OX2G_HUMAN,Q8TD46,MO2R1_HUMAN,1,1,curated,"PMID: 22020332, also called CD200-CD200R",,,
P04628,WNT1_HUMAN,Q9UP38,FZD1_HUMAN,1,1,curated,PMID: 24032637,,,
P09544,WNT2_HUMAN,Q14332,FZD2_HUMAN,1,1,curated,PMID: 24032637,,,
P09544,WNT2_HUMAN,Q9NPG1,FZD3_HUMAN,1,1,curated,PMID: 24032637,,,
P09544,WNT2_HUMAN,Q9ULV1,FZD4_HUMAN,1,1,curated,PMID: 24032637,,,
P09544,WNT2_HUMAN,O00144,FZD9_HUMAN,1,1,curated,PMID: 24032637,,,
Q93097,WNT2B_HUMAN,Q9ULV1,FZD4_HUMAN,1,1,curated,PMID: 24032637,,,
P56703,WNT3_HUMAN,O75084,FZD7_HUMAN,1,1,curated,PMID: 24032637,,,
P56705,WNT4_HUMAN,O60353,FZD6_HUMAN,1,1,curated,PMID: 24032637,,,
P41221,WNT5A_HUMAN,Q9UP38,FZD1_HUMAN,1,1,curated,PMID: 24032637,,,
P41221,WNT5A_HUMAN,Q14332,FZD2_HUMAN,1,1,curated,PMID: 24032637,,,
P41221,WNT5A_HUMAN,Q9NPG1,FZD3_HUMAN,1,1,curated,PMID: 24032637,,,
P41221,WNT5A_HUMAN,Q13467,FZD5_HUMAN,1,1,curated,PMID: 24032637,,,
P41221,WNT5A_HUMAN,O60353,FZD6_HUMAN,1,1,curated,PMID: 24032637,,,
O00755,WNT7A_HUMAN,Q13467,FZD5_HUMAN,1,1,curated,PMID: 24032637,,,
P56706,WNT7B_HUMAN,Q9UP38,FZD1_HUMAN,1,1,curated,PMID: 24032637,,,
P56706,WNT7B_HUMAN,Q9ULV1,FZD4_HUMAN,1,1,curated,PMID: 24032637,,,
P56706,WNT7B_HUMAN,Q9ULW2,FZD10_HUMAN,1,1,curated,PMID: 24032637,,,
Q14563,SEM3A_HUMAN,PlexinA1_complex3,,1,1,curated,PMID: 22325954,,,
Q14563,SEM3A_HUMAN,PlexinA2_complex1,,1,1,curated,PMID: 22325954,,,
Q14563,SEM3A_HUMAN,PlexinA3_complex1,,1,1,curated,PMID: 22325954,,,
Q14563,SEM3A_HUMAN,PlexinA4_complex1,,1,1,curated,PMID: 22325954,,,
O15041,SEM3E_HUMAN,Q9Y4D7,PLXD1_HUMAN,1,1,curated,PMID: 22325954,,,
Q9H3S1,SEM4A_HUMAN,Q9Y4D7,PLXD1_HUMAN,1,1,curated,PMID: 22325954,,,
Q92854,SEM4D_HUMAN,O43157,PLXB1_HUMAN,1,1,curated,PMID: 22325954,,,
Q92854,SEM4D_HUMAN,O15031,PLXB2_HUMAN,1,1,curated,PMID: 22325954,,,
Q92854,SEM4D_HUMAN,P21854,CD72_HUMAN,1,1,curated,PMID: 22325954,,,
Q8NFY4,SEM6D_HUMAN,PlexinA1_complex1,,1,1,curated,PMID: 22325954,,,
Q8NFY4,SEM6D_HUMAN,PlexinA1_complex2,,1,1,curated,PMID: 22325954,,,
O75326,SEM7A_HUMAN,a1b1 complex,,1,1,curated,PMID: 22325954,,,
O75326,SEM7A_HUMAN,O60486,PLXC1_HUMAN,1,1,curated,PMID: 22325954,,,
P01562,IFNA1_HUMAN,Type I IFNR,,1,1,curated,PMID: 9208871,cytokine,TRUE,
P01574,IFNB_HUMAN,Type I IFNR,,1,1,curated,PMID: 9208871,,,
Q86WN2,IFNE_HUMAN,Type I IFNR,,1,1,curated,PMID: 9208871,,,
Q9P0W0,IFNK_HUMAN,Type I IFNR,,1,1,curated,PMID: 9208871,,,
P05000,IFNW1_HUMAN,Type I IFNR,,1,1,curated,PMID: 9208871,IFN,TRUE,
P01579,IFNG_HUMAN,Type II IFNR,,1,1,curated,PMID: 9208871,IFN,TRUE,
Q8IU54,IFNL1_HUMAN,Type III IFNR,,1,1,curated,PMID: 9208871,,,
Q8IZJ0,IFNL2_HUMAN,Type III IFNR,,1,1,curated,PMID: 9208871,,,
Q8IZI9,IFNL3_HUMAN,Type III IFNR,,1,1,curated,PMID: 9208871,,,
P35968,VGFR2_HUMAN,P15692,VEGFA_HUMAN,1,1,curated,uniprot,,TRUE,
P35968,VGFR2_HUMAN,P49767,VEGFC_HUMAN,1,1,curated,uniprot,,TRUE,
P35968,VGFR2_HUMAN,O43915,VEGFD_HUMAN,1,1,curated,uniprot,,TRUE,
P17948,VGFR1_HUMAN,P15692,VEGFA_HUMAN,1,1,curated,uniprot,,,
P17948,VGFR1_HUMAN,P49765,VEGFB_HUMAN,1,1,curated,uniprot,,,
P17948,VGFR1_HUMAN,P49763,PLGF_HUMAN,1,1,curated,uniprot,,,
P35916,VGFR3_HUMAN,P49767,VEGFC_HUMAN,1,1,curated,uniprot,,TRUE,
P35916,VGFR3_HUMAN,O43915,VEGFD_HUMAN,1,1,curated,uniprot,,TRUE,
Q9C0C4,SEM4C_HUMAN,O15031,PLXB2_HUMAN,1,1,curated,uniprot,,,
Q9NTN9,SEM4G_HUMAN,O15031,PLXB2_HUMAN,1,1,curated,uniprot,,,
Q13591,SEM5A_HUMAN,Q9ULL4,PLXB3_HUMAN,1,1,curated,uniprot,,,
P41597,CCR2_HUMAN,P13500,CCL2_HUMAN,1,1,curated,PMID: 24218476,,TRUE,
O00590,ACKR2_HUMAN,P13500,CCL2_HUMAN,1,1,curated,PMID: 24218476,,TRUE,
Q16570,ACKR1_HUMAN,P13500,CCL2_HUMAN,1,1,curated,PMID: 24218476,,TRUE,
P49238,CX3C1_HUMAN,P78423,X3CL1_HUMAN,1,1,curated,PMID: 24218476,,,
P49682,CXCR3_HUMAN,P02776,PLF4_HUMAN,1,1,curated,PMID: 24218476,,,
P51677,CCR3_HUMAN,P13501,CCL5_HUMAN,1,1,curated,PMID: 24218476,,TRUE,
P32246,CCR1_HUMAN,P13501,CCL5_HUMAN,1,1,curated,PMID: 24218476,,TRUE,
Q16570,ACKR1_HUMAN,P13501,CCL5_HUMAN,1,1,curated,PMID: 24218476,,,
Q16570,ACKR1_HUMAN,P10145,IL8_HUMAN,1,1,curated,PMID: 24218476,,TRUE,
P25024,CXCR1_HUMAN,P10145,IL8_HUMAN,1,1,curated,PMID: 24218476,,TRUE,
P25024,CXCR1_HUMAN,P02775,CXCL7_HUMAN,1,1,curated,PMID: 24218476,,,
P25025,CXCR2_HUMAN,P19875,CXCL2_HUMAN,1,1,curated,PMID: 24218476,,,
P41597,CCR2_HUMAN,P80098,CCL7_HUMAN,1,1,curated,PMID: 24218476,,TRUE,
P51677,CCR3_HUMAN,P80098,CCL7_HUMAN,1,1,curated,PMID: 24218476,,TRUE,
P32246,CCR1_HUMAN,P80098,CCL7_HUMAN,1,1,curated,PMID: 24218476,,TRUE,
Q16570,ACKR1_HUMAN,P09341,GROA_HUMAN,1,1,curated,PMID: 24218476,,TRUE,
Q9NPB9,ACKR4_HUMAN,Q99731,CCL19_HUMAN,1,1,curated,PMID: 24218476,,,
P32248,CCR7_HUMAN,Q99731,CCL19_HUMAN,1,1,curated,PMID: 24218476,,TRUE,
Q9NPB9,ACKR4_HUMAN,O00585,CCL21_HUMAN,1,1,curated,PMID: 24218476,,,
P32248,CCR7_HUMAN,O00585,CCL21_HUMAN,1,1,curated,PMID: 24218476,,,
P51686,CCR9_HUMAN,O15444,CCL25_HUMAN,1,1,curated,PMID: 24218476,,TRUE,
P51679,CCR4_HUMAN,Q92583,CCL17_HUMAN,1,1,curated,PMID: 24218476,,TRUE,
P41597,CCR2_HUMAN,P80075,CCL8_HUMAN,1,1,curated,PMID: 24218476,,TRUE,
P32246,CCR1_HUMAN,P80075,CCL8_HUMAN,1,1,curated,PMID: 24218476,,,
P49682,CXCR3_HUMAN,Q07325,CXCL9_HUMAN,1,1,curated,PMID: 24218476,,TRUE,
P51677,CCR3_HUMAN,P51671,CCL11_HUMAN,1,1,curated,PMID: 24218476,,,
O00590,ACKR2_HUMAN,P51671,CCL11_HUMAN,1,1,curated,PMID: 24218476,,,
P49682,CXCR3_HUMAN,O14625,CXL11_HUMAN,1,1,curated,PMID: 24218476,,TRUE,
P49682,CXCR3_HUMAN,P02778,CXL10_HUMAN,1,1,curated,PMID: 24218476,,TRUE,
P51677,CCR3_HUMAN,P10147,CCL3_HUMAN,1,1,curated,PMID: 24218476,,,
P32246,CCR1_HUMAN,P10147,CCL3_HUMAN,1,1,curated,PMID: 24218476,,TRUE,
P51677,CCR3_HUMAN,P16619,CL3L1_HUMAN,1,1,curated,PMID: 24218476,,,
P32246,CCR1_HUMAN,P16619,CL3L1_HUMAN,1,1,curated,PMID: 24218476,,,
P25025,CXCR2_HUMAN,P19876,CXCL3_HUMAN,1,1,curated,PMID: 24218476,,TRUE,
P32246,CCR1_HUMAN,O15467,CCL16_HUMAN,1,1,curated,PMID: 24218476,,,
P51685,CCR8_HUMAN,P22362,CCL1_HUMAN,1,1,curated,PMID: 24218476,,TRUE,
P32246,CCR1_HUMAN,P55773,CCL23_HUMAN,1,1,curated,PMID: 24218476,,TRUE,
P51685,CCR8_HUMAN,P55774,CCL18_HUMAN,1,1,curated,PMID: 24218476,,,
P46094,XCR1_HUMAN,P47992,XCL1_HUMAN,1,1,curated,PMID: 24218476,,,
P61073,CXCR4_HUMAN,P48061,SDF1_HUMAN,1,1,curated,PMID: 24218476,,TRUE,
O00590,ACKR2_HUMAN,P13501,CCL5_HUMAN,1,1,curated,PMID: 24218476,,,
O00590,ACKR2_HUMAN,P80098,CCL7_HUMAN,1,1,curated,PMID: 24218476,,TRUE,
O00590,ACKR2_HUMAN,Q99616,CCL13_HUMAN,1,1,curated,PMID: 24218476,,TRUE,
O00590,ACKR2_HUMAN,P80075,CCL8_HUMAN,1,1,curated,PMID: 24218476,,TRUE,
O00590,ACKR2_HUMAN,Q16627,CCL14_HUMAN,1,1,curated,PMID: 24218476,,,
O00590,ACKR2_HUMAN,P10147,CCL3_HUMAN,1,1,curated,PMID: 24218476,,,
O00590,ACKR2_HUMAN,P13236,CCL4_HUMAN,1,1,curated,PMID: 24218476,,TRUE,
P25025,CXCR2_HUMAN,P02775,CXCL7_HUMAN,1,1,curated,PMID: 24218476,,TRUE,
P25025,CXCR2_HUMAN,P10145,IL8_HUMAN,1,1,curated,PMID: 24218476,,TRUE,
P25025,CXCR2_HUMAN,P09341,GROA_HUMAN,1,1,curated,PMID: 24218476,,TRUE,
P25025,CXCR2_HUMAN,P42830,CXCL5_HUMAN,1,1,curated,PMID: 24218476,,TRUE,
P25025,CXCR2_HUMAN,P80162,CXCL6_HUMAN,1,1,curated,PMID: 24218476,,TRUE,
P25024,CXCR1_HUMAN,P09341,GROA_HUMAN,1,1,curated,PMID: 24218476,,,
P25024,CXCR1_HUMAN,P42830,CXCL5_HUMAN,1,1,curated,PMID: 24218476,,TRUE,
P25024,CXCR1_HUMAN,P80162,CXCL6_HUMAN,1,1,curated,PMID: 24218476,,TRUE,
P51679,CCR4_HUMAN,O00626,CCL22_HUMAN,1,1,curated,PMID: 24218476,,TRUE,
P27487,DPP4_HUMAN,O00626,CCL22_HUMAN,1,1,curated,PMID: 24218476,,,
P27487,DPP4_HUMAN,P48061,SDF1_HUMAN,1,1,curated,PMID: 24218476,,,
P27487,DPP4_HUMAN,P19875,CXCL2_HUMAN,1,1,curated,PMID: 24218476,,,
P27487,DPP4_HUMAN,P51671,CCL11_HUMAN,1,1,curated,PMID: 24218476,,,
P27487,DPP4_HUMAN,O14625,CXL11_HUMAN,1,1,curated,PMID: 24218476,,,
P27487,DPP4_HUMAN,Q07325,CXCL9_HUMAN,1,1,curated,PMID: 24218476,,,
P27487,DPP4_HUMAN,P02778,CXL10_HUMAN,1,1,curated,PMID: 24218476,,,
P32302,CXCR5_HUMAN,O43927,CXL13_HUMAN,1,1,curated,PMID: 24218476,,TRUE,
P41597,CCR2_HUMAN,Q99616,CCL13_HUMAN,1,1,curated,PMID: 24218476,,TRUE,
P41597,CCR2_HUMAN,O15467,CCL16_HUMAN,1,1,curated,PMID: 24218476,,,
P41597,CCR2_HUMAN,Q9Y258,CCL26_HUMAN,1,1,curated,PMID: 24218476,,,
P46092,CCR10_HUMAN,Q9Y4X3,CCL27_HUMAN,1,1,curated,PMID: 24218476,,TRUE,
Q9NPB9,ACKR4_HUMAN,O43927,CXL13_HUMAN,1,1,curated,PMID: 24218476,,,
Q9NPB9,ACKR4_HUMAN,O15444,CCL25_HUMAN,1,1,curated,PMID: 24218476,,,
P51677,CCR3_HUMAN,Q99616,CCL13_HUMAN,1,1,curated,PMID: 24218476,,TRUE,
P51677,CCR3_HUMAN,Q9Y258,CCL26_HUMAN,1,1,curated,PMID: 24218476,,TRUE,
P51677,CCR3_HUMAN,Q16627,CCL14_HUMAN,1,1,curated,PMID: 24218476,,,
P51677,CCR3_HUMAN,O00175,CCL24_HUMAN,1,1,curated,PMID: 24218476,,TRUE,
P32246,CCR1_HUMAN,Q9Y258,CCL26_HUMAN,1,1,curated,PMID: 24218476,,,
P32246,CCR1_HUMAN,Q16627,CCL14_HUMAN,1,1,curated,PMID: 24218476,,TRUE,
P51684,CCR6_HUMAN,P78556,CCL20_HUMAN,1,1,curated,PMID: 24218476,,TRUE,
P51681,CCR5_HUMAN,P13236,CCL4_HUMAN,1,1,curated,uniprot,,TRUE,
P49961,ENTP1_HUMAN,P29274,AA2AR_HUMAN,1,1,curated,uniprot,,,
P49961,ENTP1_HUMAN,P30542,AA1R_HUMAN,1,1,curated,uniprot,,,
P49961,ENTP1_HUMAN,P29275,AA2BR_HUMAN,1,1,curated,uniprot,,,
P49961,ENTP1_HUMAN,P0DMS8,AA3R_HUMAN,1,1,curated,uniprot,,,
P80370,DLK1_HUMAN,P46531,NOTC1_HUMAN,1,1,curated,PMID: 22353464,NOTCH,TRUE,
P80370,DLK1_HUMAN,Q04721,NOTC2_HUMAN,1,1,curated,PMID: 22353464,NOTCH,TRUE,
P80370,DLK1_HUMAN,Q9UM47,NOTC3_HUMAN,1,1,curated,PMID: 22353464,NOTCH,TRUE,
P80370,DLK1_HUMAN,Q99466,NOTC4_HUMAN,1,1,curated,PMID: 22353464,NOTCH,TRUE,
P78504,JAG1_HUMAN,P46531,NOTC1_HUMAN,1,1,curated,PMID: 22353464,NOTCH,TRUE,
P78504,JAG1_HUMAN,Q04721,NOTC2_HUMAN,1,1,curated,PMID: 22353464,NOTCH,TRUE,
P78504,JAG1_HUMAN,Q9UM47,NOTC3_HUMAN,1,1,curated,PMID: 22353464,NOTCH,TRUE,
P78504,JAG1_HUMAN,Q99466,NOTC4_HUMAN,1,1,curated,PMID: 22353464,NOTCH,TRUE,
Q9Y219,JAG2_HUMAN,P46531,NOTC1_HUMAN,1,1,curated,PMID: 22353464,NOTCH,TRUE,
Q9Y219,JAG2_HUMAN,Q04721,NOTC2_HUMAN,1,1,curated,PMID: 22353464,NOTCH,TRUE,
Q9Y219,JAG2_HUMAN,Q9UM47,NOTC3_HUMAN,1,1,curated,PMID: 22353464,NOTCH,TRUE,
Q9Y219,JAG2_HUMAN,Q99466,NOTC4_HUMAN,1,1,curated,PMID: 22353464,NOTCH,TRUE,
Q61483,DLL1_HUMAN,P46531,NOTC1_HUMAN,1,1,curated,PMID: 22353464,NOTCH,TRUE,
Q61483,DLL1_HUMAN,Q04721,NOTC2_HUMAN,1,1,curated,PMID: 22353464,NOTCH,TRUE,
Q61483,DLL1_HUMAN,Q9UM47,NOTC3_HUMAN,1,1,curated,PMID: 22353464,NOTCH,TRUE,
Q61483,DLL1_HUMAN,Q99466,NOTC4_HUMAN,1,1,curated,PMID: 22353464,NOTCH,TRUE,
Q9NYJ7,DLL3_HUMAN,P46531,NOTC1_HUMAN,1,1,curated,PMID: 22353464,NOTCH,TRUE,
Q9NYJ7,DLL3_HUMAN,Q04721,NOTC2_HUMAN,1,1,curated,PMID: 22353464,NOTCH,TRUE,
Q9NYJ7,DLL3_HUMAN,Q9UM47,NOTC3_HUMAN,1,1,curated,PMID: 22353464,NOTCH,TRUE,
Q9NYJ7,DLL3_HUMAN,Q99466,NOTC4_HUMAN,1,1,curated,PMID: 22353464,NOTCH,TRUE,
Q9NR61,DLL4_HUMAN,P46531,NOTC1_HUMAN,1,1,curated,PMID: 22353464,NOTCH,TRUE,
Q9NR61,DLL4_HUMAN,Q04721,NOTC2_HUMAN,1,1,curated,PMID: 22353464,NOTCH,TRUE,
Q9NR61,DLL4_HUMAN,Q9UM47,NOTC3_HUMAN,1,1,curated,PMID: 22353464,NOTCH,TRUE,
Q9NR61,DLL4_HUMAN,Q99466,NOTC4_HUMAN,1,1,curated,PMID: 22353464,NOTCH,TRUE,
P29323,EPHB2_HUMAN,P52803,EFNA5_HUMAN,1,1,curated,PMID:15107857; PMID: 15114347,Eph-ephrin,,
P20827,EFNA1_HUMAN,P21709,EPHA1_HUMAN,1,1,curated,PMID: 15114347,Eph-ephrin,TRUE,
P20827,EFNA1_HUMAN,P29317,EPHA2_HUMAN,1,1,curated,PMID: 15114347,Eph-ephrin,TRUE,
P20827,EFNA1_HUMAN,P29320,EPHA3_HUMAN,1,1,curated,PMID: 15114347,Eph-ephrin,TRUE,
P20827,EFNA1_HUMAN,P54764,EPHA4_HUMAN,1,1,curated,PMID: 15114347,Eph-ephrin,TRUE,
P20827,EFNA1_HUMAN,P54756,EPHA5_HUMAN,1,1,curated,PMID: 15114347,Eph-ephrin,TRUE,
P20827,EFNA1_HUMAN,Q15375,EPHA7_HUMAN,1,1,curated,PMID: 15114347,Eph-ephrin,TRUE,
P20827,EFNA1_HUMAN,P29322,EPHA8_HUMAN,1,1,curated,PMID: 15114347,Eph-ephrin,TRUE,
O43921,EFNA2_HUMAN,P21709,EPHA1_HUMAN,1,1,curated,PMID: 15114347,Eph-ephrin,TRUE,
O43921,EFNA2_HUMAN,P29317,EPHA2_HUMAN,1,1,curated,PMID: 15114347,Eph-ephrin,TRUE,
O43921,EFNA2_HUMAN,P29320,EPHA3_HUMAN,1,1,curated,PMID: 15114347,Eph-ephrin,TRUE,
O43921,EFNA2_HUMAN,P54764,EPHA4_HUMAN,1,1,curated,PMID: 15114347,Eph-ephrin,TRUE,
O43921,EFNA2_HUMAN,P54756,EPHA5_HUMAN,1,1,curated,PMID: 15114347,Eph-ephrin,TRUE,
O43921,EFNA2_HUMAN,Q15375,EPHA7_HUMAN,1,1,curated,PMID: 15114347,Eph-ephrin,TRUE,
O43921,EFNA2_HUMAN,P29322,EPHA8_HUMAN,1,1,curated,PMID: 15114347,Eph-ephrin,TRUE,
P52797,EFNA3_HUMAN,P21709,EPHA1_HUMAN,1,1,curated,PMID: 15114347,Eph-ephrin,TRUE,
P52797,EFNA3_HUMAN,P29317,EPHA2_HUMAN,1,1,curated,PMID: 15114347,Eph-ephrin,TRUE,
P52797,EFNA3_HUMAN,P29320,EPHA3_HUMAN,1,1,curated,PMID: 15114347,Eph-ephrin,TRUE,
P52797,EFNA3_HUMAN,P54764,EPHA4_HUMAN,1,1,curated,PMID: 15114347,Eph-ephrin,TRUE,
P52797,EFNA3_HUMAN,P54756,EPHA5_HUMAN,1,1,curated,PMID: 15114347,Eph-ephrin,TRUE,
P52797,EFNA3_HUMAN,Q15375,EPHA7_HUMAN,1,1,curated,PMID: 15114347,Eph-ephrin,TRUE,
P52797,EFNA3_HUMAN,P29322,EPHA8_HUMAN,1,1,curated,PMID: 15114347,Eph-ephrin,TRUE,
P52798,EFNA4_HUMAN,P21709,EPHA1_HUMAN,1,1,curated,PMID: 15114347,Eph-ephrin,TRUE,
P52798,EFNA4_HUMAN,P29317,EPHA2_HUMAN,1,1,curated,PMID: 15114347,Eph-ephrin,TRUE,
P52798,EFNA4_HUMAN,P29320,EPHA3_HUMAN,1,1,curated,PMID: 15114347,Eph-ephrin,TRUE,
P52798,EFNA4_HUMAN,P54764,EPHA4_HUMAN,1,1,curated,PMID: 15114347,Eph-ephrin,TRUE,
P52798,EFNA4_HUMAN,P54756,EPHA5_HUMAN,1,1,curated,PMID: 15114347,Eph-ephrin,TRUE,
P52798,EFNA4_HUMAN,Q15375,EPHA7_HUMAN,1,1,curated,PMID: 15114347,Eph-ephrin,TRUE,
P52798,EFNA4_HUMAN,P29322,EPHA8_HUMAN,1,1,curated,PMID: 15114347,Eph-ephrin,TRUE,
P52803,EFNA5_HUMAN,P21709,EPHA1_HUMAN,1,1,curated,PMID: 15114347,Eph-ephrin,TRUE,
P52803,EFNA5_HUMAN,P29317,EPHA2_HUMAN,1,1,curated,PMID: 15114347,Eph-ephrin,TRUE,
P52803,EFNA5_HUMAN,P29320,EPHA3_HUMAN,1,1,curated,PMID: 15114347,Eph-ephrin,TRUE,
P52803,EFNA5_HUMAN,P54764,EPHA4_HUMAN,1,1,curated,PMID: 15114347,Eph-ephrin,TRUE,
P52803,EFNA5_HUMAN,P54756,EPHA5_HUMAN,1,1,curated,PMID: 15114347,Eph-ephrin,TRUE,
P52803,EFNA5_HUMAN,Q15375,EPHA7_HUMAN,1,1,curated,PMID: 15114347,Eph-ephrin,TRUE,
P52803,EFNA5_HUMAN,P29322,EPHA8_HUMAN,1,1,curated,PMID: 15114347,Eph-ephrin,TRUE,
P98172,EFNB1_HUMAN,P54762,EPHB1_HUMAN,1,1,curated,PMID: 15114347,Eph-ephrin,TRUE,
P98172,EFNB1_HUMAN,P29323,EPHB2_HUMAN,1,1,curated,PMID: 15114347,Eph-ephrin,TRUE,
P98172,EFNB1_HUMAN,P54753,EPHB3_HUMAN,1,1,curated,PMID: 15114347,Eph-ephrin,TRUE,
P98172,EFNB1_HUMAN,P54760,EPHB4_HUMAN,1,1,curated,PMID: 15114347,Eph-ephrin,TRUE,
P98172,EFNB1_HUMAN,O15197,EPHB6_HUMAN,1,1,curated,PMID: 15114347,Eph-ephrin,TRUE,
P98172,EFNB1_HUMAN,P54764,EPHA4_HUMAN,1,1,curated,PMID: 15114347,Eph-ephrin,TRUE,
P52799,EFNB2_HUMAN,P54762,EPHB1_HUMAN,1,1,curated,PMID: 15114347,Eph-ephrin,TRUE,
P52799,EFNB2_HUMAN,P29323,EPHB2_HUMAN,1,1,curated,PMID: 15114347,Eph-ephrin,TRUE,
P52799,EFNB2_HUMAN,P54753,EPHB3_HUMAN,1,1,curated,PMID: 15114347,Eph-ephrin,TRUE,
P52799,EFNB2_HUMAN,P54760,EPHB4_HUMAN,1,1,curated,PMID: 15114347,Eph-ephrin,TRUE,
P52799,EFNB2_HUMAN,O15197,EPHB6_HUMAN,1,1,curated,PMID: 15114347,Eph-ephrin,TRUE,
P52799,EFNB2_HUMAN,P54764,EPHA4_HUMAN,1,1,curated,PMID: 15114347,Eph-ephrin,TRUE,
Q15768,EFNB3_HUMAN,P54762,EPHB1_HUMAN,1,1,curated,PMID: 15114347,Eph-ephrin,TRUE,
Q15768,EFNB3_HUMAN,P29323,EPHB2_HUMAN,1,1,curated,PMID: 15114347,Eph-ephrin,TRUE,
Q15768,EFNB3_HUMAN,P54753,EPHB3_HUMAN,1,1,curated,PMID: 15114347,Eph-ephrin,TRUE,
Q15768,EFNB3_HUMAN,P54760,EPHB4_HUMAN,1,1,curated,PMID: 15114347,Eph-ephrin,TRUE,
Q15768,EFNB3_HUMAN,O15197,EPHB6_HUMAN,1,1,curated,PMID: 15114347,Eph-ephrin,TRUE,
Q15768,EFNB3_HUMAN,P54764,EPHA4_HUMAN,1,1,curated,PMID: 15114347,Eph-ephrin,TRUE,
P01375,TNFA_HUMAN,P19438,TNR1A_HUMAN,1,1,curated,uniprot,TNF,TRUE,
P01375,TNFA_HUMAN,P20333,TNR1B_HUMAN,1,1,curated,uniprot,TNF,TRUE,
P01374,TNFB_HUMAN,P19438,TNR1A_HUMAN,1,1,curated,uniprot,TNF,TRUE,
P01374,TNFB_HUMAN,P20333,TNR1B_HUMAN,1,1,curated,uniprot,TNF,TRUE,
P01374,TNFB_HUMAN,Q92956,TNR14_HUMAN,1,1,curated,uniprot,TNF,TRUE,
P32971,TNFL8_HUMAN,P28908,TNR8_HUMAN,1,1,curated,uniprot,TNF,TRUE,
Q06643,TNFC_HUMAN,P36941,TNR3_HUMAN,1,1,curated,uniprot,TNF,TRUE,
P48023,TNFL6_HUMAN,P25445,TNR6_HUMAN,1,1,curated,uniprot,TNF,TRUE,
P48023,TNFL6_HUMAN,O95407,TNF6B_HUMAN,1,1,curated,uniprot,TNF,TRUE,
O95150,TNF15_HUMAN,O95407,TNF6B_HUMAN,1,1,curated,uniprot,TNF,,
O75888,TNF13_HUMAN,O14836,TR13B_HUMAN,1,1,curated,uniprot,TNF,,
O75888,TNF13_HUMAN,Q02223,TNR17_HUMAN,1,1,curated,uniprot,TNF,,
Q9Y275,TN13B_HUMAN,O14836,TR13B_HUMAN,1,1,curated,uniprot,TNF,,
Q9Y275,TN13B_HUMAN,Q02223,TNR17_HUMAN,1,1,curated,uniprot,TNF,,
P50591,TNF10_HUMAN,O00220,TR10A_HUMAN,1,1,curated,uniprot,TNF,TRUE,
P50591,TNF10_HUMAN,O14763,TR10B_HUMAN,1,1,curated,uniprot,TNF,TRUE,
P50591,TNF10_HUMAN,O14798,TR10C_HUMAN,1,1,curated,uniprot,TNF,TRUE,
P50591,TNF10_HUMAN,Q9UBN6,TR10D_HUMAN,1,1,curated,uniprot,TNF,TRUE,
P50591,TNF10_HUMAN,O00300,TR11B_HUMAN,1,1,curated,uniprot,TNF,TRUE,
O14788,TNF11_HUMAN,O00300,TR11B_HUMAN,1,1,curated,uniprot,TNF,TRUE,
O14788,TNF11_HUMAN,Q9Y6Q6,TNR11_HUMAN,1,1,curated,uniprot,TNF,TRUE,
P41273,TNFL9_HUMAN,Q07011,TNR9_HUMAN,1,1,curated,uniprot,TNF,TRUE,
P43489,TNR4_HUMAN,P23510,TNFL4_HUMAN,1,1,curated,uniprot,TNF,TRUE,
O43557,TNF14_HUMAN,P36941,TNFRSF3,1,1,curated,uniprot,TNF,TRUE,
O43557,TNF14_HUMAN,O95407,TNFRSF6B,1,1,curated,uniprot,TNF,TRUE,
O43557,TNF14_HUMAN,O43557,TNFSF14,1,1,curated,uniprot,TNF,TRUE,
O43508,TNF12_HUMAN,Q9NP84,TNR12_HUMAN,1,1,curated,uniprot,TNF,,
O43508,TNF12_HUMAN,O43508,TNF12_HUMAN,1,1,curated,uniprot,TNF,TRUE,
Q9UNG2,TNF18_HUMAN,Q9Y5U5,TNR18_HUMAN,1,1,curated,uniprot,TNF,TRUE,
Q14627,I13R2_HUMAN,P35225,IL13_HUMAN,1,1,curated,PMID: 26471366,cytokine,TRUE,
P08069,IGF1R_HUMAN,P05019,IGF1_HUMAN,1,1,curated,uniprot,,TRUE,
P11717,MPRI_HUMAN,P01344,IGF2_HUMAN,1,1,curated,uniprot,,TRUE,
P08069,IGF1R_HUMAN,P01344,IGF2_HUMAN,1,1,curated,PMID: 27102148,,,
P06213,INSR_HUMAN,P01308,INS_HUMAN,1,1,curated,uniprot,,TRUE,
P14210,HGF_HUMAN,P08581,MET_HUMAN,1,1,curated,uniprot,,TRUE,
P26927,HGFL_HUMAN,Q04912,RON_HUMAN,1,1,curated,PMID: 23792360,,TRUE,
P05230,FGF1_HUMAN,P11362,FGFR1_HUMAN,1,1,curated,uniprot,,TRUE,
P05230,FGF1_HUMAN,aVb3 complex,,1,1,curated,uniprot,,,
P09038,FGF2_HUMAN,aVb3 complex,,1,1,curated,uniprot,,,
P09038,FGF2_HUMAN,P11362,FGFR1_HUMAN,1,1,curated,uniprot,,TRUE,
P09038,FGF2_HUMAN,P21802,FGFR2_HUMAN,1,1,curated,uniprot,,TRUE,
P09038,FGF2_HUMAN,P22607,FGFR3_HUMAN,1,1,curated,uniprot,,TRUE,
P09038,FGF2_HUMAN,P22455,FGFR4_HUMAN,1,1,curated,uniprot,,TRUE,
P01138,NGF_HUMAN,P04629,NTRK1_HUMAN,1,1,curated,uniprot,,TRUE,
P01138,NGF_HUMAN,P08138,TNR16_HUMAN,1,1,curated,uniprot,,TRUE,
P08138,TNR16_HUMAN,,NGF,1,1,curated,uniprot,,,
P08138,TNR16_HUMAN,P23560,BDNF_HUMAN,1,1,curated,uniprot,,TRUE,
P08138,TNR16_HUMAN,P20783,NTF3_HUMAN,1,1,curated,uniprot,,TRUE,
P08138,TNR16_HUMAN,P34130,NTF4_HUMAN,1,1,curated,uniprot,,,
Q16620,NTRK2_HUMAN,P23560,BDNF_HUMAN,1,1,curated,uniprot,,TRUE,
P04629,NTRK1_HUMAN,P20783,NTF3_HUMAN,1,1,curated,uniprot,,TRUE,
Q16620,NTRK2_HUMAN,P20783,NTF3_HUMAN,1,1,curated,uniprot,,TRUE,
Q16288,NTRK3_HUMAN,P20783,NTF3_HUMAN,1,1,curated,uniprot,,TRUE,
P40225,TPO_HUMAN,P40238,TPOR_HUMAN,1,1,curated,uniprot,,TRUE,
P19235,EPOR_HUMAN,P01588,EPO_HUMAN,1,1,curated,uniprot,,TRUE,
Q15389,ANGP1_HUMAN,Q02763,TIE2_HUMAN,1,1,curated,uniprot,,TRUE,
O15123,ANGP2_HUMAN,Q02763,TIE2_HUMAN,1,1,curated,uniprot,,,
Q9Y264,ANGP4_HUMAN,Q02763,TIE2_HUMAN,1,1,curated,uniprot,,,
P04085,PDGFA_HUMAN,P16234,PGFRA_HUMAN,1,1,curated,uniprot,,TRUE,
P01127,PDGFB_HUMAN,P16234,PGFRA_HUMAN,1,1,curated,uniprot,,TRUE,
Q9NRA1,PDGFC_HUMAN,P16234,PGFRA_HUMAN,1,1,curated,uniprot,,,
Q9GZP0,PDGFD_HUMAN,P09619,PGFRB_HUMAN,1,1,curated,uniprot,,,
P01127,PDGFB_HUMAN,P09619,PGFRB_HUMAN,1,1,curated,uniprot,,TRUE,
O14786,NRP1_HUMAN,Q14563,SEM3A_HUMAN,1,1,curated,uniprot,,,
O14786,NRP1_HUMAN,P49763,PLGF_HUMAN,1,1,curated,uniprot,,TRUE,
O14786,NRP1_HUMAN,P15692,VEGFA_HUMAN,1,1,curated,uniprot,,TRUE,
O14786,NRP1_HUMAN,P49765,VEGFB_HUMAN,1,1,curated,uniprot,,TRUE,
O60462,NRP2_HUMAN,Q99985,SEM3C_HUMAN,1,1,curated,uniprot,,,
O60462,NRP2_HUMAN,Q13275,SEM3F_HUMAN,1,1,curated,uniprot,,,
O60462,NRP2_HUMAN,P15692,VEGFA_HUMAN,1,1,curated,uniprot,,TRUE,
O60462,NRP2_HUMAN,P49763,PLGF_HUMAN,1,1,curated,uniprot,,,
P01133,EGF_HUMAN,P00533,EGFR_HUMAN,1,1,curated,uniprot,,TRUE,
P01135,TGFA_HUMAN,P00533,EGFR_HUMAN,1,1,curated,uniprot,,TRUE,
P15514,AREG_HUMAN,P00533,EGFR_HUMAN,1,1,curated,uniprot,,TRUE,
Q6UW88,EPGN_HUMAN,P00533,EGFR_HUMAN,1,1,curated,uniprot,,,
P35070,BTC_HUMAN,P00533,EGFR_HUMAN,1,1,curated,uniprot,,TRUE,
O14944,EREG_HUMAN,P00533,EGFR_HUMAN,1,1,curated,uniprot,,TRUE,
Q99075,HBEGF_HUMAN,P00533,EGFR_HUMAN,1,1,curated,uniprot,,TRUE,
P35070,BTC_HUMAN,Q15303,ERBB4_HUMAN,1,1,curated,uniprot,,TRUE,
P35070,BTC_HUMAN,P21860,ERBB3_HUMAN,1,1,curated,uniprot,,TRUE,
Q02297,NRG1_HUMAN,Q15303,ERBB4_HUMAN,1,1,curated,uniprot,,TRUE,
O14511,NRG2_HUMAN,Q15303,ERBB4_HUMAN,1,1,curated,uniprot,,,
P56975,NRG3_HUMAN,Q15303,ERBB4_HUMAN,1,1,curated,uniprot,,,
Q8WWG1,NRG4_HUMAN,Q15303,ERBB4_HUMAN,1,1,curated,uniprot,,,
O14944,EREG_HUMAN,Q15303,ERBB4_HUMAN,1,1,curated,uniprot,,TRUE,
Q99075,HBEGF_HUMAN,Q15303,ERBB4_HUMAN,1,1,curated,uniprot,,TRUE,
Q02297,NRG1_HUMAN,P21860,ERBB3_HUMAN,1,1,curated,uniprot,,TRUE,
O14511,NRG2_HUMAN,P21860,ERBB3_HUMAN,1,1,curated,uniprot,,,
IL11 receptor,,P20809,IL11_HUMAN,1,1,curated,uniprot,cytokine,TRUE,
P09919,CSF3_HUMAN,Q99062,CSF3R_HUMAN,1,1,curated,uniprot,,TRUE,
P48357,LEPR_HUMAN,P41159,LEP_HUMAN,1,1,curated,uniprot,,TRUE,
P21583,SCF_HUMAN,P10721,KIT_HUMAN,1,1,curated,uniprot,,TRUE,
P49771,FLT3L_HUMAN,P36888,FLT3_HUMAN,1,1,curated,uniprot,,TRUE,
P07333,CSF1R_HUMAN,P09603,CSF1_HUMAN,1,1,curated,uniprot,,TRUE,
P07333,CSF1R_HUMAN,Q6ZMJ4,IL34_HUMAN,1,1,curated,uniprot,,,
P21741,MK_HUMAN,Q9UM73,ALK_HUMAN,1,1,curated,uniprot,,,
P21741,MK_HUMAN,P23471,PTPRZ_HUMAN,1,1,curated,PMID: 10212223,,TRUE,
P21246,PTN_HUMAN,Q9UM73,ALK_HUMAN,1,1,curated,uniprot,,,
P21246,PTN_HUMAN,P23471,PTPRZ_HUMAN,1,1,curated,PMID: 25644401,,TRUE,
TGFbeta receptor1,,P01137,TGFB1_HUMAN,1,1,curated,uniprot,TGF family,TRUE,
TGFbeta receptor1,,P61812,TGFB2_HUMAN,1,1,curated,uniprot,TGF family,TRUE,
TGFbeta receptor1,,P10600,TGFB3_HUMAN,1,1,curated,uniprot,TGF family,TRUE,
Q03167,TGBR3_HUMAN,P01137,TGFB1_HUMAN,1,1,curated,uniprot,TGF family,TRUE,
Q03167,TGBR3_HUMAN,P61812,TGFB2_HUMAN,1,1,curated,uniprot,TGF family,TRUE,
Q03167,TGBR3_HUMAN,P10600,TGFB3_HUMAN,1,1,curated,uniprot,TGF family,TRUE,
TGFbeta receptor2,,P01137,TGFB1_HUMAN,1,1,curated,uniprot,TGF family,,
TGFbeta receptor2,,P61812,TGFB2_HUMAN,1,1,curated,uniprot,TGF family,,
TGFbeta receptor2,,P10600,TGFB3_HUMAN,1,1,curated,uniprot,TGF family,,
ACVR_1B2B receptor,,P08476,INHBA_HUMAN,1,1,curated,PMID: 22710174 & rndsystem webpage; PMID: 22991378,TGF family,,
ACVR_1B2A receptor,,P08476,INHBA_HUMAN,1,1,curated,PMID: 22710174 & rndsystem webpage; PMID: 22991378,TGF family,,
ACVR_1A2A receptor,,P08476,INHBA_HUMAN,1,1,curated,less common binding; PMID: 22710174; PMID: 22991378  & rndsystem webpage,TGF family,,
ACVR_1C2A receptor,,P08476,INHBA_HUMAN,1,1,curated,PMID: 22710174 & rndsystem webpage; PMID: 22991378,TGF family,,
ACVR_1C2B receptor,,P08476,INHBA_HUMAN,1,1,curated,PMID: 22710174 & rndsystem webpage; PMID: 22991378,TGF family,,
ACVR_1A2B receptor,,P08476,INHBA_HUMAN,1,1,curated,less common binding; PMID: 22710174; PMID: 22991378  & rndsystem webpage,TGF family,,
ACVR_1B2B receptor,,P09529,INHBB_HUMAN,1,1,curated,PMID: 22710174 & rndsystem webpage; PMID: 22991378,TGF family,,
ACVR_1B2A receptor,,P09529,INHBB_HUMAN,1,1,curated,PMID: 22710174 & rndsystem webpage; PMID: 22991378,TGF family,,
ACVR_1A2A receptor,,P09529,INHBB_HUMAN,1,1,curated,less common binding; PMID: 22710174; PMID: 22991378  & rndsystem webpage,TGF family,,
ACVR_1C2A receptor,,P09529,INHBB_HUMAN,1,1,curated,PMID: 22710174 & rndsystem webpage; PMID: 22991378,TGF family,,
ACVR_1C2B receptor,,P09529,INHBB_HUMAN,1,1,curated,PMID: 22710174 & rndsystem webpage; PMID: 22991378,TGF family,,
ACVR_1A2B receptor,,P09529,INHBB_HUMAN,1,1,curated,less common binding; PMID: 22710174; PMID: 22991378  & rndsystem webpage,TGF family,,
ACVR_1B2B receptor,,Activin ligand ab,,1,1,curated,PMID: 22710174 & rndsystem webpage; PMID: 22991378,TGF family,,
ACVR_1B2A receptor,,Activin ligand ab,,1,1,curated,PMID: 22710174 & rndsystem webpage; PMID: 22991378,TGF family,,
ACVR_1A2A receptor,,Activin ligand ab,,1,1,curated,less common binding; PMID: 22710174; PMID: 22991378  & rndsystem webpage,TGF family,,
ACVR_1C2A receptor,,Activin ligand ab,,1,1,curated,PMID: 22710174 & rndsystem webpage; PMID: 22991378,TGF family,,
ACVR_1C2B receptor,,Activin ligand ab,,1,1,curated,PMID: 22710174 & rndsystem webpage; PMID: 22991378,TGF family,,
ACVR_1A2B receptor,,Activin ligand ab,,1,1,curated,less common binding; PMID: 22710174; PMID: 22991378  & rndsystem webpage,TGF family,,
Q13705,AVR2B_HUMAN,P55103,INHBC_HUMAN,1,1,curated,PMID: 22710174,TGF family,,
P27037,AVR2A_HUMAN,P55103,INHBC_HUMAN,1,1,curated,PMID: 22710174,TGF family,,
Q13705,AVR2B_HUMAN,P58166,INHBE_HUMAN,1,1,curated,PMID: 22710174,TGF family,,
P27037,AVR2A_HUMAN,P58166,INHBE_HUMAN,1,1,curated,PMID: 22710174,TGF family,,
P12643,BMP2_HUMAN,BMPR1A_BMPR2,,1,1,curated,PMID: 22710174,TGF family,,
P12644,BMP4_HUMAN,BMPR1A_BMPR2,,1,1,curated,PMID: 22710174,TGF family,,
P12643,BMP2_HUMAN,BMR1A_ACR2A,,1,1,curated,PMID: 22710174,TGF family,,
P12644,BMP4_HUMAN,BMR1A_ACR2A,,1,1,curated,PMID: 22710174,TGF family,,
P12643,BMP2_HUMAN,BMR1A_AVR2B,,1,1,curated,PMID: 22710174,TGF family,,
P12644,BMP4_HUMAN,BMR1A_AVR2B,,1,1,curated,PMID: 22710174,TGF family,,
P12643,BMP2_HUMAN,BMPR1B_BMPR2,,1,1,curated,PMID: 22710174,TGF family,,
P12644,BMP4_HUMAN,BMPR1B_BMPR2,,1,1,curated,PMID: 22710174,TGF family,,
P12643,BMP2_HUMAN,BMR1B_AVR2A,,1,1,curated,PMID: 22710174,TGF family,,
P12644,BMP4_HUMAN,BMR1B_AVR2A,,1,1,curated,PMID: 22710174,TGF family,,
P12643,BMP2_HUMAN,BMR1B_AVR2B,,1,1,curated,PMID: 22710174,TGF family,,
P12644,BMP4_HUMAN,BMR1B_AVR2B,,1,1,curated,PMID: 22710174,TGF family,,
P04083,ANXA1_HUMAN,P25090,FPR2_HUMAN,1,1,curated,PMID: 22610094,,,
P05014,IFNA4_HUMAN,Type I IFNR,,1,1,curated,uniprot,,,
P01569,IFNA5_HUMAN,Type I IFNR,,1,1,curated,uniprot,,,
P05015,IFN16_HUMAN,Type I IFNR,,1,1,curated,uniprot,,,
P32881,IFNA8_HUMAN,Type I IFNR,,1,1,curated,uniprot,,,
P01570,IFN14_HUMAN,Type I IFNR,,1,1,curated,uniprot,,,
P01568,IFN21_HUMAN,Type I IFNR,,1,1,curated,uniprot,,,
P05013,IFNA6_HUMAN,Type I IFNR,,1,1,curated,uniprot,,,
P01567,IFNA7_HUMAN,Type I IFNR,,1,1,curated,uniprot,,,
P01566,IFN10_HUMAN,Type I IFNR,,1,1,curated,uniprot,,,
P01571,IFN17_HUMAN,Type I IFNR,,1,1,curated,uniprot,,,
P22003,BMP5_HUMAN,BMPR1A_BMPR2,,1,1,curated,PMID: 22710174,TGF family,,
P22004,BMP6_HUMAN,BMPR1A_BMPR2,,1,1,curated,PMID: 22710174,TGF family,,
P18075,BMP7_HUMAN,BMPR1A_BMPR2,,1,1,curated,PMID: 22710174,TGF family,,
Q7Z5Y6,BMP8A_HUMAN,BMPR1A_BMPR2,,1,1,curated,PMID: 22710174,TGF family,,
P22003,BMP5_HUMAN,BMR1A_ACR2A,,1,1,curated,PMID: 22710174,TGF family,,
P22004,BMP6_HUMAN,BMR1A_ACR2A,,1,1,curated,PMID: 22710174,TGF family,,
P18075,BMP7_HUMAN,BMR1A_ACR2A,,1,1,curated,PMID: 22710174,TGF family,,
Q7Z5Y6,BMP8A_HUMAN,BMR1A_ACR2A,,1,1,curated,PMID: 22710174,TGF family,,
P22003,BMP5_HUMAN,BMR1A_AVR2B,,1,1,curated,PMID: 22710174,TGF family,,
P22004,BMP6_HUMAN,BMR1A_AVR2B,,1,1,curated,PMID: 22710174,TGF family,,
P18075,BMP7_HUMAN,BMR1A_AVR2B,,1,1,curated,PMID: 22710174,TGF family,,
Q7Z5Y6,BMP8A_HUMAN,BMR1A_AVR2B,,1,1,curated,PMID: 22710174,TGF family,,
P22003,BMP5_HUMAN,BMPR1B_BMPR2,,1,1,curated,PMID: 22710174,TGF family,,
P22004,BMP6_HUMAN,BMPR1B_BMPR2,,1,1,curated,PMID: 22710174,TGF family,,
P18075,BMP7_HUMAN,BMPR1B_BMPR2,,1,1,curated,PMID: 22710174,TGF family,,
Q7Z5Y6,BMP8A_HUMAN,BMPR1B_BMPR2,,1,1,curated,PMID: 22710174,TGF family,,
P22003,BMP5_HUMAN,BMR1B_AVR2A,,1,1,curated,PMID: 22710174,TGF family,,
P22004,BMP6_HUMAN,BMR1B_AVR2A,,1,1,curated,PMID: 22710174,TGF family,,
P18075,BMP7_HUMAN,BMR1B_AVR2A,,1,1,curated,PMID: 22710174,TGF family,,
Q7Z5Y6,BMP8A_HUMAN,BMR1B_AVR2A,,1,1,curated,PMID: 22710174,TGF family,,
P22003,BMP5_HUMAN,BMR1B_AVR2B,,1,1,curated,PMID: 22710174,TGF family,,
P22004,BMP6_HUMAN,BMR1B_AVR2B,,1,1,curated,PMID: 22710174,TGF family,,
P18075,BMP7_HUMAN,BMR1B_AVR2B,,1,1,curated,PMID: 22710174,TGF family,,
Q7Z5Y6,BMP8A_HUMAN,BMR1B_AVR2B,,1,1,curated,PMID: 22710174,TGF family,,
P22003,BMP5_HUMAN,ACVR1_BMPR2,,1,1,curated,PMID: 22710174,TGF family,,
P22004,BMP6_HUMAN,ACVR1_BMPR2,,1,1,curated,PMID: 22710174,TGF family,,
P18075,BMP7_HUMAN,ACVR1_BMPR2,,1,1,curated,PMID: 22710174,TGF family,,
Q7Z5Y6,BMP8A_HUMAN,ACVR1_BMPR2,,1,1,curated,PMID: 22710174,TGF family,,
P22003,BMP5_HUMAN,ACVR_1A2B receptor,,1,1,curated,PMID: 22710174,TGF family,,
P22004,BMP6_HUMAN,ACVR_1A2B receptor,,1,1,curated,PMID: 22710174,TGF family,,
P18075,BMP7_HUMAN,ACVR_1A2B receptor,,1,1,curated,PMID: 22710174,TGF family,,
Q7Z5Y6,BMP8A_HUMAN,ACVR_1A2B receptor,,1,1,curated,PMID: 22710174,TGF family,,
P22003,BMP5_HUMAN,ACVR_1A2A receptor,,1,1,curated,PMID: 22710174,TGF family,,
P22004,BMP6_HUMAN,ACVR_1A2A receptor,,1,1,curated,PMID: 22710174,TGF family,,
P18075,BMP7_HUMAN,ACVR_1A2A receptor,,1,1,curated,PMID: 22710174,TGF family,,
Q7Z5Y6,BMP8A_HUMAN,ACVR_1A2A receptor,,1,1,curated,PMID: 22710174,TGF family,,
P43026,GDF5_HUMAN,BMPR1A_BMPR2,,1,1,curated,PMID: 22710174,TGF family,,
Q6KF10,GDF6_HUMAN,BMPR1A_BMPR2,,1,1,curated,PMID: 22710174,TGF family,,
Q7Z4P5,GDF7_HUMAN,BMPR1A_BMPR2,,1,1,curated,PMID: 22710174,TGF family,,
P43026,GDF5_HUMAN,BMR1A_ACR2A,,1,1,curated,PMID: 22710174,TGF family,,
Q6KF10,GDF6_HUMAN,BMR1A_ACR2A,,1,1,curated,PMID: 22710174,TGF family,,
Q7Z4P5,GDF7_HUMAN,BMR1A_ACR2A,,1,1,curated,PMID: 22710174,TGF family,,
P43026,GDF5_HUMAN,BMR1A_AVR2B,,1,1,curated,PMID: 22710174,TGF family,,
Q6KF10,GDF6_HUMAN,BMR1A_AVR2B,,1,1,curated,PMID: 22710174,TGF family,,
Q7Z4P5,GDF7_HUMAN,BMR1A_AVR2B,,1,1,curated,PMID: 22710174,TGF family,,
P43026,GDF5_HUMAN,BMPR1B_BMPR2,,1,1,curated,PMID: 22710174,TGF family,,
Q6KF10,GDF6_HUMAN,BMPR1B_BMPR2,,1,1,curated,PMID: 22710174,TGF family,,
Q7Z4P5,GDF7_HUMAN,BMPR1B_BMPR2,,1,1,curated,PMID: 22710174,TGF family,,
P43026,GDF5_HUMAN,BMR1B_AVR2A,,1,1,curated,PMID: 22710174,TGF family,,
Q6KF10,GDF6_HUMAN,BMR1B_AVR2A,,1,1,curated,PMID: 22710174,TGF family,,
Q7Z4P5,GDF7_HUMAN,BMR1B_AVR2A,,1,1,curated,PMID: 22710174,TGF family,,
P43026,GDF5_HUMAN,BMR1B_AVR2B,,1,1,curated,PMID: 22710174,TGF family,,
Q6KF10,GDF6_HUMAN,BMR1B_AVR2B,,1,1,curated,PMID: 22710174,TGF family,,
Q7Z4P5,GDF7_HUMAN,BMR1B_AVR2B,,1,1,curated,PMID: 22710174,TGF family,,
Q9UK05,GDF2_HUMAN,ACVL1_BMPR2,,1,1,curated,PMID: 22710174,TGF family,,
O95393,BMP10_HUMAN,ACVL1_BMPR2,,1,1,curated,PMID: 22710174,TGF family,,
P27539,GDF1_HUMAN,ACVR_1B2B receptor,,1,1,curated,PMID: 22710174,TGF family,,
Q9NR23,GDF3_HUMAN,ACVR_1B2B receptor,,1,1,curated,PMID: 22710174,TGF family,,
P12645,BMP3_HUMAN,ACVR_1B2A receptor,,1,1,curated,PMID: 22710174,TGF family,,
P55107,GDF10_HUMAN,ACVR_1B2B receptor,,1,1,curated,PMID: 22710174,TGF family,,
Q96S42,NODAL_HUMAN,NODAL receptor,,1,1,curated,PMID: 22710174,TGF family,,
O95972,BMP15_HUMAN,BMPR1B_BMPR2,,1,1,curated,PMID: 22710174,TGF family,,
O60383,GDF9_HUMAN,TGFR_BMPR2,,1,1,curated,PMID: 22710174,TGF family,,
O95390,GDF11_HUMAN,ACVR_1B2B receptor,,1,1,curated,PMID: 22710174,TGF family,,
O95390,GDF11_HUMAN,ACVR_1B2A receptor,,1,1,curated,PMID: 22710174,TGF family,,
O95390,GDF11_HUMAN,TGFR_AVR2A,,1,1,curated,PMID: 22710174,TGF family,,
O95390,GDF11_HUMAN,TGFR_AVR2B,,1,1,curated,PMID: 22710174,TGF family,,
O14793,GDF8_HUMAN,ACVR_1B2B receptor,,1,1,curated,PMID: 22710174,TGF family,,
O14793,GDF8_HUMAN,ACVR_1B2A receptor,,1,1,curated,PMID: 22710174,TGF family,,
O14793,GDF8_HUMAN,TGFR_AVR2A,,1,1,curated,PMID: 22710174,TGF family,,
O14793,GDF8_HUMAN,TGFR_AVR2B,,1,1,curated,PMID: 22710174,TGF family,,
P03971,MIS_HUMAN,MIS receptor 1,,1,1,curated,PMID: 22710174,TGF family,,
P03971,MIS_HUMAN,MIS receptor 2,,1,1,curated,PMID: 22710174,TGF family,,
P03971,MIS_HUMAN,MIS receptor 3,,1,1,curated,PMID: 22710174,TGF family,,
O75610,LFTY1_HUMAN,P13385,TDGF1_HUMAN,1,1,curated,PMID: 22710174,TGF family,,
O00292,LFTY2_HUMAN,P13385,TDGF1_HUMAN,1,1,curated,PMID: 22710174,TGF family,,
P39905,GDNF_HUMAN,RET receptor,,1,1,curated,uniprot,TGF family,,
Q99748,NRTN_HUMAN,RET receptor 2,,1,1,curated,uniprot,TGF family,,
Q5T4W7,ARTN_HUMAN,RET receptor,,1,1,curated,uniprot,TGF family,,
Q5T4W7,ARTN_HUMAN,RET receptor 3,,1,1,curated,uniprot,TGF family,,
O60542,PSPN_HUMAN,RET receptor 4,,1,1,curated,uniprot,TGF family,,
Q9UBD3,XCL2_HUMAN,P46094,XCR1_HUMAN,1,1,curated,uniprot,,TRUE,
P10147,CCL3_HUMAN,P51681,CCR5_HUMAN,1,1,curated,PMID: 15251452,,TRUE,
Q16663,CCL15_HUMAN,P32246,CCR1_HUMAN,1,1,curated,uniprot,,TRUE,
Q16663,CCL15_HUMAN,P51677,CCR3_HUMAN,1,1,curated,uniprot,,TRUE,
P13501,CCL5_HUMAN,P51679,CCR4_HUMAN,1,1,curated,PMID: 24218476,,TRUE,
P13501,CCL5_HUMAN,P51681,CCR5_HUMAN,1,1,curated,PMID: 24218476,,TRUE,
P80075,CCL8_HUMAN,P51677,CCR3_HUMAN,1,1,curated,PMID: 24218476,,TRUE,
P80075,CCL8_HUMAN,P51681,CCR5_HUMAN,1,1,curated,PMID: 24218476,,TRUE,
P80098,CCL7_HUMAN,P51681,CCR5_HUMAN,1,1,curated,PMID: 24218476,,TRUE,